/*
Navicat Oracle Data Transfer
Oracle Client Version : 12.1.0.2.0

Source Server         : 192.168.3.198_oracle_C##wosai
Source Server Version : 120100
Source Host           : 192.168.3.198:1521
Source Schema         : C##WOSAI

Target Server Type    : MYSQL
Target Server Version : 50699
File Encoding         : 65001

Date: 2017-06-28 21:17:39
*/


-- ----------------------------
-- Table structure for APP_DAILY_INSPECT
-- ----------------------------
DROP TABLE IF EXISTS `app_daily_inspect`;
CREATE TABLE `app_daily_inspect` (
`id`  decimal(65,30) NULL ,
`menu_id`  decimal(65,30) NULL ,
`device_id`  decimal(65,30) NULL ,
`fault_code`  varchar(32) NULL ,
`remark`  text NULL ,
`create_time`  datetime(7) NULL 
)

;

-- ----------------------------
-- Records of APP_DAILY_INSPECT
-- ----------------------------
BEGIN;
INSERT INTO `app_daily_inspect` VALUES ('262', '4', '241', 'fault_1', null, '2017-05-27 17:27:02'), ('322', '7', '341', 'fault_3', null, '2017-06-20 15:28:30'), ('241', '2', '286', 'fault_2', 'hhh', '2017-05-17 14:04:52'), ('242', '6', '285', '1', '纱网漏灰', '2017-05-17 14:21:51'), ('261', '4', '327', '1', '纱网漏灰', '2017-05-26 18:03:07'), ('263', '6', '282', null, null, '2017-05-27 17:18:09'), ('302', '7', '341', 'fault_3', null, '2017-06-10 14:17:46'), ('341', '7', '341', null, null, '2017-06-26 17:38:49'), ('207', '2', '247', 'fault_2', 'hhh', '2017-05-03 18:14:09'), ('208', '2', '282', 'fault_2', 'hhh', '2017-05-04 18:18:34'), ('301', '7', '341', 'fault_3', null, '2017-06-09 14:58:36'), ('221', '2', '247', 'fault_2', 'hhh', '2017-05-11 14:50:43'), ('222', '2', '286', 'fault_2', 'hhh', '2017-05-11 14:53:07'), ('281', '4', '327', 'fault_3', null, '2017-06-05 14:49:04'), ('321', '16', '326', null, null, '2017-06-19 09:04:47');
COMMIT;

-- ----------------------------
-- Table structure for APP_DAILY_INSPECT_FAULT
-- ----------------------------
DROP TABLE IF EXISTS `app_daily_inspect_fault`;
CREATE TABLE `app_daily_inspect_fault` (
`id`  decimal(65,30) NOT NULL ,
`menuid`  decimal(65,30) NULL ,
`code`  varchar(32) NULL ,
`name`  varchar(128) NULL ,
PRIMARY KEY (`id`)
)

;

-- ----------------------------
-- Records of APP_DAILY_INSPECT_FAULT
-- ----------------------------
BEGIN;
INSERT INTO `app_daily_inspect_fault` VALUES ('1', '2', 'fault_1', '故障类型1'), ('2', '2', 'fault_2', '故障类型2'), ('3', '2', 'fault_3', '故障类型3');
COMMIT;

-- ----------------------------
-- Table structure for APP_REPAIR_WORK
-- ----------------------------
DROP TABLE IF EXISTS `app_repair_work`;
CREATE TABLE `app_repair_work` (
`id`  decimal(65,30) NULL ,
`code`  varchar(32) NULL ,
`device_id`  decimal(65,30) NULL ,
`sponsor_user_id`  decimal(65,30) NULL ,
`handle_user_id`  decimal(65,30) NULL ,
`solve_user_id`  decimal(65,30) NULL ,
`remark`  varchar(32) NULL ,
`img1`  varchar(128) NULL ,
`img2`  varchar(128) NULL ,
`img3`  varchar(128) NULL ,
`img4`  varchar(128) NULL ,
`status`  decimal(65,30) NULL ,
`create_time`  datetime(7) NULL ,
`update_time`  datetime(7) NULL ,
`expire_time`  datetime(7) NULL 
)

;

-- ----------------------------
-- Records of APP_REPAIR_WORK
-- ----------------------------
BEGIN;
INSERT INTO `app_repair_work` VALUES ('277', 'work_20170527102148198_8936', '327', '2', '2', null, 'jjkk', null, null, null, null, '1', '2017-06-27 10:21:48', null, null), ('278', 'work_20170527102221267_6434', '282', '2', '2', null, 'jjkk', null, null, null, null, '1', '2017-06-27 10:22:21', null, null), ('279', 'work_20170527104155847_5301', '327', '2', '2', null, 'jjkk', null, null, null, null, '1', '2017-05-27 10:41:55', null, null), ('280', 'work_20170527104215317_9749', '282', '2', null, '2', 'jjkk', null, null, null, null, '3', '2017-05-27 10:42:15', '2017-06-26 17:44:03', null), ('322', 'work_20170620152414178_3394', '341', '2', null, null, '322222', 'image/repairWork/20170620152414_55930_blob.jpg', null, null, null, '1', '2017-06-20 15:24:14', null, null), ('222', 'work_20170512150231532_8306', '247', '2', null, null, 'remark~~', null, null, null, null, '1', '2017-05-12 15:02:31', null, null), ('201', 'work_20170505155701381_8804', '247', '2', '13', '2', 'remark~~', null, null, null, null, '3', '2017-05-05 16:05:51', '2017-05-05 17:06:17', null), ('202', 'work_20170505160551946_9844', '247', '2', null, null, 'remark~~', null, null, null, null, '1', '2017-05-05 16:05:51', null, null), ('203', 'work_20170505170841_6632', '247', '2', null, null, 'remark~~', null, null, null, null, '1', '2017-05-05 17:08:41', null, null), ('204', 'work_20170505171025338_8248', '247', '2', '13', '2', 'remark~~', null, null, null, null, '3', '2017-05-05 17:10:25', '2017-05-05 17:12:46', null), ('241', 'work_20170522104822639_2414', '247', '2', '13', null, 'remark~~', null, null, null, null, '1', '2017-05-22 10:48:22', '2017-05-23 14:09:15', null), ('261', 'work_20170526112707975_2999', '111', '2', null, null, 'eeee', 'image/repairWork/20170526112707_56845_blob', 'image/repairWork/20170526112707_64940_blob', null, null, '1', '2017-05-26 11:27:07', null, null), ('205', 'work_20170505174835226_2859', '247', '2', '13', '2', 'remark~~', 'image/repairWork/20170505174835_73085_动态风机.gif', 'image/repairWork/20170505174835_62818_动态-红外.gif', 'image/repairWork/20170505174835_86924_动态火警.gif', 'image/repairWork/20170505174835_52999_动态-喇叭.gif', '3', '2017-05-05 17:48:35', '2017-05-23 12:27:59', null), ('206', 'work_20170505174920805_1924', '247', '2', null, '2', 'remark~~', 'image/repairWork/20170505174920_91686_动态风机.gif', 'image/repairWork/20170505174920_98751_动态-红外.gif', 'image/repairWork/20170505174920_57007_动态火警.gif', 'image/repairWork/20170505174920_55674_动态-喇叭.gif', '3', '2017-05-05 17:49:20', '2017-05-22 15:03:20', null), ('321', 'work_20170619090115043_7669', null, '2', '2', null, null, null, null, null, null, '1', '2017-06-19 09:01:15', '2017-06-19 09:05:15', null), ('341', 'work_20170622153653938_8702', null, '2', null, null, null, null, null, null, null, '1', '2017-06-22 15:36:53', null, null), ('262', 'work_20170526113248277_1288', '111', '2', null, null, 'eeee', 'image/repairWork/20170526113248_47517_blob', 'image/repairWork/20170526113248_73911_blob', null, null, '1', '2017-05-26 11:32:48', null, null), ('263', 'work_20170526113508613_2149', '111', '2', '2', null, 'eeee', 'image/repairWork/20170526113508_16314_blob', 'image/repairWork/20170526113508_46298_blob', null, null, '1', '2017-05-26 11:35:08', null, null), ('264', 'work_20170526114845261_3707', '111', '2', null, null, 'eeee', 'image/repairWork/20170526113748_44258_blob', 'image/repairWork/20170526114843_37052_blob', null, null, '1', '2017-05-26 11:48:45', null, null), ('265', 'work_20170526115146595_1786', '111', '2', null, null, null, 'image/repairWork/20170526115057_99267_blob.jpg', null, null, null, '1', '2017-05-26 11:51:46', null, null), ('266', 'work_20170526115912103_5260', '111', '2', '2', null, 'jjjjj', 'image/repairWork/20170526115904_42120_blob.jpg', 'image/repairWork/20170526115912_90595_blob.jpg', null, 'image/repairWork/20170526115912_60199_blob.jpg', '1', '2017-05-26 11:59:12', null, null), ('267', 'work_20170526120220754_5918', '111', '2', null, null, 'ppppp', 'image/repairWork/20170526120220_27367_blob.jpg', 'image/repairWork/20170526120220_39185_blob.jpg', null, null, '1', '2017-05-26 12:02:20', null, null), ('268', 'work_20170526120608995_7815', '111', '2', null, null, 'cccc', 'image/repairWork/20170526120608_22658_blob.jpg', 'image/repairWork/20170526120608_11082_blob.jpg', null, 'image/repairWork/20170526120608_14629_blob.jpg', '1', '2017-05-26 12:06:08', null, null), ('269', 'work_20170526120656220_3049', '111', '2', null, null, null, null, null, null, null, '1', '2017-05-26 12:06:56', null, null), ('270', 'work_20170526120801342_6301', '111', '2', null, null, null, null, null, null, null, '2', '2017-05-26 12:08:01', '2017-05-26 15:20:35', null), ('271', 'work_20170526120803153_5515', '111', '2', null, '2', null, null, null, null, null, '3', '2017-05-26 12:08:03', '2017-05-26 18:17:59', null), ('272', 'work_20170526120810003_7118', '111', '2', null, null, null, null, null, null, null, '2', '2017-05-26 12:08:10', '2017-05-26 15:09:42', null), ('273', 'work_20170526120929802_3833', '111', '2', null, '2', null, null, null, null, null, '3', '2017-05-26 12:09:29', '2017-05-26 15:15:25', null), ('274', 'work_20170526120943743_7950', '111', '2', null, '2', null, null, null, null, null, '3', '2017-05-26 12:09:43', '2017-05-27 12:03:19', null), ('282', 'work_20170527113202629_7359', '327', '2', null, null, '测试222', 'image/repairWork/20170527113202_55176_blob.jpg', null, null, 'image/repairWork/20170527113202_70647_blob.jpg', '1', '2017-05-27 11:32:02', null, null), ('283', 'work_20170527113823686_2057', null, '2', null, null, '11', null, null, null, null, '1', '2017-05-27 11:38:23', null, null), ('284', 'work_20170527114328429_4049', null, '2', null, null, '22', null, null, null, null, '1', '2017-05-27 11:43:28', null, null), ('285', 'work_20170527114354410_8377', null, '2', null, null, '33', null, null, null, null, '1', '2017-05-27 11:43:54', null, null), ('286', 'work_20170527114439537_7473', null, '2', null, null, '44', null, null, null, null, '1', '2017-05-27 11:44:39', null, null), ('287', 'work_20170527114524078_3777', null, '2', null, null, '55', null, null, null, null, '1', '2017-05-27 11:45:24', null, null), ('288', 'work_20170527114838610_4591', null, '2', null, null, '66', null, null, null, null, '1', '2017-05-27 11:48:38', null, null), ('289', 'work_20170527114949677_6815', null, '2', null, null, '77', null, null, null, null, '1', '2017-05-27 11:49:49', null, null), ('290', 'work_20170527115124811_2502', null, '2', null, null, '88', null, null, null, null, '1', '2017-05-27 11:51:24', null, null), ('291', 'work_20170527115146376_2610', null, '2', null, null, '99', null, null, null, null, '1', '2017-05-27 11:51:46', '2017-05-27 12:03:49', null), ('292', 'work_20170527120528132_7571', null, '2', null, null, '11', null, null, null, null, '1', '2017-05-27 12:05:28', null, null), ('293', 'work_20170527120532505_2627', '247', '2', '2', null, '22', null, null, null, null, '1', '2017-05-27 12:05:32', '2017-06-09 11:13:40', null), ('294', 'work_20170527120541165_1012', '247', '2', '2', '2', '13', null, null, null, null, '3', '2017-05-27 12:05:41', '2017-05-31 10:29:33', null), ('295', 'work_20170527120558814_4994', '247', '2', '2', '2', '15', null, null, null, null, '3', '2017-05-27 12:05:58', '2017-05-27 17:58:57', null), ('296', 'work_20170527121225625_9081', '247', '2', '2', '2', '16', null, null, null, null, '3', '2017-05-27 12:12:25', '2017-05-27 17:37:54', null), ('297', 'work_20170527121238373_6850', '247', '2', '2', '2', '17', null, null, null, null, '3', '2017-05-27 12:12:38', '2017-05-27 17:36:53', null), ('298', 'work_20170527122033968_3619', '327', '2', null, '2', '18', null, null, null, null, '3', '2017-05-27 12:20:33', '2017-05-27 12:21:03', null), ('361', 'work_20170626170231151_6963', null, '2', '2', '2', null, null, null, null, null, '3', '2017-06-26 17:02:31', '2017-06-26 17:44:08', null);
COMMIT;

-- ----------------------------
-- Table structure for APP_REPAIR_WORK_LOG
-- ----------------------------
DROP TABLE IF EXISTS `app_repair_work_log`;
CREATE TABLE `app_repair_work_log` (
`id`  decimal(65,30) NOT NULL ,
`work_code`  varchar(32) NULL ,
`work_status`  decimal(65,30) NULL ,
`operator_id`  decimal(65,30) NULL ,
`create_time`  datetime(7) NULL ,
`work_handle_user_id`  decimal(65,30) NULL ,
PRIMARY KEY (`id`)
)

;

-- ----------------------------
-- Records of APP_REPAIR_WORK_LOG
-- ----------------------------
BEGIN;
INSERT INTO `app_repair_work_log` VALUES ('286', 'work_20170527102148198_8936', '1', '2', '2017-05-27 10:21:48', null), ('287', 'work_20170527102221267_6434', '1', '2', '2017-05-27 10:22:21', null), ('288', 'work_20170527104155847_5301', '1', '2', '2017-05-27 10:41:55', null), ('289', 'work_20170527104215317_9749', '1', '2', '2017-05-27 10:42:15', null), ('290', null, null, '2', '2017-05-27 10:46:47', null), ('291', null, null, '2', '2017-05-27 10:51:05', null), ('292', null, null, '2', '2017-05-27 10:53:54', null), ('336', 'work_20170527120558814_4994', '2', '2', '2017-05-27 17:58:54', '13'), ('337', 'work_20170527120558814_4994', '3', '2', '2017-05-27 17:58:57', '13'), ('338', 'work_20170527120532505_2627', '1', '2', '2017-05-27 17:59:05', '13'), ('381', 'work_20170605142845574_9978', '1', '2', '2017-06-05 14:28:45', null), ('424', 'work_20170620152414178_3394', '1', '2', '2017-06-20 15:24:14', null), ('222', 'work_20170512150231532_8306', '1', '2', '2017-05-12 15:02:31', null), ('279', 'work_20170526180330790_1039', '1', '2', '2017-05-26 18:03:30', null), ('331', 'work_20170527121238373_6850', '2', '2', '2017-05-27 17:36:41', '2'), ('332', 'work_20170527121238373_6850', '3', '2', '2017-05-27 17:36:53', '2'), ('333', 'work_20170527121225625_9081', '2', '2', '2017-05-27 17:37:33', '2'), ('334', 'work_20170527121225625_9081', '3', '2', '2017-05-27 17:37:54', '2'), ('335', 'work_20170527120558814_4994', '1', '2', '2017-05-27 17:39:05', '13'), ('361', 'work_20170527120541165_1012', '2', '2', '2017-05-31 10:29:19', '12'), ('362', 'work_20170527120541165_1012', '3', '2', '2017-05-31 10:29:33', '12'), ('401', 'work_20170527120532505_2627', '1', '2', '2017-06-09 11:13:33', '2'), ('402', 'work_20170527120532505_2627', '1', '2', '2017-06-09 11:13:35', '11'), ('403', 'work_20170527120532505_2627', '1', '2', '2017-06-09 11:13:37', '2'), ('404', 'work_20170527120532505_2627', '1', '2', '2017-06-09 11:13:40', '2'), ('462', 'work_20170626170231151_6963', '2', '2', '2017-06-26 17:43:09', '2'), ('463', 'work_20170527104215317_9749', '3', '2', '2017-06-26 17:44:03', null), ('464', 'work_20170626170231151_6963', '3', '2', '2017-06-26 17:44:08', '2'), ('201', 'work_20170505155701.381_8804', '1', '2', '2017-05-05 15:57:01', null), ('202', 'work_20170505160551.946_9844', '1', '2', '2017-05-05 16:05:52', null), ('203', null, null, '2', '2017-05-05 16:24:35', null), ('204', 'work_20170505155701.381_8804', '1', '2', '2017-05-05 17:03:36', null), ('205', 'work_20170505155701.381_8804', '1', '2', '2017-05-05 17:05:30', null), ('206', 'work_20170505155701.381_8804', '2', '2', '2017-05-05 17:06:00', null), ('207', 'work_20170505155701.381_8804', '3', '2', '2017-05-05 17:06:17', null), ('208', 'work_20170505170841_6632', '1', '2', '2017-05-05 17:08:41', null), ('209', 'work_20170505171025338_8248', '1', '2', '2017-05-05 17:10:25', null), ('210', 'work_20170505171025338_8248', '1', '2', '2017-05-05 17:12:10', null), ('211', 'work_20170505171025338_8248', '2', '2', '2017-05-05 17:12:30', null), ('212', 'work_20170505171025338_8248', '3', '2', '2017-05-05 17:12:46', null), ('241', 'work_20170522104822639_2414', '1', '2', '2017-05-22 10:48:22', null), ('242', 'work_20170512170116202_9979', '2', '2', '2017-05-22 14:49:02', null), ('243', 'work_20170512170116202_9979', '2', '2', '2017-05-22 14:49:05', null), ('244', 'work_20170512170116202_9979', '2', '2', '2017-05-22 14:49:06', null), ('245', 'work_20170512170116202_9979', '2', '2', '2017-05-22 14:49:07', null), ('246', 'work_20170512170116202_9979', '2', '2', '2017-05-22 14:49:07', null), ('247', 'work_20170511145559631_2244', '2', '2', '2017-05-22 14:49:31', null), ('248', 'work_20170512170116202_9979', '3', '2', '2017-05-22 15:01:37', null), ('249', 'work_20170511145559631_2244', '3', '2', '2017-05-22 15:02:00', null), ('250', 'work_20170505174920805_1924', '2', '2', '2017-05-22 15:03:13', null), ('251', 'work_20170505174920805_1924', '3', '2', '2017-05-22 15:03:20', null), ('252', 'work_20170522104822639_2414', '1', '2', '2017-05-23 12:27:03', '2'), ('253', 'work_20170505174835226_2859', '3', '2', '2017-05-23 12:27:59', '13'), ('254', 'work_20170522104822639_2414', '1', '2', '2017-05-23 12:28:35', '13'), ('255', 'work_20170522104822639_2414', '1', '2', '2017-05-23 12:31:15', '13'), ('256', 'work_20170522104822639_2414', '1', '2', '2017-05-23 14:08:29', '13'), ('257', 'work_20170522104822639_2414', '1', '2', '2017-05-23 14:09:15', '13'), ('258', 'work_20170526112707975_2999', '1', '2', '2017-05-26 11:27:08', null), ('280', 'work_20170526180330790_1039', '2', '2', '2017-05-26 18:16:02', null), ('281', 'work_20170526180330790_1039', '3', '2', '2017-05-26 18:16:10', null), ('282', 'work_20170526120803153_5515', '3', '2', '2017-05-26 18:17:59', null), ('283', 'work_20170526182305860_1202', '1', '2', '2017-05-26 18:23:05', null), ('284', 'work_20170526182305860_1202', '2', '2', '2017-05-26 18:23:11', null), ('285', 'work_20170526182305860_1202', '3', '2', '2017-05-26 18:23:14', null), ('213', 'work_20170505174835226_2859', '1', '2', '2017-05-05 17:48:35', null), ('214', 'work_20170505174835226_2859', '1', '2', '2017-05-05 17:48:56', '13'), ('215', 'work_20170505174835226_2859', '2', '2', '2017-05-05 17:49:08', '13'), ('216', 'work_20170505174835226_2859', '3', '2', '2017-05-05 17:49:18', '13'), ('217', 'work_20170505174920805_1924', '1', '2', '2017-05-05 17:49:20', null), ('221', 'work_20170511145559631_2244', '1', '2', '2017-05-11 14:55:59', null), ('223', 'work_20170512170116202_9979', '1', '2', '2017-05-12 17:01:16', null), ('259', 'work_20170526113248277_1288', '1', '2', '2017-05-26 11:32:48', null), ('260', 'work_20170526113508613_2149', '1', '2', '2017-05-26 11:35:08', null), ('261', 'work_20170526114845261_3707', '1', '2', '2017-05-26 11:48:45', null), ('262', 'work_20170526115146595_1786', '1', '2', '2017-05-26 11:51:46', null), ('263', 'work_20170526115912103_5260', '1', '2', '2017-05-26 11:59:12', null), ('264', 'work_20170526120220754_5918', '1', '2', '2017-05-26 12:02:20', null), ('265', 'work_20170526120608995_7815', '1', '2', '2017-05-26 12:06:09', null), ('266', 'work_20170526120656220_3049', '1', '2', '2017-05-26 12:06:56', null), ('267', 'work_20170526120801342_6301', '1', '2', '2017-05-26 12:08:01', null), ('268', 'work_20170526120803153_5515', '1', '2', '2017-05-26 12:08:03', null), ('269', 'work_20170526120810003_7118', '1', '2', '2017-05-26 12:08:10', null), ('270', 'work_20170526120929802_3833', '1', '2', '2017-05-26 12:09:29', null), ('271', 'work_20170526120943743_7950', '1', '2', '2017-05-26 12:09:43', null), ('272', 'work_20170526120943743_7950', '2', '2', '2017-05-26 15:04:14', null), ('273', 'work_20170526120810003_7118', '2', '2', '2017-05-26 15:09:42', null), ('274', 'work_20170526120929802_3833', '2', '2', '2017-05-26 15:14:35', null), ('275', 'work_20170526120929802_3833', '3', '2', '2017-05-26 15:15:26', null), ('276', 'work_20170526120803153_5515', '2', '2', '2017-05-26 15:15:46', null), ('277', 'work_20170526120801342_6301', '2', '2', '2017-05-26 15:20:35', null), ('278', 'work_20170526120943743_7950', '3', '2', '2017-05-26 15:20:37', null), ('293', null, null, '2', '2017-05-27 11:04:56', null), ('294', null, null, '2', '2017-05-27 11:05:05', null), ('295', null, null, '2', '2017-05-27 11:05:12', null), ('296', 'work_20170527110948389_7908', '1', '2', '2017-05-27 11:09:48', null), ('297', null, null, '2', '2017-05-27 11:10:27', null), ('298', 'work_20170527110948389_7908', '1', '2', '2017-05-27 11:27:18', null), ('299', 'work_20170527110948389_7908', '1', '2', '2017-05-27 11:27:24', null), ('300', 'work_20170527110948389_7908', '1', '2', '2017-05-27 11:27:31', null), ('301', 'work_20170527110948389_7908', '1', '2', '2017-05-27 11:27:38', null);
INSERT INTO `app_repair_work_log` VALUES ('302', null, null, '2', '2017-05-27 11:28:28', null), ('303', 'work_20170527104215317_9749', '1', '2', '2017-05-27 11:31:07', null), ('304', 'work_20170527104215317_9749', '2', '2', '2017-05-27 11:31:15', null), ('305', 'work_20170527113202629_7359', '1', '2', '2017-05-27 11:32:02', null), ('306', 'work_20170527113823686_2057', '1', '2', '2017-05-27 11:38:23', null), ('307', 'work_20170527114328429_4049', '1', '2', '2017-05-27 11:43:28', null), ('308', 'work_20170527114354410_8377', '1', '2', '2017-05-27 11:43:54', null), ('309', 'work_20170527114439537_7473', '1', '2', '2017-05-27 11:44:39', null), ('310', 'work_20170527114524078_3777', '1', '2', '2017-05-27 11:45:24', null), ('311', 'work_20170527114838610_4591', '1', '2', '2017-05-27 11:48:38', null), ('312', 'work_20170527114949677_6815', '1', '2', '2017-05-27 11:49:49', null), ('313', 'work_20170527115124811_2502', '1', '2', '2017-05-27 11:51:24', null), ('314', 'work_20170527115146376_2610', '1', '2', '2017-05-27 11:51:46', null), ('315', 'work_20170526120943743_7950', '3', '2', '2017-05-27 12:02:52', null), ('316', 'work_20170526120943743_7950', '3', '2', '2017-05-27 12:03:13', null), ('317', 'work_20170526120943743_7950', '3', '2', '2017-05-27 12:03:19', null), ('318', 'work_20170527115146376_2610', '1', '2', '2017-05-27 12:03:26', null), ('319', 'work_20170527115146376_2610', '1', '2', '2017-05-27 12:03:49', null), ('320', 'work_20170527120528132_7571', '1', '2', '2017-05-27 12:05:28', null), ('321', 'work_20170527120532505_2627', '1', '2', '2017-05-27 12:05:32', null), ('322', 'work_20170527120541165_1012', '1', '2', '2017-05-27 12:05:41', null), ('323', 'work_20170527120558814_4994', '1', '2', '2017-05-27 12:05:58', null), ('324', 'work_20170527121225625_9081', '1', '2', '2017-05-27 12:12:25', null), ('325', 'work_20170527121238373_6850', '1', '2', '2017-05-27 12:12:38', null), ('326', 'work_20170527122033968_3619', '1', '2', '2017-05-27 12:20:33', null), ('327', 'work_20170527122033968_3619', '1', '2', '2017-05-27 12:20:43', null), ('328', 'work_20170527122033968_3619', '1', '2', '2017-05-27 12:20:49', null), ('329', 'work_20170527122033968_3619', '2', '2', '2017-05-27 12:20:57', null), ('330', 'work_20170527122033968_3619', '3', '2', '2017-05-27 12:21:03', null), ('339', 'work_20170527120541165_1012', '1', '2', '2017-05-27 18:11:35', '13'), ('340', 'work_20170527120541165_1012', '1', '2', '2017-05-27 18:11:51', '11'), ('341', 'work_20170527120541165_1012', '1', '2', '2017-05-27 18:12:19', '12'), ('342', 'work_20170527120541165_1012', '1', '2', '2017-05-27 18:12:23', '12'), ('343', 'work_20170527120541165_1012', '1', '2', '2017-05-27 18:12:43', '11'), ('344', 'work_20170527120541165_1012', '1', '2', '2017-05-27 18:12:47', '11'), ('345', 'work_20170527120541165_1012', '1', '2', '2017-05-27 18:12:49', '12'), ('346', 'work_20170527120541165_1012', '1', '2', '2017-05-27 18:12:50', '13'), ('347', 'work_20170527120541165_1012', '1', '2', '2017-05-27 18:15:03', '11'), ('348', 'work_20170527120541165_1012', '1', '2', '2017-05-27 18:15:04', '12'), ('382', 'work_20170605142845574_9978', '2', '2', '2017-06-05 16:22:26', '2'), ('383', 'work_20170605142845574_9978', '3', '2', '2017-06-05 16:22:28', '2'), ('421', 'work_20170619090115043_7669', '1', '2', '2017-06-19 09:01:15', null), ('422', 'work_20170619090115043_7669', '1', '2', '2017-06-19 09:05:12', '2'), ('423', 'work_20170619090115043_7669', '1', '2', '2017-06-19 09:05:15', '2'), ('441', 'work_20170622153653938_8702', '1', '2', '2017-06-22 15:36:53', null), ('384', 'work_20170527120532505_2627', '1', '2', '2017-06-06 10:16:48', '2'), ('461', 'work_20170626170231151_6963', '1', '2', '2017-06-26 17:02:31', null);
COMMIT;

-- ----------------------------
-- Table structure for APP_TOKEN
-- ----------------------------
DROP TABLE IF EXISTS `app_token`;
CREATE TABLE `app_token` (
`id`  decimal(65,30) NOT NULL ,
`user_id`  decimal(65,30) NULL ,
`token`  varchar(128) NULL ,
`create_time`  datetime(7) NULL ,
`expire_time`  datetime(7) NULL ,
PRIMARY KEY (`id`)
)

;

-- ----------------------------
-- Records of APP_TOKEN
-- ----------------------------
BEGIN;
COMMIT;

-- ----------------------------
-- Table structure for APP_USER
-- ----------------------------
DROP TABLE IF EXISTS `app_user`;
CREATE TABLE `app_user` (
`id`  decimal(65,30) NOT NULL ,
`account`  varchar(32) NULL ,
`password`  text NULL ,
`type`  decimal(65,30) NULL ,
`name`  varchar(32) NULL ,
`nickname`  varchar(32) NULL ,
`mobile`  varchar(32) NULL ,
`email`  varchar(32) NULL ,
`status`  decimal(65,30) NULL ,
`create_time`  datetime(7) NULL ,
`exprie_time`  datetime(7) NULL ,
PRIMARY KEY (`id`)
)

;

-- ----------------------------
-- Records of APP_USER
-- ----------------------------
BEGIN;
COMMIT;

-- ----------------------------
-- Table structure for COUNTRY
-- ----------------------------
DROP TABLE IF EXISTS `country`;
CREATE TABLE `country` (
`id`  decimal(65,30) NOT NULL ,
`countryname`  varchar(32) NULL ,
`countrycode`  varchar(32) NULL ,
PRIMARY KEY (`id`)
)

;

-- ----------------------------
-- Records of COUNTRY
-- ----------------------------
BEGIN;
INSERT INTO `country` VALUES ('1', '中国', 'code_1'), ('3', '国33', 'code_3'), ('6', '中国', 'code_1'), ('7', '中国', 'code_1'), ('2', '外国2', 'code_2'), ('4', '国4', 'code_4'), ('5', '国5', 'code_5');
COMMIT;

-- ----------------------------
-- Table structure for DEVICE
-- ----------------------------
DROP TABLE IF EXISTS `device`;
CREATE TABLE `device` (
`id`  decimal(65,30) NOT NULL ,
`model_code`  varchar(32) NULL ,
`name`  varchar(32) NULL ,
`position`  varchar(32) NULL ,
`camera_device_id`  decimal(65,30) NULL ,
`ip`  varchar(32) NULL ,
`menu_id`  decimal(65,30) NULL ,
`create_time`  datetime(7) NULL ,
`expire_time`  datetime(7) NULL ,
`ucode`  varchar(64) NULL ,
PRIMARY KEY (`id`)
)

;

-- ----------------------------
-- Records of DEVICE
-- ----------------------------
BEGIN;
INSERT INTO `device` VALUES ('247', 'c1', '照明1', '同人精华', null, '192.168.3.211', '2', '2017-04-08 13:58:39', null, 'zhaoming'), ('246', '1', 'aaaaaaaaaaaa', 'bbbbbbbbbbbb', null, 'abbbbbbbbbb', '2', '2017-04-07 18:12:53', '2017-04-07 18:12:57', null), ('341', '1', '电子巡更', '11', null, '电子巡更', '7', '2017-06-07 09:33:44', null, '电子巡更1'), ('1', null, 'chiller_1', '一楼冷机', null, '192.168.1.1', '2', '2017-03-23 17:57:50', '2017-04-07 18:15:25', null), ('221', '1', '烟雾报警II', '南区西门右边四111号', null, '192.168.2.111', '5', '2017-03-29 17:36:05', null, 'yanwu2'), ('222', '1', '烟雾报警1', '西元', null, '192.168.1.122', '13', '2017-03-29 17:37:11', '2017-04-26 17:42:28', null), ('224', '1', '烟雾报警3', 'D区3楼2011号烟雾管理器', null, '192.168.1.112', '5', '2017-03-29 17:44:03', null, 'yanwu'), ('269', '1', '0', '0', null, '0', '2', '2017-04-27 10:07:53', '2017-04-27 10:22:15', '0'), ('241', '火警', '烟雾报警4', '拱门西区五号', null, '192.168.3.29', '4', '2017-04-06 15:30:14', null, '88'), ('270', '1', '1', '1', null, '1', '2', '2017-04-27 10:08:00', '2017-04-27 14:35:07', '1'), ('281', '1', 'J', 'I', null, '10.11.111.1', '2', '2017-05-04 13:57:02', '2017-05-04 14:04:29', 'SS-OO-666'), ('282', '1', '监控01', '地下停车场入口', null, '192.168.1.12', '6', '2017-05-04 14:04:44', null, 'f'), ('283', '1', '1', '1', null, '1嗯嗯', '2', '2017-05-04 14:08:03', '2017-05-04 14:08:12', '1'), ('284', '1', '2', '2', null, '2', '2', '2017-05-04 14:08:21', '2017-05-04 16:42:46', '2'), ('321', '1', '火警报警012', '一楼大厅', null, '192.168.1.1', '2', '2017-05-22 14:10:55', '2017-05-22 14:12:05', 'HUO-002'), ('322', '1', '电子', 'ddd', null, '192.168.4.5', '7', '2017-05-22 14:26:32', '2017-05-22 14:26:53', 'DAIN-0011'), ('323', '1', '门禁003', 'ewaefa', null, '192.168.1.5', '6', '2017-05-22 14:39:00', '2017-05-22 14:39:38', 'ＭＥＮ－００2'), ('361', '1', '消防设备01', '124124', null, '124124124124', '2', '2017-06-27 09:17:56', null, 'X-0001'), ('362', '1', '消防设备02', '二楼正门', null, '192.168.111.111', '2', '2017-06-27 09:18:44', null, 'X-0002'), ('363', '1', '视频监控01', '视频监控01', null, '123455677', '4', '2017-06-27 09:20:28', null, 'S-0001'), ('364', '1', '视频监控02', '视频监控02', null, '12345678', '4', '2017-06-27 09:21:09', null, 'S-0002'), ('365', '1', '视频监控03', '视频监控03', null, '1234567890', '4', '2017-06-27 09:21:28', null, 'S-0003'), ('366', '1', '暖通空调01', '暖通空调01', null, '1234567890', '9', '2017-06-27 09:21:54', null, 'N-0001'), ('367', '1', '暖通空调02', '暖通空调02', null, '1234567890', '9', '2017-06-27 09:22:21', null, 'N-0002'), ('368', '1', '暖通空调03', '暖通空调03', null, '1234567890', '2', '2017-06-27 09:22:36', null, 'N-0003'), ('369', '1', '背景音乐01', '背景音乐01', null, '1234567890', '18', '2017-06-27 09:23:00', null, 'B-0001'), ('370', '1', '照明系统01', '照明系统01', null, '1234567890', '12', '2017-06-27 09:23:19', null, 'Z-0001'), ('371', '1', '照明系统02', '照明系统02', null, '1234567890', '12', '2017-06-27 09:23:42', null, 'Z-0002'), ('372', '1', '积水排水01', '积水排水01', null, '1234567890', '10', '2017-06-27 09:26:09', null, 'J-0001'), ('243', '1', 'aaaaaaaaa', 'aaaaaa', null, 'aaaaaaaaaaaa', null, '2017-04-07 17:56:54', '2017-04-07 18:02:55', null), ('242', '消防', '火警报警3号', '东门二号区域', null, '192.168.2.28', '4', '2017-04-06 15:31:03', null, 'huojing'), ('261', '1', 'Metedasd', 'asasd a', null, '198.3.132.2', '2', '2017-04-26 16:57:48', '2017-04-26 17:14:50', '211'), ('262', '1', 'sdsa', 'asdasd', null, '1564a561', '2', '2017-04-26 17:37:50', '2017-04-26 17:38:38', '211'), ('266', '1', 'asd', 'asd', null, 'asd', '2', '2017-04-26 17:51:30', '2017-04-26 17:53:02', 'asd'), ('267', '1', 'asd', 'asd', null, 'aasdasd', '2', '2017-04-26 17:54:02', '2017-04-26 17:54:24', 'asd'), ('245', '1', '门禁01', '二楼东边204室', null, '192.168.1.110', '13', '2017-04-07 18:04:13', null, 'menjing'), ('244', '火警', 'aaaaaaaaa', 'aaaaaaaaaa', null, 'aaaaaaaaaaaaaaa', null, '2017-04-07 18:01:54', '2017-04-07 18:02:48', null), ('264', '1', 'asdasd', 'asd', null, 'dasd', '2', '2017-04-26 17:44:40', '2017-04-26 17:45:01', 'asdas'), ('268', '1', 'asd', 'asd', null, 'asd', '2', '2017-04-26 17:56:02', '2017-04-26 17:57:47', 'asd'), ('285', '1', 'fire烈马电梯监控仪FX371', '同仁精华5', null, '11.112.21.1', '6', '2017-05-04 17:33:55', null, 'FIRE-XX-SV-001'), ('286', '1', '1额定温度', '的', null, '额度此次', '2', '2017-05-05 15:11:42', null, '39'), ('301', '1', '暖通空调001', '一楼大厅西侧', null, '192.168.1.111', '9', '2017-05-12 16:10:01', '2017-05-12 16:12:55', 'RUAN-001'), ('324', '1', '消防0002', 'sssqfsdfa', null, '192.168.0.2', '2', '2017-05-22 14:49:44', '2017-05-22 14:50:15', 'ＸＩＡＯＦＡＮＧ－００１'), ('325', '1', '停车场', '停车场1号', null, '192.168.3.3', '16', '2017-05-22 15:02:38', '2017-05-22 15:02:51', 'CCC0005'), ('326', '1', '停车场', 'ddd', null, '192.168.3.3', '16', '2017-05-22 15:03:17', null, 'ccc001'), ('327', '1', '综合安防001', '凄凄切切', null, '192.168.152.3', '4', '2017-05-22 15:12:46', null, 'ZONGHE001'), ('263', '1', '41312', '1561', null, '211', '2', '2017-04-26 17:41:00', '2017-04-26 17:41:20', '121321'), ('265', '1', 'asd', 'asd', null, 'asd', '2', '2017-04-26 17:46:43', '2017-04-26 17:51:00', 'asd');
COMMIT;

-- ----------------------------
-- Table structure for DEVICE_PROPERTY
-- ----------------------------
DROP TABLE IF EXISTS `device_property`;
CREATE TABLE `device_property` (
`id`  decimal(65,30) NOT NULL ,
`device_id`  decimal(65,30) NULL ,
`key`  varchar(255) NULL ,
`value`  varchar(255) NULL ,
`remark`  varchar(255) NULL ,
`update_time`  datetime(7) NULL ,
PRIMARY KEY (`id`)
)

;

-- ----------------------------
-- Records of DEVICE_PROPERTY
-- ----------------------------
BEGIN;
INSERT INTO `device_property` VALUES ('502', '341', '冷水温度', '21412', null, '2017-06-21 16:59:46'), ('503', '341', '开关', '0', null, '2017-06-21 16:59:46'), ('504', '341', '1241241', '124124', null, '2017-06-21 16:59:46'), ('505', '341', '124124', '124', null, '2017-06-21 16:59:46'), ('506', '341', '74626', '2362362', null, '2017-06-21 16:59:46'), ('491', '245', '2412', '4124', null, '2017-06-16 17:14:30'), ('501', '341', '测试', '测试', null, '2017-06-21 16:59:46'), ('328', '327', '测试', '12412', null, '2017-06-15 15:26:44'), ('373', '247', '冷冻水供水温度设定值', '20', null, '2017-06-15 15:30:59'), ('374', '247', '故障状态', '0', null, '2017-06-15 15:30:59'), ('375', '247', '冷冻水供水温度', '31', null, '2017-06-15 15:30:59'), ('376', '247', '蒸发温度', '42', null, '2017-06-15 15:30:59'), ('377', '247', '冷冻水回水压力', '36', null, '2017-06-15 15:30:59'), ('523', '366', '温度', '24', null, '2017-06-27 09:24:50'), ('378', '247', '手自动状态', '0', null, '2017-06-15 15:30:59'), ('379', '247', '启停状态', '0', null, '2017-06-15 15:30:59'), ('380', '247', '蒸发压力', '44', null, '2017-06-15 15:30:59'), ('381', '247', '冷凝压力', '43', null, '2017-06-15 15:30:59'), ('382', '247', '冷冻水回水温度', '32', null, '2017-06-15 15:30:59'), ('383', '247', '冷却水出水温度', '33', null, '2017-06-15 15:30:59'), ('384', '247', '冷却水回水压力', '38', null, '2017-06-15 15:30:59'), ('385', '247', '冷却水回水温度', '34', null, '2017-06-15 15:31:00'), ('386', '247', '冷凝温度', '41', null, '2017-06-15 15:31:00'), ('387', '247', '冷却水出水压力', '37', null, '2017-06-15 15:31:00'), ('388', '247', '冷冻水供水压力', '35', null, '2017-06-15 15:31:00'), ('389', '247', '启停控制', '0', null, '2017-06-15 15:31:00'), ('524', '366', '运行状态', '运行', null, '2017-06-27 09:24:50'), ('525', '371', '运行状态', '正常', null, '2017-06-27 09:25:23'), ('521', '362', '温度', '20', null, '2017-06-27 09:24:01'), ('522', '363', '运行状态', '正常', null, '2017-06-27 09:24:27'), ('252', '1', '启停控制', '0', null, '2017-05-04 15:53:50'), ('253', '1', '冷却水回水温度', '34', null, '2017-05-04 15:53:50'), ('254', '1', '冷冻水供水温度设定值', '20', null, '2017-05-04 15:53:50'), ('255', '1', '冷冻水回水温度', '32', null, '2017-05-04 15:53:50'), ('256', '1', '冷凝温度', '41', null, '2017-05-04 15:53:50'), ('257', '1', '手自动状态', '0', null, '2017-05-04 15:53:50'), ('258', '1', '冷冻水供水压力', '35', null, '2017-05-04 15:53:50'), ('259', '1', '蒸发温度', '42', null, '2017-05-04 15:53:50'), ('260', '1', '冷冻水回水压力', '36', null, '2017-05-04 15:53:50'), ('261', '1', '冷却水出水压力', '37', null, '2017-05-04 15:53:50'), ('262', '1', '故障状态', '0', null, '2017-05-04 15:53:50'), ('263', '1', '蒸发压力', '44', null, '2017-05-04 15:53:50'), ('264', '1', '冷凝压力', '43', null, '2017-05-04 15:53:50'), ('265', '1', '冷冻水供水温度', '31', null, '2017-05-04 15:53:50'), ('266', '1', '启停状态', '0', null, '2017-05-04 15:53:50'), ('267', '1', '冷却水回水压力', '38', null, '2017-05-04 15:53:50'), ('268', '1', '冷却水出水温度', '33', null, '2017-05-04 15:53:50'), ('308', '5', '冷冻水回水温度', '32', null, '2017-06-15 15:24:04'), ('309', '5', '冷却水出水温度', '33', null, '2017-06-15 15:24:04'), ('310', '5', '冷却水回水温度', '34', null, '2017-06-15 15:24:04'), ('311', '5', '冷却水回水压力', '38', null, '2017-06-15 15:24:04'), ('312', '5', '启停状态', '0', null, '2017-06-15 15:24:04'), ('313', '5', '测试状态', '51212', null, '2017-06-15 15:24:04'), ('314', '5', '测试状态2', '12412', null, '2017-06-15 15:24:04');
COMMIT;

-- ----------------------------
-- Table structure for DEVICE_PROPERTY_LOG
-- ----------------------------
DROP TABLE IF EXISTS `device_property_log`;
CREATE TABLE `device_property_log` (
`id`  decimal(65,30) NOT NULL ,
`device_id`  decimal(65,30) NULL ,
`key`  varchar(255) NULL ,
`value`  varchar(255) NULL ,
`remark`  varchar(255) NULL ,
`update_time`  datetime(7) NULL ,
PRIMARY KEY (`id`)
)

;

-- ----------------------------
-- Records of DEVICE_PROPERTY_LOG
-- ----------------------------
BEGIN;
INSERT INTO `device_property_log` VALUES ('490', '1', '冷冻水供水温度设定值', '20', null, '2017-03-23 12:14:42'), ('491', '1', '故障状态222', '0', null, '2017-03-23 12:14:42'), ('492', '1', '冷冻水供水温度', '31', null, '2017-03-23 12:14:42'), ('493', '1', '蒸发温度', '42', null, '2017-03-23 12:14:42'), ('494', '1', '冷冻水回水压力', '36', null, '2017-03-23 12:14:42'), ('495', '1', '手自动状态', '0', null, '2017-03-23 12:14:42'), ('496', '1', '启停状态', '0', null, '2017-03-23 12:14:42'), ('497', '1', '蒸发压力', '44', null, '2017-03-23 12:14:42'), ('498', '1', '冷凝压力', '43', null, '2017-03-23 12:14:42'), ('499', '1', '冷冻水回水温度', '32', null, '2017-03-23 12:14:42'), ('500', '1', '冷却水出水温度', '33', null, '2017-03-23 12:14:42'), ('501', '1', '冷却水回水压力', '38', null, '2017-03-23 12:14:42'), ('502', '1', '冷却水回水温度', '34', null, '2017-03-23 12:14:42'), ('503', '1', '冷凝温度', '41', null, '2017-03-23 12:14:42'), ('504', '1', '冷却水出水压力', '37', null, '2017-03-23 12:14:42'), ('505', '1', '冷冻水供水压力', '35', null, '2017-03-23 12:14:42'), ('506', '1', '启停控制', '0', null, '2017-03-23 12:14:42'), ('541', '1', '启停控制', '0', null, '2017-03-31 16:58:45'), ('542', '1', '冷却水回水温度', '34', null, '2017-03-31 16:58:45'), ('543', '1', '冷冻水供水温度设定值', '20', null, '2017-03-31 16:58:45'), ('544', '1', '冷冻水回水温度', '32', null, '2017-03-31 16:58:45'), ('545', '1', '冷凝温度', '41', null, '2017-03-31 16:58:45'), ('546', '1', '手自动状态', '0', null, '2017-03-31 16:58:45'), ('547', '1', '冷冻水供水压力', '35', null, '2017-03-31 16:58:45'), ('548', '1', '蒸发温度', '42', null, '2017-03-31 16:58:46'), ('549', '1', '冷冻水回水压力', '36', null, '2017-03-31 16:58:46'), ('550', '1', '冷却水出水压力', '37', null, '2017-03-31 16:58:46'), ('551', '1', '故障状态', '0', null, '2017-03-31 16:58:46'), ('552', '1', '蒸发压力', '44', null, '2017-03-31 16:58:46'), ('553', '1', '冷凝压力', '43', null, '2017-03-31 16:58:46'), ('554', '1', '冷冻水供水温度', '31', null, '2017-03-31 16:58:46'), ('555', '1', '启停状态', '0', null, '2017-03-31 16:58:46'), ('556', '1', '冷却水回水压力', '38', null, '2017-03-31 16:58:46'), ('557', '1', '冷却水出水温度', '33', null, '2017-03-31 16:58:46'), ('626', '1', '启停控制', '0', null, '2017-03-31 17:07:34'), ('627', '1', '冷却水回水温度', '34', null, '2017-03-31 17:07:34'), ('628', '1', '冷冻水供水温度设定值', '20', null, '2017-03-31 17:07:34'), ('629', '1', '冷冻水回水温度', '32', null, '2017-03-31 17:07:34'), ('630', '1', '冷凝温度', '41', null, '2017-03-31 17:07:34'), ('631', '1', '手自动状态', '0', null, '2017-03-31 17:07:34'), ('632', '1', '冷冻水供水压力', '35', null, '2017-03-31 17:07:34'), ('633', '1', '蒸发温度', '42', null, '2017-03-31 17:07:34'), ('634', '1', '冷冻水回水压力', '36', null, '2017-03-31 17:07:34'), ('635', '1', '冷却水出水压力', '37', null, '2017-03-31 17:07:34'), ('636', '1', '故障状态', '0', null, '2017-03-31 17:07:34'), ('637', '1', '蒸发压力', '44', null, '2017-03-31 17:07:34'), ('638', '1', '冷凝压力', '43', null, '2017-03-31 17:07:34'), ('639', '1', '冷冻水供水温度', '31', null, '2017-03-31 17:07:34'), ('640', '1', '启停状态', '0', null, '2017-03-31 17:07:34'), ('641', '1', '冷却水回水压力', '38', null, '2017-03-31 17:07:34'), ('642', '1', '冷却水出水温度', '33', null, '2017-03-31 17:07:34'), ('643', '1', '启停控制', '0', null, '2017-03-31 17:07:44'), ('644', '1', '冷却水回水温度', '34', null, '2017-03-31 17:07:44'), ('645', '1', '冷冻水供水温度设定值', '20', null, '2017-03-31 17:07:44'), ('646', '1', '冷冻水回水温度', '32', null, '2017-03-31 17:07:44'), ('647', '1', '冷凝温度', '41', null, '2017-03-31 17:07:44'), ('648', '1', '手自动状态', '0', null, '2017-03-31 17:07:44'), ('649', '1', '冷冻水供水压力', '35', null, '2017-03-31 17:07:44'), ('650', '1', '蒸发温度', '42', null, '2017-03-31 17:07:44'), ('651', '1', '冷冻水回水压力', '36', null, '2017-03-31 17:07:44'), ('652', '1', '冷却水出水压力', '37', null, '2017-03-31 17:07:44'), ('653', '1', '故障状态', '0', null, '2017-03-31 17:07:44'), ('654', '1', '蒸发压力', '44', null, '2017-03-31 17:07:44'), ('655', '1', '冷凝压力', '43', null, '2017-03-31 17:07:45'), ('656', '1', '冷冻水供水温度', '31', null, '2017-03-31 17:07:45'), ('657', '1', '启停状态', '0', null, '2017-03-31 17:07:45'), ('658', '1', '冷却水回水压力', '38', null, '2017-03-31 17:07:45'), ('659', '1', '冷却水出水温度', '33', null, '2017-03-31 17:07:45'), ('660', '1', '启停控制', '0', null, '2017-03-31 17:07:48'), ('661', '1', '冷却水回水温度', '34', null, '2017-03-31 17:07:48'), ('662', '1', '冷冻水供水温度设定值', '20', null, '2017-03-31 17:07:48'), ('663', '1', '冷冻水回水温度', '32', null, '2017-03-31 17:07:48'), ('664', '1', '冷凝温度', '41', null, '2017-03-31 17:07:48'), ('665', '1', '手自动状态', '0', null, '2017-03-31 17:07:48'), ('666', '1', '冷冻水供水压力', '35', null, '2017-03-31 17:07:48'), ('667', '1', '蒸发温度', '42', null, '2017-03-31 17:07:48'), ('668', '1', '冷冻水回水压力', '36', null, '2017-03-31 17:07:48'), ('669', '1', '冷却水出水压力', '37', null, '2017-03-31 17:07:48'), ('670', '1', '故障状态', '0', null, '2017-03-31 17:07:48'), ('671', '1', '蒸发压力', '44', null, '2017-03-31 17:07:48'), ('672', '1', '冷凝压力', '43', null, '2017-03-31 17:07:48'), ('673', '1', '冷冻水供水温度', '31', null, '2017-03-31 17:07:48'), ('674', '1', '启停状态', '0', null, '2017-03-31 17:07:48'), ('675', '1', '冷却水回水压力', '38', null, '2017-03-31 17:07:48'), ('676', '1', '冷却水出水温度', '33', null, '2017-03-31 17:07:48'), ('677', '1', '启停控制', '0', null, '2017-03-31 17:12:11'), ('678', '1', '冷却水回水温度', '34', null, '2017-03-31 17:12:11'), ('679', '1', '冷冻水供水温度设定值', '20', null, '2017-03-31 17:12:11'), ('680', '1', '冷冻水回水温度', '32', null, '2017-03-31 17:12:11'), ('681', '1', '冷凝温度', '41', null, '2017-03-31 17:12:11'), ('682', '1', '手自动状态', '0', null, '2017-03-31 17:12:11'), ('683', '1', '冷冻水供水压力', '35', null, '2017-03-31 17:12:11'), ('684', '1', '蒸发温度', '42', null, '2017-03-31 17:12:11'), ('685', '1', '冷冻水回水压力', '36', null, '2017-03-31 17:12:11'), ('686', '1', '冷却水出水压力', '37', null, '2017-03-31 17:12:11'), ('687', '1', '故障状态', '0', null, '2017-03-31 17:12:11'), ('688', '1', '蒸发压力', '44', null, '2017-03-31 17:12:11'), ('689', '1', '冷凝压力', '43', null, '2017-03-31 17:12:11'), ('690', '1', '冷冻水供水温度', '31', null, '2017-03-31 17:12:11'), ('691', '1', '启停状态', '0', null, '2017-03-31 17:12:11');
INSERT INTO `device_property_log` VALUES ('692', '1', '冷却水回水压力', '38', null, '2017-03-31 17:12:11'), ('693', '1', '冷却水出水温度', '33', null, '2017-03-31 17:12:11'), ('694', '1', '启停控制', '0', null, '2017-03-31 17:12:19'), ('695', '1', '冷却水回水温度', '34', null, '2017-03-31 17:12:19'), ('696', '1', '冷冻水供水温度设定值', '20', null, '2017-03-31 17:12:19'), ('697', '1', '冷冻水回水温度', '32', null, '2017-03-31 17:12:19'), ('698', '1', '冷凝温度', '41', null, '2017-03-31 17:12:19'), ('699', '1', '手自动状态', '0', null, '2017-03-31 17:12:19'), ('700', '1', '冷冻水供水压力', '35', null, '2017-03-31 17:12:19'), ('701', '1', '蒸发温度', '42', null, '2017-03-31 17:12:19'), ('702', '1', '冷冻水回水压力', '36', null, '2017-03-31 17:12:19'), ('703', '1', '冷却水出水压力', '37', null, '2017-03-31 17:12:19'), ('704', '1', '故障状态', '0', null, '2017-03-31 17:12:19'), ('705', '1', '蒸发压力', '44', null, '2017-03-31 17:12:19'), ('706', '1', '冷凝压力', '43', null, '2017-03-31 17:12:19'), ('707', '1', '冷冻水供水温度', '31', null, '2017-03-31 17:12:19'), ('708', '1', '启停状态', '0', null, '2017-03-31 17:12:19'), ('709', '1', '冷却水回水压力', '38', null, '2017-03-31 17:12:19'), ('710', '1', '冷却水出水温度', '33', null, '2017-03-31 17:12:19'), ('711', '1', '启停控制', '0', null, '2017-03-31 17:14:09'), ('712', '1', '冷却水回水温度', '34', null, '2017-03-31 17:14:09'), ('713', '1', '冷冻水供水温度设定值', '20', null, '2017-03-31 17:14:09'), ('714', '1', '冷冻水回水温度', '32', null, '2017-03-31 17:14:09'), ('715', '1', '冷凝温度', '41', null, '2017-03-31 17:14:09'), ('716', '1', '手自动状态', '0', null, '2017-03-31 17:14:09'), ('717', '1', '冷冻水供水压力', '35', null, '2017-03-31 17:14:09'), ('718', '1', '蒸发温度', '42', null, '2017-03-31 17:14:09'), ('719', '1', '冷冻水回水压力', '36', null, '2017-03-31 17:14:09'), ('720', '1', '冷却水出水压力', '37', null, '2017-03-31 17:14:09'), ('721', '1', '故障状态', '0', null, '2017-03-31 17:14:09'), ('722', '1', '蒸发压力', '44', null, '2017-03-31 17:14:09'), ('723', '1', '冷凝压力', '43', null, '2017-03-31 17:14:09'), ('724', '1', '冷冻水供水温度', '31', null, '2017-03-31 17:14:09'), ('725', '1', '启停状态', '0', null, '2017-03-31 17:14:09'), ('726', '1', '冷却水回水压力', '38', null, '2017-03-31 17:14:09'), ('727', '1', '冷却水出水温度', '33', null, '2017-03-31 17:14:09'), ('728', '1', '启停控制', '0', null, '2017-03-31 17:14:35'), ('729', '1', '冷却水回水温度', '34', null, '2017-03-31 17:14:35'), ('730', '1', '冷冻水供水温度设定值', '20', null, '2017-03-31 17:14:35'), ('731', '1', '冷冻水回水温度', '32', null, '2017-03-31 17:14:36'), ('732', '1', '冷凝温度', '41', null, '2017-03-31 17:14:36'), ('733', '1', '手自动状态', '0', null, '2017-03-31 17:14:36'), ('734', '1', '冷冻水供水压力', '35', null, '2017-03-31 17:14:36'), ('735', '1', '蒸发温度', '42', null, '2017-03-31 17:14:36'), ('736', '1', '冷冻水回水压力', '36', null, '2017-03-31 17:14:36'), ('737', '1', '冷却水出水压力', '37', null, '2017-03-31 17:14:36'), ('738', '1', '故障状态', '0', null, '2017-03-31 17:14:36'), ('739', '1', '蒸发压力', '44', null, '2017-03-31 17:14:36'), ('740', '1', '冷凝压力', '43', null, '2017-03-31 17:14:36'), ('741', '1', '冷冻水供水温度', '31', null, '2017-03-31 17:14:36'), ('742', '1', '启停状态', '0', null, '2017-03-31 17:14:36'), ('743', '1', '冷却水回水压力', '38', null, '2017-03-31 17:14:36'), ('744', '1', '冷却水出水温度', '33', null, '2017-03-31 17:14:36'), ('745', '1', '启停控制', '0', null, '2017-03-31 17:15:29'), ('746', '1', '冷却水回水温度', '34', null, '2017-03-31 17:15:29'), ('747', '1', '冷冻水供水温度设定值', '20', null, '2017-03-31 17:15:29'), ('748', '1', '冷冻水回水温度', '32', null, '2017-03-31 17:15:29'), ('749', '1', '冷凝温度', '41', null, '2017-03-31 17:15:30'), ('750', '1', '手自动状态', '0', null, '2017-03-31 17:15:30'), ('751', '1', '冷冻水供水压力', '35', null, '2017-03-31 17:15:30'), ('752', '1', '蒸发温度', '42', null, '2017-03-31 17:15:30'), ('753', '1', '冷冻水回水压力', '36', null, '2017-03-31 17:15:30'), ('754', '1', '冷却水出水压力', '37', null, '2017-03-31 17:15:30'), ('755', '1', '故障状态', '0', null, '2017-03-31 17:15:30'), ('756', '1', '蒸发压力', '44', null, '2017-03-31 17:15:30'), ('757', '1', '冷凝压力', '43', null, '2017-03-31 17:15:30'), ('758', '1', '冷冻水供水温度', '31', null, '2017-03-31 17:15:30'), ('759', '1', '启停状态', '0', null, '2017-03-31 17:15:30'), ('760', '1', '冷却水回水压力', '38', null, '2017-03-31 17:15:30'), ('761', '1', '冷却水出水温度', '33', null, '2017-03-31 17:15:30'), ('779', '1', '启停控制', '0', null, '2017-03-31 18:01:10'), ('780', '1', '冷却水回水温度', '34', null, '2017-03-31 18:01:10'), ('781', '1', '冷冻水供水温度设定值', '20', null, '2017-03-31 18:01:10'), ('782', '1', '冷冻水回水温度', '32', null, '2017-03-31 18:01:10'), ('783', '1', '冷凝温度', '41', null, '2017-03-31 18:01:10'), ('784', '1', '手自动状态', '0', null, '2017-03-31 18:01:10'), ('785', '1', '冷冻水供水压力', '35', null, '2017-03-31 18:01:10'), ('786', '1', '蒸发温度', '42', null, '2017-03-31 18:01:10'), ('787', '1', '冷冻水回水压力', '36', null, '2017-03-31 18:01:10'), ('788', '1', '冷却水出水压力', '37', null, '2017-03-31 18:01:10'), ('789', '1', '故障状态', '0', null, '2017-03-31 18:01:10'), ('790', '1', '蒸发压力', '44', null, '2017-03-31 18:01:10'), ('791', '1', '冷凝压力', '43', null, '2017-03-31 18:01:10'), ('792', '1', '冷冻水供水温度', '31', null, '2017-03-31 18:01:10'), ('793', '1', '启停状态', '0', null, '2017-03-31 18:01:10'), ('794', '1', '冷却水回水压力', '38', null, '2017-03-31 18:01:10'), ('795', '1', '冷却水出水温度', '33', null, '2017-03-31 18:01:10'), ('796', '1', '启停控制', '0', null, '2017-03-31 18:01:23'), ('797', '1', '冷却水回水温度', '34', null, '2017-03-31 18:01:23'), ('798', '1', '冷冻水供水温度设定值', '20', null, '2017-03-31 18:01:23'), ('799', '1', '冷冻水回水温度', '32', null, '2017-03-31 18:01:23'), ('800', '1', '冷凝温度', '41', null, '2017-03-31 18:01:23'), ('801', '1', '手自动状态', '0', null, '2017-03-31 18:01:23'), ('802', '1', '冷冻水供水压力', '35', null, '2017-03-31 18:01:23'), ('803', '1', '蒸发温度', '42', null, '2017-03-31 18:01:23'), ('804', '1', '冷冻水回水压力', '36', null, '2017-03-31 18:01:23'), ('805', '1', '冷却水出水压力', '37', null, '2017-03-31 18:01:23'), ('806', '1', '故障状态', '0', null, '2017-03-31 18:01:23'), ('807', '1', '蒸发压力', '44', null, '2017-03-31 18:01:23'), ('201', '1', '启停控制', '0', null, '2017-03-21 11:58:06');
INSERT INTO `device_property_log` VALUES ('202', '1', '冷却水回水温度', '34', null, '2017-03-21 11:58:18'), ('203', '1', '冷冻水供水温度设定值', '20', null, '2017-03-21 11:58:18'), ('204', '1', '冷冻水回水温度', '32', null, '2017-03-21 11:58:18'), ('205', '1', '冷凝温度', '41', null, '2017-03-21 11:58:18'), ('206', '1', '手自动状态', '0', null, '2017-03-21 11:58:18'), ('207', '1', '冷冻水供水压力', '35', null, '2017-03-21 11:58:18'), ('208', '1', '蒸发温度', '42', null, '2017-03-21 11:58:18'), ('209', '1', '冷冻水回水压力', '36', null, '2017-03-21 11:58:18'), ('210', '1', '冷却水出水压力', '37', null, '2017-03-21 11:58:18'), ('211', '1', '故障状态', '0', null, '2017-03-21 11:58:18'), ('212', '1', '蒸发压力', '44', null, '2017-03-21 11:58:18'), ('213', '1', '冷凝压力', '43', null, '2017-03-21 11:58:18'), ('214', '1', '冷冻水供水温度', '31', null, '2017-03-21 11:58:18'), ('215', '1', '启停状态', '0', null, '2017-03-21 11:58:18'), ('216', '1', '冷却水回水压力', '38', null, '2017-03-21 11:58:18'), ('217', '1', '冷却水出水温度', '33', null, '2017-03-21 11:58:18'), ('218', '1', '启停控制', '0', null, '2017-03-21 11:58:57'), ('219', '1', '冷却水回水温度', '34', null, '2017-03-21 11:58:57'), ('220', '1', '冷冻水供水温度设定值', '20', null, '2017-03-21 11:58:57'), ('221', '1', '冷冻水回水温度', '32', null, '2017-03-21 11:58:57'), ('222', '1', '冷凝温度', '41', null, '2017-03-21 11:58:57'), ('223', '1', '手自动状态', '0', null, '2017-03-21 11:58:57'), ('224', '1', '冷冻水供水压力', '35', null, '2017-03-21 11:58:57'), ('225', '1', '蒸发温度', '42', null, '2017-03-21 11:58:57'), ('226', '1', '冷冻水回水压力', '36', null, '2017-03-21 11:58:57'), ('227', '1', '冷却水出水压力', '37', null, '2017-03-21 11:58:57'), ('228', '1', '故障状态', '0', null, '2017-03-21 11:58:57'), ('229', '1', '蒸发压力', '44', null, '2017-03-21 11:58:57'), ('230', '1', '冷凝压力', '43', null, '2017-03-21 11:58:57'), ('231', '1', '冷冻水供水温度', '31', null, '2017-03-21 11:58:57'), ('232', '1', '启停状态', '0', null, '2017-03-21 11:58:57'), ('233', '1', '冷却水回水压力', '38', null, '2017-03-21 11:58:57'), ('234', '1', '冷却水出水温度', '33', null, '2017-03-21 11:58:57'), ('235', '1', '启停控制', '0', null, '2017-03-21 12:13:05'), ('236', '1', '冷却水回水温度', '34', null, '2017-03-21 12:13:05'), ('237', '1', '冷冻水供水温度设定值', '20', null, '2017-03-21 12:13:05'), ('238', '1', '冷冻水回水温度', '32', null, '2017-03-21 12:13:05'), ('239', '1', '冷凝温度', '41', null, '2017-03-21 12:13:05'), ('240', '1', '手自动状态', '0', null, '2017-03-21 12:13:05'), ('241', '1', '冷冻水供水压力', '35', null, '2017-03-21 12:13:05'), ('242', '1', '蒸发温度', '42', null, '2017-03-21 12:13:05'), ('243', '1', '冷冻水回水压力', '36', null, '2017-03-21 12:13:05'), ('244', '1', '冷却水出水压力', '37', null, '2017-03-21 12:13:05'), ('245', '1', '故障状态', '0', null, '2017-03-21 12:13:05'), ('246', '1', '蒸发压力', '44', null, '2017-03-21 12:13:05'), ('247', '1', '冷凝压力', '43', null, '2017-03-21 12:13:05'), ('248', '1', '冷冻水供水温度', '31', null, '2017-03-21 12:13:05'), ('249', '1', '启停状态', '0', null, '2017-03-21 12:13:05'), ('250', '1', '冷却水回水压力', '38', null, '2017-03-21 12:13:05'), ('251', '1', '冷却水出水温度', '33', null, '2017-03-21 12:13:05'), ('252', '1', '启停控制', '0', null, '2017-03-21 12:21:16'), ('253', '1', '冷却水回水温度', '34', null, '2017-03-21 12:21:17'), ('254', '1', '冷冻水供水温度设定值', '20', null, '2017-03-21 12:21:17'), ('255', '1', '冷冻水回水温度', '32', null, '2017-03-21 12:21:17'), ('256', '1', '冷凝温度', '41', null, '2017-03-21 12:21:17'), ('257', '1', '手自动状态', '0', null, '2017-03-21 12:21:17'), ('258', '1', '冷冻水供水压力', '35', null, '2017-03-21 12:21:17'), ('259', '1', '蒸发温度', '42', null, '2017-03-21 12:21:17'), ('260', '1', '冷冻水回水压力', '36', null, '2017-03-21 12:21:17'), ('261', '1', '冷却水出水压力', '37', null, '2017-03-21 12:21:17'), ('262', '1', '故障状态', '0', null, '2017-03-21 12:21:17'), ('263', '1', '蒸发压力', '44', null, '2017-03-21 12:21:17'), ('264', '1', '冷凝压力', '43', null, '2017-03-21 12:21:17'), ('265', '1', '冷冻水供水温度', '31', null, '2017-03-21 12:21:17'), ('266', '1', '启停状态', '0', null, '2017-03-21 12:21:17'), ('267', '1', '冷却水回水压力', '38', null, '2017-03-21 12:21:18'), ('268', '1', '冷却水出水温度', '33', null, '2017-03-21 12:21:18'), ('269', '1', '启停控制', '0', null, '2017-03-21 12:22:35'), ('270', '1', '冷却水回水温度', '34', null, '2017-03-21 12:22:35'), ('271', '1', '冷冻水供水温度设定值', '20', null, '2017-03-21 12:22:35'), ('272', '1', '冷冻水回水温度', '32', null, '2017-03-21 12:22:35'), ('273', '1', '冷凝温度', '41', null, '2017-03-21 12:22:35'), ('274', '1', '手自动状态', '0', null, '2017-03-21 12:22:35'), ('275', '1', '冷冻水供水压力', '35', null, '2017-03-21 12:22:35'), ('276', '1', '蒸发温度', '42', null, '2017-03-21 12:22:35'), ('277', '1', '冷冻水回水压力', '36', null, '2017-03-21 12:22:35'), ('278', '1', '冷却水出水压力', '37', null, '2017-03-21 12:22:35'), ('279', '1', '故障状态', '0', null, '2017-03-21 12:22:35'), ('280', '1', '蒸发压力', '44', null, '2017-03-21 12:22:35'), ('281', '1', '冷凝压力', '43', null, '2017-03-21 12:22:35'), ('282', '1', '冷冻水供水温度', '31', null, '2017-03-21 12:22:36'), ('283', '1', '启停状态', '0', null, '2017-03-21 12:22:36'), ('284', '1', '冷却水回水压力', '38', null, '2017-03-21 12:22:36'), ('285', '1', '冷却水出水温度', '33', null, '2017-03-21 12:22:36'), ('286', '1', '启停控制', '0', null, '2017-03-21 12:22:49'), ('287', '1', '冷却水回水温度', '34', null, '2017-03-21 12:22:49'), ('288', '1', '冷冻水供水温度设定值', '20', null, '2017-03-21 12:22:49'), ('289', '1', '冷冻水回水温度', '32', null, '2017-03-21 12:22:49'), ('290', '1', '冷凝温度', '41', null, '2017-03-21 12:22:49'), ('291', '1', '手自动状态', '0', null, '2017-03-21 12:22:49'), ('292', '1', '冷冻水供水压力', '35', null, '2017-03-21 12:22:49'), ('293', '1', '蒸发温度', '42', null, '2017-03-21 12:22:49'), ('294', '1', '冷冻水回水压力', '36', null, '2017-03-21 12:22:49'), ('295', '1', '冷却水出水压力', '37', null, '2017-03-21 12:22:49'), ('296', '1', '故障状态', '0', null, '2017-03-21 12:22:49'), ('297', '1', '蒸发压力', '44', null, '2017-03-21 12:22:49'), ('298', '1', '冷凝压力', '43', null, '2017-03-21 12:22:49'), ('299', '1', '冷冻水供水温度', '31', null, '2017-03-21 12:22:49'), ('300', '1', '启停状态', '0', null, '2017-03-21 12:22:49'), ('301', '1', '冷却水回水压力', '38', null, '2017-03-21 12:22:49');
INSERT INTO `device_property_log` VALUES ('302', '1', '冷却水出水温度', '33', null, '2017-03-21 12:22:49'), ('303', '1', '启停控制', '0', null, '2017-03-21 12:23:03'), ('304', '1', '冷却水回水温度', '34', null, '2017-03-21 12:23:03'), ('305', '1', '冷冻水供水温度设定值', '20', null, '2017-03-21 12:23:03'), ('306', '1', '冷冻水回水温度', '32', null, '2017-03-21 12:23:03'), ('307', '1', '冷凝温度', '41', null, '2017-03-21 12:23:03'), ('308', '1', '手自动状态', '0', null, '2017-03-21 12:23:03'), ('309', '1', '冷冻水供水压力', '35', null, '2017-03-21 12:23:03'), ('310', '1', '蒸发温度', '42', null, '2017-03-21 12:23:03'), ('311', '1', '冷冻水回水压力', '36', null, '2017-03-21 12:23:03'), ('312', '1', '冷却水出水压力', '37', null, '2017-03-21 12:23:03'), ('313', '1', '故障状态', '0', null, '2017-03-21 12:23:03'), ('314', '1', '蒸发压力', '44', null, '2017-03-21 12:23:03'), ('315', '1', '冷凝压力', '43', null, '2017-03-21 12:23:03'), ('316', '1', '冷冻水供水温度', '31', null, '2017-03-21 12:23:03'), ('317', '1', '启停状态', '0', null, '2017-03-21 12:23:03'), ('318', '1', '冷却水回水压力', '38', null, '2017-03-21 12:23:03'), ('319', '1', '冷却水出水温度', '33', null, '2017-03-21 12:23:03'), ('320', '1', '启停控制', '0', null, '2017-03-21 13:43:51'), ('321', '1', '冷却水回水温度', '34', null, '2017-03-21 13:43:51'), ('322', '1', '冷冻水供水温度设定值', '20', null, '2017-03-21 13:43:51'), ('323', '1', '冷冻水回水温度', '32', null, '2017-03-21 13:43:51'), ('324', '1', '冷凝温度', '41', null, '2017-03-21 13:43:51'), ('325', '1', '手自动状态', '0', null, '2017-03-21 13:43:51'), ('326', '1', '冷冻水供水压力', '35', null, '2017-03-21 13:43:51'), ('327', '1', '蒸发温度', '42', null, '2017-03-21 13:43:51'), ('328', '1', '冷冻水回水压力', '36', null, '2017-03-21 13:43:51'), ('329', '1', '冷却水出水压力', '37', null, '2017-03-21 13:43:51'), ('330', '1', '故障状态', '0', null, '2017-03-21 13:43:51'), ('331', '1', '蒸发压力', '44', null, '2017-03-21 13:43:51'), ('332', '1', '冷凝压力', '43', null, '2017-03-21 13:43:51'), ('333', '1', '冷冻水供水温度', '31', null, '2017-03-21 13:43:51'), ('334', '1', '启停状态', '0', null, '2017-03-21 13:43:51'), ('335', '1', '冷却水回水压力', '38', null, '2017-03-21 13:43:51'), ('336', '1', '冷却水出水温度', '33', null, '2017-03-21 13:43:51'), ('337', '1', '启停控制', '0', null, '2017-03-21 13:43:52'), ('338', '1', '冷却水回水温度', '34', null, '2017-03-21 13:43:52'), ('339', '1', '冷冻水供水温度设定值', '20', null, '2017-03-21 13:43:52'), ('340', '1', '冷冻水回水温度', '32', null, '2017-03-21 13:43:52'), ('341', '1', '冷凝温度', '41', null, '2017-03-21 13:43:52'), ('342', '1', '手自动状态', '0', null, '2017-03-21 13:43:52'), ('343', '1', '冷冻水供水压力', '35', null, '2017-03-21 13:43:52'), ('344', '1', '蒸发温度', '42', null, '2017-03-21 13:43:52'), ('345', '1', '冷冻水回水压力', '36', null, '2017-03-21 13:43:52'), ('346', '1', '冷却水出水压力', '37', null, '2017-03-21 13:43:52'), ('347', '1', '故障状态', '0', null, '2017-03-21 13:43:52'), ('348', '1', '蒸发压力', '44', null, '2017-03-21 13:43:52'), ('349', '1', '冷凝压力', '43', null, '2017-03-21 13:43:52'), ('350', '1', '冷冻水供水温度', '31', null, '2017-03-21 13:43:52'), ('351', '1', '启停状态', '0', null, '2017-03-21 13:43:52'), ('352', '1', '冷却水回水压力', '38', null, '2017-03-21 13:43:52'), ('353', '1', '冷却水出水温度', '33', null, '2017-03-21 13:43:52'), ('354', '1', '启停控制', '0', null, '2017-03-21 14:49:18'), ('355', '1', '冷却水回水温度', '34', null, '2017-03-21 14:49:18'), ('356', '1', '冷冻水供水温度设定值', '20', null, '2017-03-21 14:49:18'), ('357', '1', '冷冻水回水温度', '32', null, '2017-03-21 14:49:18'), ('358', '1', '冷凝温度', '41', null, '2017-03-21 14:49:18'), ('359', '1', '手自动状态', '0', null, '2017-03-21 14:49:18'), ('360', '1', '冷冻水供水压力', '35', null, '2017-03-21 14:49:18'), ('361', '1', '蒸发温度', '42', null, '2017-03-21 14:49:18'), ('362', '1', '冷冻水回水压力', '36', null, '2017-03-21 14:49:18'), ('363', '1', '冷却水出水压力', '37', null, '2017-03-21 14:49:18'), ('364', '1', '故障状态', '0', null, '2017-03-21 14:49:18'), ('365', '1', '蒸发压力', '44', null, '2017-03-21 14:49:18'), ('366', '1', '冷凝压力', '43', null, '2017-03-21 14:49:18'), ('367', '1', '冷冻水供水温度', '31', null, '2017-03-21 14:49:18'), ('368', '1', '启停状态', '0', null, '2017-03-21 14:49:18'), ('369', '1', '冷却水回水压力', '38', null, '2017-03-21 14:49:18'), ('370', '1', '冷却水出水温度', '33', null, '2017-03-21 14:49:18'), ('371', '1', '启停控制', '0', null, '2017-03-21 15:08:54'), ('372', '1', '冷却水回水温度', '34', null, '2017-03-21 15:08:54'), ('373', '1', '冷冻水供水温度设定值', '20', null, '2017-03-21 15:08:54'), ('374', '1', '冷冻水回水温度', '32', null, '2017-03-21 15:08:54'), ('375', '1', '冷凝温度', '41', null, '2017-03-21 15:08:54'), ('376', '1', '手自动状态', '0', null, '2017-03-21 15:08:54'), ('377', '1', '冷冻水供水压力', '35', null, '2017-03-21 15:08:55'), ('378', '1', '蒸发温度', '42', null, '2017-03-21 15:08:55'), ('379', '1', '冷冻水回水压力', '36', null, '2017-03-21 15:08:55'), ('380', '1', '冷却水出水压力', '37', null, '2017-03-21 15:08:55'), ('381', '1', '故障状态', '0', null, '2017-03-21 15:08:55'), ('382', '1', '蒸发压力', '44', null, '2017-03-21 15:08:55'), ('383', '1', '冷凝压力', '43', null, '2017-03-21 15:08:55'), ('384', '1', '冷冻水供水温度', '31', null, '2017-03-21 15:08:55'), ('385', '1', '启停状态', '0', null, '2017-03-21 15:08:55'), ('386', '1', '冷却水回水压力', '38', null, '2017-03-21 15:08:55'), ('387', '1', '冷却水出水温度', '33', null, '2017-03-21 15:08:55'), ('388', '1', '启停控制', '0', null, '2017-03-23 09:36:59'), ('389', '1', '冷却水回水温度', '34', null, '2017-03-23 09:36:59'), ('390', '1', '冷冻水供水温度设定值', '20', null, '2017-03-23 09:36:59'), ('391', '1', '冷冻水回水温度', '32', null, '2017-03-23 09:36:59'), ('392', '1', '冷凝温度', '41', null, '2017-03-23 09:36:59'), ('393', '1', '手自动状态', '0', null, '2017-03-23 09:37:00'), ('394', '1', '冷冻水供水压力', '35', null, '2017-03-23 09:37:00'), ('395', '1', '蒸发温度', '42', null, '2017-03-23 09:37:00'), ('396', '1', '冷冻水回水压力', '36', null, '2017-03-23 09:37:00'), ('397', '1', '冷却水出水压力', '37', null, '2017-03-23 09:37:00'), ('398', '1', '故障状态', '0', null, '2017-03-23 09:37:00'), ('399', '1', '蒸发压力', '44', null, '2017-03-23 09:37:00'), ('400', '1', '冷凝压力', '43', null, '2017-03-23 09:37:00'), ('401', '1', '冷冻水供水温度', '31', null, '2017-03-23 09:37:00');
INSERT INTO `device_property_log` VALUES ('402', '1', '启停状态', '0', null, '2017-03-23 09:37:00'), ('403', '1', '冷却水回水压力', '38', null, '2017-03-23 09:37:00'), ('404', '1', '冷却水出水温度', '33', null, '2017-03-23 09:37:00'), ('405', '1', '启停控制', '0', null, '2017-03-23 09:45:13'), ('406', '1', '冷却水回水温度', '34', null, '2017-03-23 09:45:13'), ('407', '1', '冷冻水供水温度设定值', '20', null, '2017-03-23 09:45:13'), ('408', '1', '冷冻水回水温度', '32', null, '2017-03-23 09:45:13'), ('409', '1', '冷凝温度', '41', null, '2017-03-23 09:45:13'), ('410', '1', '手自动状态', '0', null, '2017-03-23 09:45:13'), ('411', '1', '冷冻水供水压力', '35', null, '2017-03-23 09:45:13'), ('412', '1', '蒸发温度', '42', null, '2017-03-23 09:45:14'), ('413', '1', '冷冻水回水压力', '36', null, '2017-03-23 09:45:14'), ('414', '1', '冷却水出水压力', '37', null, '2017-03-23 09:45:14'), ('415', '1', '故障状态', '0', null, '2017-03-23 09:45:14'), ('416', '1', '蒸发压力', '44', null, '2017-03-23 09:45:14'), ('417', '1', '冷凝压力', '43', null, '2017-03-23 09:45:14'), ('418', '1', '冷冻水供水温度', '31', null, '2017-03-23 09:45:14'), ('419', '1', '启停状态', '0', null, '2017-03-23 09:45:14'), ('420', '1', '冷却水回水压力', '38', null, '2017-03-23 09:45:14'), ('421', '1', '冷却水出水温度', '33', null, '2017-03-23 09:45:14'), ('422', '1', '启停控制', '0', null, '2017-03-23 09:45:43'), ('423', '1', '冷却水回水温度', '34', null, '2017-03-23 09:45:43'), ('424', '1', '冷冻水供水温度设定值', '20', null, '2017-03-23 09:45:43'), ('425', '1', '冷冻水回水温度', '32', null, '2017-03-23 09:45:43'), ('426', '1', '冷凝温度', '41', null, '2017-03-23 09:45:43'), ('427', '1', '手自动状态', '0', null, '2017-03-23 09:45:43'), ('428', '1', '冷冻水供水压力', '35', null, '2017-03-23 09:45:43'), ('429', '1', '蒸发温度', '42', null, '2017-03-23 09:45:43'), ('430', '1', '冷冻水回水压力', '36', null, '2017-03-23 09:45:43'), ('431', '1', '冷却水出水压力', '37', null, '2017-03-23 09:45:43'), ('432', '1', '故障状态', '0', null, '2017-03-23 09:45:43'), ('433', '1', '蒸发压力', '44', null, '2017-03-23 09:45:43'), ('434', '1', '冷凝压力', '43', null, '2017-03-23 09:45:43'), ('435', '1', '冷冻水供水温度', '31', null, '2017-03-23 09:45:43'), ('436', '1', '启停状态', '0', null, '2017-03-23 09:45:43'), ('437', '1', '冷却水回水压力', '38', null, '2017-03-23 09:45:43'), ('438', '1', '冷却水出水温度', '33', null, '2017-03-23 09:45:43'), ('439', '1', '启停控制', '0', null, '2017-03-23 09:45:58'), ('440', '1', '冷却水回水温度', '34', null, '2017-03-23 09:45:58'), ('441', '1', '冷冻水供水温度设定值', '20', null, '2017-03-23 09:45:58'), ('442', '1', '冷冻水回水温度', '32', null, '2017-03-23 09:45:58'), ('443', '1', '冷凝温度', '41', null, '2017-03-23 09:45:58'), ('444', '1', '手自动状态', '0', null, '2017-03-23 09:45:58'), ('445', '1', '冷冻水供水压力', '35', null, '2017-03-23 09:45:58'), ('446', '1', '蒸发温度', '42', null, '2017-03-23 09:45:58'), ('447', '1', '冷冻水回水压力', '36', null, '2017-03-23 09:45:58'), ('448', '1', '冷却水出水压力', '37', null, '2017-03-23 09:45:58'), ('449', '1', '故障状态', '0', null, '2017-03-23 09:45:58'), ('450', '1', '蒸发压力', '44', null, '2017-03-23 09:45:58'), ('451', '1', '冷凝压力', '43', null, '2017-03-23 09:45:58'), ('452', '1', '冷冻水供水温度', '31', null, '2017-03-23 09:45:58'), ('453', '1', '启停状态', '0', null, '2017-03-23 09:45:58'), ('454', '1', '冷却水回水压力', '38', null, '2017-03-23 09:45:58'), ('455', '1', '冷却水出水温度', '33', null, '2017-03-23 09:45:58'), ('456', '1', '启停控制', '0', null, '2017-03-23 09:45:59'), ('457', '1', '冷却水回水温度', '34', null, '2017-03-23 09:45:59'), ('458', '1', '冷冻水供水温度设定值', '20', null, '2017-03-23 09:45:59'), ('459', '1', '冷冻水回水温度', '32', null, '2017-03-23 09:45:59'), ('460', '1', '冷凝温度', '41', null, '2017-03-23 09:45:59'), ('461', '1', '手自动状态', '0', null, '2017-03-23 09:45:59'), ('462', '1', '冷冻水供水压力', '35', null, '2017-03-23 09:45:59'), ('463', '1', '蒸发温度', '42', null, '2017-03-23 09:45:59'), ('464', '1', '冷冻水回水压力', '36', null, '2017-03-23 09:45:59'), ('465', '1', '冷却水出水压力', '37', null, '2017-03-23 09:45:59'), ('466', '1', '故障状态', '0', null, '2017-03-23 09:45:59'), ('467', '1', '蒸发压力', '44', null, '2017-03-23 09:45:59'), ('468', '1', '冷凝压力', '43', null, '2017-03-23 09:45:59'), ('469', '1', '冷冻水供水温度', '31', null, '2017-03-23 09:45:59'), ('470', '1', '启停状态', '0', null, '2017-03-23 09:45:59'), ('471', '1', '冷却水回水压力', '38', null, '2017-03-23 09:45:59'), ('472', '1', '冷却水出水温度', '33', null, '2017-03-23 09:45:59'), ('473', '1', '启停控制', '0', null, '2017-03-23 09:46:00'), ('474', '1', '冷却水回水温度', '34', null, '2017-03-23 09:46:00'), ('475', '1', '冷冻水供水温度设定值', '20', null, '2017-03-23 09:46:00'), ('476', '1', '冷冻水回水温度', '32', null, '2017-03-23 09:46:00'), ('477', '1', '冷凝温度', '41', null, '2017-03-23 09:46:00'), ('478', '1', '手自动状态', '0', null, '2017-03-23 09:46:00'), ('479', '1', '冷冻水供水压力', '35', null, '2017-03-23 09:46:00'), ('480', '1', '蒸发温度', '42', null, '2017-03-23 09:46:00'), ('481', '1', '冷冻水回水压力', '36', null, '2017-03-23 09:46:00'), ('482', '1', '冷却水出水压力', '37', null, '2017-03-23 09:46:00'), ('483', '1', '故障状态', '0', null, '2017-03-23 09:46:00'), ('484', '1', '蒸发压力', '44', null, '2017-03-23 09:46:00'), ('485', '1', '冷凝压力', '43', null, '2017-03-23 09:46:00'), ('486', '1', '冷冻水供水温度', '31', null, '2017-03-23 09:46:00'), ('487', '1', '启停状态', '0', null, '2017-03-23 09:46:00'), ('488', '1', '冷却水回水压力', '38', null, '2017-03-23 09:46:00'), ('489', '1', '冷却水出水温度', '33', null, '2017-03-23 09:46:00'), ('558', '1', '启停控制', '0', null, '2017-03-31 17:00:16'), ('559', '1', '冷却水回水温度', '34', null, '2017-03-31 17:00:16'), ('560', '1', '冷冻水供水温度设定值', '20', null, '2017-03-31 17:00:16'), ('561', '1', '冷冻水回水温度', '32', null, '2017-03-31 17:00:16'), ('562', '1', '冷凝温度', '41', null, '2017-03-31 17:00:16'), ('563', '1', '手自动状态', '0', null, '2017-03-31 17:00:16'), ('564', '1', '冷冻水供水压力', '35', null, '2017-03-31 17:00:17'), ('565', '1', '蒸发温度', '42', null, '2017-03-31 17:00:17'), ('566', '1', '冷冻水回水压力', '36', null, '2017-03-31 17:00:17'), ('567', '1', '冷却水出水压力', '37', null, '2017-03-31 17:00:17'), ('568', '1', '故障状态', '0', null, '2017-03-31 17:00:17'), ('569', '1', '蒸发压力', '44', null, '2017-03-31 17:00:17');
INSERT INTO `device_property_log` VALUES ('570', '1', '冷凝压力', '43', null, '2017-03-31 17:00:17'), ('571', '1', '冷冻水供水温度', '31', null, '2017-03-31 17:00:17'), ('572', '1', '启停状态', '0', null, '2017-03-31 17:00:17'), ('573', '1', '冷却水回水压力', '38', null, '2017-03-31 17:00:17'), ('574', '1', '冷却水出水温度', '33', null, '2017-03-31 17:00:17'), ('575', '1', '启停控制', '0', null, '2017-03-31 17:00:29'), ('576', '1', '冷却水回水温度', '34', null, '2017-03-31 17:00:29'), ('577', '1', '冷冻水供水温度设定值', '20', null, '2017-03-31 17:00:29'), ('578', '1', '冷冻水回水温度', '32', null, '2017-03-31 17:00:29'), ('579', '1', '冷凝温度', '41', null, '2017-03-31 17:00:29'), ('580', '1', '手自动状态', '0', null, '2017-03-31 17:00:29'), ('581', '1', '冷冻水供水压力', '35', null, '2017-03-31 17:00:29'), ('582', '1', '蒸发温度', '42', null, '2017-03-31 17:00:29'), ('583', '1', '冷冻水回水压力', '36', null, '2017-03-31 17:00:29'), ('584', '1', '冷却水出水压力', '37', null, '2017-03-31 17:00:29'), ('585', '1', '故障状态', '0', null, '2017-03-31 17:00:29'), ('586', '1', '蒸发压力', '44', null, '2017-03-31 17:00:29'), ('587', '1', '冷凝压力', '43', null, '2017-03-31 17:00:29'), ('588', '1', '冷冻水供水温度', '31', null, '2017-03-31 17:00:29'), ('589', '1', '启停状态', '0', null, '2017-03-31 17:00:29'), ('590', '1', '冷却水回水压力', '38', null, '2017-03-31 17:00:29'), ('591', '1', '冷却水出水温度', '33', null, '2017-03-31 17:00:29'), ('592', '1', '启停控制', '0', null, '2017-03-31 17:02:23'), ('593', '1', '冷却水回水温度', '34', null, '2017-03-31 17:02:23'), ('594', '1', '冷冻水供水温度设定值', '20', null, '2017-03-31 17:02:23'), ('595', '1', '冷冻水回水温度', '32', null, '2017-03-31 17:02:23'), ('596', '1', '冷凝温度', '41', null, '2017-03-31 17:02:23'), ('597', '1', '手自动状态', '0', null, '2017-03-31 17:02:23'), ('598', '1', '冷冻水供水压力', '35', null, '2017-03-31 17:02:23'), ('599', '1', '蒸发温度', '42', null, '2017-03-31 17:02:23'), ('600', '1', '冷冻水回水压力', '36', null, '2017-03-31 17:02:23'), ('601', '1', '冷却水出水压力', '37', null, '2017-03-31 17:02:23'), ('602', '1', '故障状态', '0', null, '2017-03-31 17:02:23'), ('603', '1', '蒸发压力', '44', null, '2017-03-31 17:02:24'), ('604', '1', '冷凝压力', '43', null, '2017-03-31 17:02:24'), ('605', '1', '冷冻水供水温度', '31', null, '2017-03-31 17:02:24'), ('606', '1', '启停状态', '0', null, '2017-03-31 17:02:24'), ('607', '1', '冷却水回水压力', '38', null, '2017-03-31 17:02:24'), ('608', '1', '冷却水出水温度', '33', null, '2017-03-31 17:02:24'), ('609', '1', '启停控制', '0', null, '2017-03-31 17:06:17'), ('610', '1', '冷却水回水温度', '34', null, '2017-03-31 17:06:17'), ('611', '1', '冷冻水供水温度设定值', '20', null, '2017-03-31 17:06:17'), ('612', '1', '冷冻水回水温度', '32', null, '2017-03-31 17:06:17'), ('613', '1', '冷凝温度', '41', null, '2017-03-31 17:06:17'), ('614', '1', '手自动状态', '0', null, '2017-03-31 17:06:17'), ('615', '1', '冷冻水供水压力', '35', null, '2017-03-31 17:06:18'), ('616', '1', '蒸发温度', '42', null, '2017-03-31 17:06:18'), ('617', '1', '冷冻水回水压力', '36', null, '2017-03-31 17:06:18'), ('618', '1', '冷却水出水压力', '37', null, '2017-03-31 17:06:18'), ('619', '1', '故障状态', '0', null, '2017-03-31 17:06:18'), ('620', '1', '蒸发压力', '44', null, '2017-03-31 17:06:18'), ('621', '1', '冷凝压力', '43', null, '2017-03-31 17:06:18'), ('622', '1', '冷冻水供水温度', '31', null, '2017-03-31 17:06:18'), ('623', '1', '启停状态', '0', null, '2017-03-31 17:06:18'), ('624', '1', '冷却水回水压力', '38', null, '2017-03-31 17:06:18'), ('625', '1', '冷却水出水温度', '33', null, '2017-03-31 17:06:18'), ('762', '1', '启停控制', '0', null, '2017-03-31 18:00:00'), ('763', '1', '冷却水回水温度', '34', null, '2017-03-31 18:00:00'), ('764', '1', '冷冻水供水温度设定值', '20', null, '2017-03-31 18:00:00'), ('765', '1', '冷冻水回水温度', '32', null, '2017-03-31 18:00:00'), ('766', '1', '冷凝温度', '41', null, '2017-03-31 18:00:00'), ('767', '1', '手自动状态', '0', null, '2017-03-31 18:00:00'), ('768', '1', '冷冻水供水压力', '35', null, '2017-03-31 18:00:00'), ('769', '1', '蒸发温度', '42', null, '2017-03-31 18:00:00'), ('770', '1', '冷冻水回水压力', '36', null, '2017-03-31 18:00:01'), ('771', '1', '冷却水出水压力', '37', null, '2017-03-31 18:00:01'), ('772', '1', '故障状态', '0', null, '2017-03-31 18:00:01'), ('773', '1', '蒸发压力', '44', null, '2017-03-31 18:00:01'), ('774', '1', '冷凝压力', '43', null, '2017-03-31 18:00:01'), ('775', '1', '冷冻水供水温度', '31', null, '2017-03-31 18:00:01'), ('776', '1', '启停状态', '0', null, '2017-03-31 18:00:01'), ('777', '1', '冷却水回水压力', '38', null, '2017-03-31 18:00:01'), ('778', '1', '冷却水出水温度', '33', null, '2017-03-31 18:00:01'), ('808', '1', '冷凝压力', '43', null, '2017-03-31 18:01:23'), ('809', '1', '冷冻水供水温度', '31', null, '2017-03-31 18:01:24'), ('810', '1', '启停状态', '0', null, '2017-03-31 18:01:24'), ('811', '1', '冷却水回水压力', '38', null, '2017-03-31 18:01:24'), ('812', '1', '冷却水出水温度', '33', null, '2017-03-31 18:01:24'), ('813', '1', '启停控制', '0', null, '2017-03-31 18:02:10'), ('814', '1', '冷却水回水温度', '34', null, '2017-03-31 18:02:10'), ('815', '1', '冷冻水供水温度设定值', '20', null, '2017-03-31 18:02:10'), ('816', '1', '冷冻水回水温度', '32', null, '2017-03-31 18:02:10'), ('817', '1', '冷凝温度', '41', null, '2017-03-31 18:02:10'), ('818', '1', '手自动状态', '0', null, '2017-03-31 18:02:10'), ('819', '1', '冷冻水供水压力', '35', null, '2017-03-31 18:02:10'), ('820', '1', '蒸发温度', '42', null, '2017-03-31 18:02:11'), ('821', '1', '冷冻水回水压力', '36', null, '2017-03-31 18:02:11'), ('822', '1', '冷却水出水压力', '37', null, '2017-03-31 18:02:11'), ('823', '1', '故障状态', '0', null, '2017-03-31 18:02:11'), ('824', '1', '蒸发压力', '44', null, '2017-03-31 18:02:11'), ('825', '1', '冷凝压力', '43', null, '2017-03-31 18:02:11'), ('826', '1', '冷冻水供水温度', '31', null, '2017-03-31 18:02:11'), ('827', '1', '启停状态', '0', null, '2017-03-31 18:02:11'), ('828', '1', '冷却水回水压力', '38', null, '2017-03-31 18:02:11'), ('829', '1', '冷却水出水温度', '33', null, '2017-03-31 18:02:11'), ('830', '1', '启停控制', '0', null, '2017-03-31 18:02:26'), ('831', '1', '冷却水回水温度', '34', null, '2017-03-31 18:02:26'), ('832', '1', '冷冻水供水温度设定值', '20', null, '2017-03-31 18:02:26'), ('833', '1', '冷冻水回水温度', '32', null, '2017-03-31 18:02:26'), ('834', '1', '冷凝温度', '41', null, '2017-03-31 18:02:26');
INSERT INTO `device_property_log` VALUES ('835', '1', '手自动状态', '0', null, '2017-03-31 18:02:26'), ('836', '1', '冷冻水供水压力', '35', null, '2017-03-31 18:02:26'), ('837', '1', '蒸发温度', '42', null, '2017-03-31 18:02:26'), ('838', '1', '冷冻水回水压力', '36', null, '2017-03-31 18:02:26'), ('839', '1', '冷却水出水压力', '37', null, '2017-03-31 18:02:26'), ('840', '1', '故障状态', '0', null, '2017-03-31 18:02:26'), ('841', '1', '蒸发压力', '44', null, '2017-03-31 18:02:26'), ('842', '1', '冷凝压力', '43', null, '2017-03-31 18:02:26'), ('843', '1', '冷冻水供水温度', '31', null, '2017-03-31 18:02:26'), ('844', '1', '启停状态', '0', null, '2017-03-31 18:02:26'), ('845', '1', '冷却水回水压力', '38', null, '2017-03-31 18:02:26'), ('846', '1', '冷却水出水温度', '33', null, '2017-03-31 18:02:26'), ('847', '1', '启停控制', '0', null, '2017-03-31 18:04:14'), ('848', '1', '冷却水回水温度', '34', null, '2017-03-31 18:04:14'), ('849', '1', '冷冻水供水温度设定值', '20', null, '2017-03-31 18:04:14'), ('850', '1', '冷冻水回水温度', '32', null, '2017-03-31 18:04:14'), ('851', '1', '冷凝温度', '41', null, '2017-03-31 18:04:14'), ('852', '1', '手自动状态', '0', null, '2017-03-31 18:04:14'), ('853', '1', '冷冻水供水压力', '35', null, '2017-03-31 18:04:14'), ('854', '1', '蒸发温度', '42', null, '2017-03-31 18:04:14'), ('855', '1', '冷冻水回水压力', '36', null, '2017-03-31 18:04:14'), ('856', '1', '冷却水出水压力', '37', null, '2017-03-31 18:04:14'), ('857', '1', '故障状态', '0', null, '2017-03-31 18:04:14'), ('858', '1', '蒸发压力', '44', null, '2017-03-31 18:04:14'), ('859', '1', '冷凝压力', '43', null, '2017-03-31 18:04:14'), ('860', '1', '冷冻水供水温度', '31', null, '2017-03-31 18:04:14'), ('861', '1', '启停状态', '0', null, '2017-03-31 18:04:14'), ('862', '1', '冷却水回水压力', '38', null, '2017-03-31 18:04:14'), ('863', '1', '冷却水出水温度', '33', null, '2017-03-31 18:04:14'), ('864', '1', '启停控制', '0', null, '2017-03-31 18:04:35'), ('865', '1', '冷却水回水温度', '34', null, '2017-03-31 18:04:35'), ('866', '1', '冷冻水供水温度设定值', '20', null, '2017-03-31 18:04:35'), ('867', '1', '冷冻水回水温度', '32', null, '2017-03-31 18:04:35'), ('868', '1', '冷凝温度', '41', null, '2017-03-31 18:04:35'), ('869', '1', '手自动状态', '0', null, '2017-03-31 18:04:35'), ('870', '1', '冷冻水供水压力', '35', null, '2017-03-31 18:04:35'), ('871', '1', '蒸发温度', '42', null, '2017-03-31 18:04:35'), ('872', '1', '冷冻水回水压力', '36', null, '2017-03-31 18:04:35'), ('873', '1', '冷却水出水压力', '37', null, '2017-03-31 18:04:35'), ('874', '1', '故障状态', '0', null, '2017-03-31 18:04:35'), ('875', '1', '蒸发压力', '44', null, '2017-03-31 18:04:35'), ('876', '1', '冷凝压力', '43', null, '2017-03-31 18:04:35'), ('877', '1', '冷冻水供水温度', '31', null, '2017-03-31 18:04:35'), ('878', '1', '启停状态', '0', null, '2017-03-31 18:04:35'), ('879', '1', '冷却水回水压力', '38', null, '2017-03-31 18:04:35'), ('880', '1', '冷却水出水温度', '33', null, '2017-03-31 18:04:35'), ('881', '1', '启停控制', '0', null, '2017-03-31 18:06:16'), ('882', '1', '冷却水回水温度', '34', null, '2017-03-31 18:06:16'), ('883', '1', '冷冻水供水温度设定值', '20', null, '2017-03-31 18:06:16'), ('884', '1', '冷冻水回水温度', '32', null, '2017-03-31 18:06:16'), ('885', '1', '冷凝温度', '41', null, '2017-03-31 18:06:16'), ('886', '1', '手自动状态', '0', null, '2017-03-31 18:06:16'), ('887', '1', '冷冻水供水压力', '35', null, '2017-03-31 18:06:16'), ('888', '1', '蒸发温度', '42', null, '2017-03-31 18:06:16'), ('889', '1', '冷冻水回水压力', '36', null, '2017-03-31 18:06:16'), ('890', '1', '冷却水出水压力', '37', null, '2017-03-31 18:06:16'), ('891', '1', '故障状态', '0', null, '2017-03-31 18:06:16'), ('892', '1', '蒸发压力', '44', null, '2017-03-31 18:06:16'), ('893', '1', '冷凝压力', '43', null, '2017-03-31 18:06:16'), ('894', '1', '冷冻水供水温度', '31', null, '2017-03-31 18:06:16'), ('895', '1', '启停状态', '0', null, '2017-03-31 18:06:16'), ('896', '1', '冷却水回水压力', '38', null, '2017-03-31 18:06:16'), ('897', '1', '冷却水出水温度', '33', null, '2017-03-31 18:06:16'), ('1063', '1', '冷凝压力', '43', null, '2017-03-31 18:07:35'), ('1064', '1', '冷冻水供水温度', '31', null, '2017-03-31 18:07:35'), ('1065', '1', '启停状态', '0', null, '2017-03-31 18:07:35'), ('1066', '1', '冷却水回水压力', '38', null, '2017-03-31 18:07:35'), ('1067', '1', '冷却水出水温度', '33', null, '2017-03-31 18:07:35'), ('1068', '1', '启停控制', '0', null, '2017-03-31 18:08:04'), ('1069', '1', '冷却水回水温度', '34', null, '2017-03-31 18:08:04'), ('1070', '1', '冷冻水供水温度设定值', '20', null, '2017-03-31 18:08:04'), ('1071', '1', '冷冻水回水温度', '32', null, '2017-03-31 18:08:04'), ('1072', '1', '冷凝温度', '41', null, '2017-03-31 18:08:04'), ('1073', '1', '手自动状态', '0', null, '2017-03-31 18:08:04'), ('1074', '1', '冷冻水供水压力', '35', null, '2017-03-31 18:08:04'), ('1075', '1', '蒸发温度', '42', null, '2017-03-31 18:08:04'), ('1076', '1', '冷冻水回水压力', '36', null, '2017-03-31 18:08:04'), ('1077', '1', '冷却水出水压力', '37', null, '2017-03-31 18:08:04'), ('1078', '1', '故障状态', '0', null, '2017-03-31 18:08:04'), ('1079', '1', '蒸发压力', '44', null, '2017-03-31 18:08:04'), ('1080', '1', '冷凝压力', '43', null, '2017-03-31 18:08:04'), ('1081', '1', '冷冻水供水温度', '31', null, '2017-03-31 18:08:04'), ('1082', '1', '启停状态', '0', null, '2017-03-31 18:08:04'), ('1083', '1', '冷却水回水压力', '38', null, '2017-03-31 18:08:04'), ('1084', '1', '冷却水出水温度', '33', null, '2017-03-31 18:08:04'), ('1085', '1', '启停控制', '0', null, '2017-03-31 18:08:06'), ('1086', '1', '冷却水回水温度', '34', null, '2017-03-31 18:08:06'), ('1087', '1', '冷冻水供水温度设定值', '20', null, '2017-03-31 18:08:06'), ('1088', '1', '冷冻水回水温度', '32', null, '2017-03-31 18:08:06'), ('1089', '1', '冷凝温度', '41', null, '2017-03-31 18:08:06'), ('1090', '1', '手自动状态', '0', null, '2017-03-31 18:08:06'), ('1091', '1', '冷冻水供水压力', '35', null, '2017-03-31 18:08:06'), ('1092', '1', '蒸发温度', '42', null, '2017-03-31 18:08:06'), ('1093', '1', '冷冻水回水压力', '36', null, '2017-03-31 18:08:06'), ('1094', '1', '冷却水出水压力', '37', null, '2017-03-31 18:08:06'), ('1095', '1', '故障状态', '0', null, '2017-03-31 18:08:06'), ('1096', '1', '蒸发压力', '44', null, '2017-03-31 18:08:06'), ('1097', '1', '冷凝压力', '43', null, '2017-03-31 18:08:06'), ('1098', '1', '冷冻水供水温度', '31', null, '2017-03-31 18:08:06'), ('1099', '1', '启停状态', '0', null, '2017-03-31 18:08:06');
INSERT INTO `device_property_log` VALUES ('1100', '1', '冷却水回水压力', '38', null, '2017-03-31 18:08:06'), ('1101', '1', '冷却水出水温度', '33', null, '2017-03-31 18:08:06'), ('1102', '1', '启停控制', '0', null, '2017-03-31 18:08:06'), ('1103', '1', '冷却水回水温度', '34', null, '2017-03-31 18:08:06'), ('1104', '1', '冷冻水供水温度设定值', '20', null, '2017-03-31 18:08:06'), ('1105', '1', '冷冻水回水温度', '32', null, '2017-03-31 18:08:06'), ('1106', '1', '冷凝温度', '41', null, '2017-03-31 18:08:06'), ('1107', '1', '手自动状态', '0', null, '2017-03-31 18:08:06'), ('1108', '1', '冷冻水供水压力', '35', null, '2017-03-31 18:08:06'), ('1109', '1', '蒸发温度', '42', null, '2017-03-31 18:08:06'), ('1110', '1', '冷冻水回水压力', '36', null, '2017-03-31 18:08:06'), ('1111', '1', '冷却水出水压力', '37', null, '2017-03-31 18:08:06'), ('1112', '1', '故障状态', '0', null, '2017-03-31 18:08:06'), ('1113', '1', '蒸发压力', '44', null, '2017-03-31 18:08:06'), ('1114', '1', '冷凝压力', '43', null, '2017-03-31 18:08:06'), ('1115', '1', '冷冻水供水温度', '31', null, '2017-03-31 18:08:06'), ('1116', '1', '启停状态', '0', null, '2017-03-31 18:08:07'), ('1117', '1', '冷却水回水压力', '38', null, '2017-03-31 18:08:07'), ('1118', '1', '冷却水出水温度', '33', null, '2017-03-31 18:08:07'), ('1119', '1', '启停控制', '0', null, '2017-03-31 18:08:07'), ('1120', '1', '冷却水回水温度', '34', null, '2017-03-31 18:08:07'), ('1121', '1', '冷冻水供水温度设定值', '20', null, '2017-03-31 18:08:07'), ('1122', '1', '冷冻水回水温度', '32', null, '2017-03-31 18:08:07'), ('1123', '1', '冷凝温度', '41', null, '2017-03-31 18:08:07'), ('1124', '1', '手自动状态', '0', null, '2017-03-31 18:08:07'), ('1125', '1', '冷冻水供水压力', '35', null, '2017-03-31 18:08:07'), ('1126', '1', '蒸发温度', '42', null, '2017-03-31 18:08:07'), ('1127', '1', '冷冻水回水压力', '36', null, '2017-03-31 18:08:07'), ('1128', '1', '冷却水出水压力', '37', null, '2017-03-31 18:08:07'), ('1129', '1', '故障状态', '0', null, '2017-03-31 18:08:07'), ('1130', '1', '蒸发压力', '44', null, '2017-03-31 18:08:07'), ('1131', '1', '冷凝压力', '43', null, '2017-03-31 18:08:07'), ('1132', '1', '冷冻水供水温度', '31', null, '2017-03-31 18:08:07'), ('1133', '1', '启停状态', '0', null, '2017-03-31 18:08:07'), ('1134', '1', '冷却水回水压力', '38', null, '2017-03-31 18:08:07'), ('1135', '1', '冷却水出水温度', '33', null, '2017-03-31 18:08:07'), ('1136', '1', '启停控制', '0', null, '2017-03-31 18:08:07'), ('1137', '1', '冷却水回水温度', '34', null, '2017-03-31 18:08:07'), ('1138', '1', '冷冻水供水温度设定值', '20', null, '2017-03-31 18:08:07'), ('1139', '1', '冷冻水回水温度', '32', null, '2017-03-31 18:08:07'), ('1140', '1', '冷凝温度', '41', null, '2017-03-31 18:08:07'), ('1141', '1', '手自动状态', '0', null, '2017-03-31 18:08:07'), ('1142', '1', '冷冻水供水压力', '35', null, '2017-03-31 18:08:07'), ('1143', '1', '蒸发温度', '42', null, '2017-03-31 18:08:07'), ('1144', '1', '冷冻水回水压力', '36', null, '2017-03-31 18:08:07'), ('1145', '1', '冷却水出水压力', '37', null, '2017-03-31 18:08:07'), ('1146', '1', '故障状态', '0', null, '2017-03-31 18:08:07'), ('1147', '1', '蒸发压力', '44', null, '2017-03-31 18:08:07'), ('1148', '1', '冷凝压力', '43', null, '2017-03-31 18:08:07'), ('1149', '1', '冷冻水供水温度', '31', null, '2017-03-31 18:08:07'), ('1150', '1', '启停状态', '0', null, '2017-03-31 18:08:07'), ('1151', '1', '冷却水回水压力', '38', null, '2017-03-31 18:08:07'), ('1152', '1', '冷却水出水温度', '33', null, '2017-03-31 18:08:07'), ('1153', '1', '启停控制', '0', null, '2017-03-31 18:19:05'), ('1154', '1', '冷却水回水温度', '34', null, '2017-03-31 18:19:05'), ('1155', '1', '冷冻水供水温度设定值', '20', null, '2017-03-31 18:19:05'), ('1156', '1', '冷冻水回水温度', '32', null, '2017-03-31 18:19:05'), ('1157', '1', '冷凝温度', '41', null, '2017-03-31 18:19:05'), ('1158', '1', '手自动状态', '0', null, '2017-03-31 18:19:05'), ('1159', '1', '冷冻水供水压力', '35', null, '2017-03-31 18:19:05'), ('1160', '1', '蒸发温度', '42', null, '2017-03-31 18:19:05'), ('1161', '1', '冷冻水回水压力', '36', null, '2017-03-31 18:19:05'), ('1162', '1', '冷却水出水压力', '37', null, '2017-03-31 18:19:05'), ('1163', '1', '故障状态', '0', null, '2017-03-31 18:19:05'), ('1164', '1', '蒸发压力', '44', null, '2017-03-31 18:19:05'), ('1165', '1', '冷凝压力', '43', null, '2017-03-31 18:19:05'), ('1166', '1', '冷冻水供水温度', '31', null, '2017-03-31 18:19:05'), ('1167', '1', '启停状态', '0', null, '2017-03-31 18:19:05'), ('1168', '1', '冷却水回水压力', '38', null, '2017-03-31 18:19:05'), ('1169', '1', '冷却水出水温度', '33', null, '2017-03-31 18:19:05'), ('1170', '1', '启停控制', '0', null, '2017-03-31 18:19:06'), ('1171', '1', '冷却水回水温度', '34', null, '2017-03-31 18:19:06'), ('1172', '1', '冷冻水供水温度设定值', '20', null, '2017-03-31 18:19:06'), ('1173', '1', '冷冻水回水温度', '32', null, '2017-03-31 18:19:06'), ('1174', '1', '冷凝温度', '41', null, '2017-03-31 18:19:06'), ('1175', '1', '手自动状态', '0', null, '2017-03-31 18:19:06'), ('1176', '1', '冷冻水供水压力', '35', null, '2017-03-31 18:19:06'), ('1177', '1', '蒸发温度', '42', null, '2017-03-31 18:19:06'), ('1178', '1', '冷冻水回水压力', '36', null, '2017-03-31 18:19:06'), ('1179', '1', '冷却水出水压力', '37', null, '2017-03-31 18:19:06'), ('1180', '1', '故障状态', '0', null, '2017-03-31 18:19:06'), ('1181', '1', '蒸发压力', '44', null, '2017-03-31 18:19:06'), ('1182', '1', '冷凝压力', '43', null, '2017-03-31 18:19:06'), ('1183', '1', '冷冻水供水温度', '31', null, '2017-03-31 18:19:06'), ('1184', '1', '启停状态', '0', null, '2017-03-31 18:19:06'), ('1185', '1', '冷却水回水压力', '38', null, '2017-03-31 18:19:06'), ('1186', '1', '冷却水出水温度', '33', null, '2017-03-31 18:19:06'), ('1187', '1', '启停控制', '0', null, '2017-03-31 18:19:06'), ('1188', '1', '冷却水回水温度', '34', null, '2017-03-31 18:19:06'), ('1189', '1', '冷冻水供水温度设定值', '20', null, '2017-03-31 18:19:06'), ('1190', '1', '冷冻水回水温度', '32', null, '2017-03-31 18:19:06'), ('1191', '1', '冷凝温度', '41', null, '2017-03-31 18:19:06'), ('1192', '1', '手自动状态', '0', null, '2017-03-31 18:19:06'), ('1193', '1', '冷冻水供水压力', '35', null, '2017-03-31 18:19:06'), ('1194', '1', '蒸发温度', '42', null, '2017-03-31 18:19:06'), ('1195', '1', '冷冻水回水压力', '36', null, '2017-03-31 18:19:06'), ('507', '1', '启停控制', '0', null, '2017-03-29 16:13:58'), ('508', '1', '冷却水回水温度', '34', null, '2017-03-29 16:13:58'), ('509', '1', '冷冻水供水温度设定值', '20', null, '2017-03-29 16:13:58'), ('510', '1', '冷冻水回水温度', '32', null, '2017-03-29 16:13:58');
INSERT INTO `device_property_log` VALUES ('511', '1', '冷凝温度', '41', null, '2017-03-29 16:13:58'), ('512', '1', '手自动状态', '0', null, '2017-03-29 16:13:58'), ('513', '1', '冷冻水供水压力', '35', null, '2017-03-29 16:13:58'), ('514', '1', '蒸发温度', '42', null, '2017-03-29 16:13:58'), ('515', '1', '冷冻水回水压力', '36', null, '2017-03-29 16:13:58'), ('516', '1', '冷却水出水压力', '37', null, '2017-03-29 16:13:58'), ('517', '1', '故障状态', '0', null, '2017-03-29 16:13:58'), ('518', '1', '蒸发压力', '44', null, '2017-03-29 16:13:58'), ('519', '1', '冷凝压力', '43', null, '2017-03-29 16:13:58'), ('520', '1', '冷冻水供水温度', '31', null, '2017-03-29 16:13:58'), ('521', '1', '启停状态', '0', null, '2017-03-29 16:13:58'), ('522', '1', '冷却水回水压力', '38', null, '2017-03-29 16:13:58'), ('523', '1', '冷却水出水温度', '33', null, '2017-03-29 16:13:58'), ('524', '1', '启停控制', '0', null, '2017-03-29 16:20:22'), ('525', '1', '冷却水回水温度', '34', null, '2017-03-29 16:20:22'), ('526', '1', '冷冻水供水温度设定值', '20', null, '2017-03-29 16:20:22'), ('527', '1', '冷冻水回水温度', '32', null, '2017-03-29 16:20:22'), ('528', '1', '冷凝温度', '41', null, '2017-03-29 16:20:22'), ('529', '1', '手自动状态', '0', null, '2017-03-29 16:20:22'), ('530', '1', '冷冻水供水压力', '35', null, '2017-03-29 16:20:22'), ('531', '1', '蒸发温度', '42', null, '2017-03-29 16:20:22'), ('532', '1', '冷冻水回水压力', '36', null, '2017-03-29 16:20:22'), ('533', '1', '冷却水出水压力', '37', null, '2017-03-29 16:20:22'), ('534', '1', '故障状态', '0', null, '2017-03-29 16:20:22'), ('535', '1', '蒸发压力', '44', null, '2017-03-29 16:20:22'), ('536', '1', '冷凝压力', '43', null, '2017-03-29 16:20:22'), ('537', '1', '冷冻水供水温度', '31', null, '2017-03-29 16:20:22'), ('538', '1', '启停状态', '0', null, '2017-03-29 16:20:23'), ('539', '1', '冷却水回水压力', '38', null, '2017-03-29 16:20:23'), ('540', '1', '冷却水出水温度', '33', null, '2017-03-29 16:20:23'), ('898', '1', '启停控制', '0', null, '2017-03-31 18:06:18'), ('899', '1', '冷却水回水温度', '34', null, '2017-03-31 18:06:18'), ('900', '1', '冷冻水供水温度设定值', '20', null, '2017-03-31 18:06:18'), ('901', '1', '冷冻水回水温度', '32', null, '2017-03-31 18:06:18'), ('902', '1', '冷凝温度', '41', null, '2017-03-31 18:06:18'), ('903', '1', '手自动状态', '0', null, '2017-03-31 18:06:18'), ('904', '1', '冷冻水供水压力', '35', null, '2017-03-31 18:06:18'), ('905', '1', '蒸发温度', '42', null, '2017-03-31 18:06:18'), ('906', '1', '冷冻水回水压力', '36', null, '2017-03-31 18:06:18'), ('907', '1', '冷却水出水压力', '37', null, '2017-03-31 18:06:18'), ('908', '1', '故障状态', '0', null, '2017-03-31 18:06:18'), ('909', '1', '蒸发压力', '44', null, '2017-03-31 18:06:18'), ('910', '1', '冷凝压力', '43', null, '2017-03-31 18:06:18'), ('911', '1', '冷冻水供水温度', '31', null, '2017-03-31 18:06:18'), ('912', '1', '启停状态', '0', null, '2017-03-31 18:06:18'), ('913', '1', '冷却水回水压力', '38', null, '2017-03-31 18:06:18'), ('914', '1', '冷却水出水温度', '33', null, '2017-03-31 18:06:18'), ('915', '1', '启停控制', '0', null, '2017-03-31 18:06:21'), ('916', '1', '冷却水回水温度', '34', null, '2017-03-31 18:06:21'), ('917', '1', '冷冻水供水温度设定值', '20', null, '2017-03-31 18:06:21'), ('918', '1', '冷冻水回水温度', '32', null, '2017-03-31 18:06:21'), ('919', '1', '冷凝温度', '41', null, '2017-03-31 18:06:21'), ('920', '1', '手自动状态', '0', null, '2017-03-31 18:06:21'), ('921', '1', '冷冻水供水压力', '35', null, '2017-03-31 18:06:21'), ('922', '1', '蒸发温度', '42', null, '2017-03-31 18:06:21'), ('923', '1', '冷冻水回水压力', '36', null, '2017-03-31 18:06:21'), ('924', '1', '冷却水出水压力', '37', null, '2017-03-31 18:06:21'), ('925', '1', '故障状态', '0', null, '2017-03-31 18:06:21'), ('926', '1', '蒸发压力', '44', null, '2017-03-31 18:06:21'), ('927', '1', '冷凝压力', '43', null, '2017-03-31 18:06:21'), ('928', '1', '冷冻水供水温度', '31', null, '2017-03-31 18:06:21'), ('929', '1', '启停状态', '0', null, '2017-03-31 18:06:21'), ('930', '1', '冷却水回水压力', '38', null, '2017-03-31 18:06:21'), ('931', '1', '冷却水出水温度', '33', null, '2017-03-31 18:06:21'), ('932', '1', '启停控制', '0', null, '2017-03-31 18:06:23'), ('933', '1', '冷却水回水温度', '34', null, '2017-03-31 18:06:23'), ('934', '1', '冷冻水供水温度设定值', '20', null, '2017-03-31 18:06:23'), ('935', '1', '冷冻水回水温度', '32', null, '2017-03-31 18:06:23'), ('936', '1', '冷凝温度', '41', null, '2017-03-31 18:06:23'), ('937', '1', '手自动状态', '0', null, '2017-03-31 18:06:23'), ('938', '1', '冷冻水供水压力', '35', null, '2017-03-31 18:06:23'), ('939', '1', '蒸发温度', '42', null, '2017-03-31 18:06:23'), ('940', '1', '冷冻水回水压力', '36', null, '2017-03-31 18:06:23'), ('941', '1', '冷却水出水压力', '37', null, '2017-03-31 18:06:23'), ('942', '1', '故障状态', '0', null, '2017-03-31 18:06:23'), ('943', '1', '蒸发压力', '44', null, '2017-03-31 18:06:23'), ('944', '1', '冷凝压力', '43', null, '2017-03-31 18:06:23'), ('945', '1', '冷冻水供水温度', '31', null, '2017-03-31 18:06:23'), ('946', '1', '启停状态', '0', null, '2017-03-31 18:06:23'), ('947', '1', '冷却水回水压力', '38', null, '2017-03-31 18:06:23'), ('948', '1', '冷却水出水温度', '33', null, '2017-03-31 18:06:23'), ('949', '1', '启停控制', '0', null, '2017-03-31 18:06:23'), ('950', '1', '冷却水回水温度', '34', null, '2017-03-31 18:06:23'), ('951', '1', '冷冻水供水温度设定值', '20', null, '2017-03-31 18:06:23'), ('952', '1', '冷冻水回水温度', '32', null, '2017-03-31 18:06:23'), ('953', '1', '冷凝温度', '41', null, '2017-03-31 18:06:23'), ('954', '1', '手自动状态', '0', null, '2017-03-31 18:06:23'), ('955', '1', '冷冻水供水压力', '35', null, '2017-03-31 18:06:23'), ('956', '1', '蒸发温度', '42', null, '2017-03-31 18:06:23'), ('957', '1', '冷冻水回水压力', '36', null, '2017-03-31 18:06:23'), ('958', '1', '冷却水出水压力', '37', null, '2017-03-31 18:06:23'), ('959', '1', '故障状态', '0', null, '2017-03-31 18:06:24'), ('960', '1', '蒸发压力', '44', null, '2017-03-31 18:06:24'), ('961', '1', '冷凝压力', '43', null, '2017-03-31 18:06:24'), ('962', '1', '冷冻水供水温度', '31', null, '2017-03-31 18:06:24'), ('963', '1', '启停状态', '0', null, '2017-03-31 18:06:24'), ('964', '1', '冷却水回水压力', '38', null, '2017-03-31 18:06:24'), ('965', '1', '冷却水出水温度', '33', null, '2017-03-31 18:06:24'), ('966', '1', '启停控制', '0', null, '2017-03-31 18:06:24'), ('967', '1', '冷却水回水温度', '34', null, '2017-03-31 18:06:24');
INSERT INTO `device_property_log` VALUES ('968', '1', '冷冻水供水温度设定值', '20', null, '2017-03-31 18:06:24'), ('969', '1', '冷冻水回水温度', '32', null, '2017-03-31 18:06:24'), ('970', '1', '冷凝温度', '41', null, '2017-03-31 18:06:24'), ('971', '1', '手自动状态', '0', null, '2017-03-31 18:06:24'), ('972', '1', '冷冻水供水压力', '35', null, '2017-03-31 18:06:24'), ('973', '1', '蒸发温度', '42', null, '2017-03-31 18:06:24'), ('974', '1', '冷冻水回水压力', '36', null, '2017-03-31 18:06:24'), ('975', '1', '冷却水出水压力', '37', null, '2017-03-31 18:06:24'), ('976', '1', '故障状态', '0', null, '2017-03-31 18:06:24'), ('977', '1', '蒸发压力', '44', null, '2017-03-31 18:06:24'), ('978', '1', '冷凝压力', '43', null, '2017-03-31 18:06:24'), ('979', '1', '冷冻水供水温度', '31', null, '2017-03-31 18:06:24'), ('980', '1', '启停状态', '0', null, '2017-03-31 18:06:24'), ('981', '1', '冷却水回水压力', '38', null, '2017-03-31 18:06:24'), ('982', '1', '冷却水出水温度', '33', null, '2017-03-31 18:06:24'), ('983', '1', '启停控制', '0', null, '2017-03-31 18:06:24'), ('984', '1', '冷却水回水温度', '34', null, '2017-03-31 18:06:24'), ('985', '1', '冷冻水供水温度设定值', '20', null, '2017-03-31 18:06:24'), ('986', '1', '冷冻水回水温度', '32', null, '2017-03-31 18:06:24'), ('987', '1', '冷凝温度', '41', null, '2017-03-31 18:06:24'), ('988', '1', '手自动状态', '0', null, '2017-03-31 18:06:24'), ('989', '1', '冷冻水供水压力', '35', null, '2017-03-31 18:06:24'), ('990', '1', '蒸发温度', '42', null, '2017-03-31 18:06:24'), ('991', '1', '冷冻水回水压力', '36', null, '2017-03-31 18:06:24'), ('992', '1', '冷却水出水压力', '37', null, '2017-03-31 18:06:24'), ('993', '1', '故障状态', '0', null, '2017-03-31 18:06:24'), ('994', '1', '蒸发压力', '44', null, '2017-03-31 18:06:24'), ('995', '1', '冷凝压力', '43', null, '2017-03-31 18:06:24'), ('996', '1', '冷冻水供水温度', '31', null, '2017-03-31 18:06:24'), ('997', '1', '启停状态', '0', null, '2017-03-31 18:06:24'), ('998', '1', '冷却水回水压力', '38', null, '2017-03-31 18:06:24'), ('999', '1', '冷却水出水温度', '33', null, '2017-03-31 18:06:24'), ('1000', '1', '启停控制', '0', null, '2017-03-31 18:06:45'), ('1001', '1', '冷却水回水温度', '34', null, '2017-03-31 18:06:45'), ('1002', '1', '冷冻水供水温度设定值', '20', null, '2017-03-31 18:06:45'), ('1003', '1', '冷冻水回水温度', '32', null, '2017-03-31 18:06:45'), ('1004', '1', '冷凝温度', '41', null, '2017-03-31 18:06:45'), ('1005', '1', '手自动状态', '0', null, '2017-03-31 18:06:45'), ('1006', '1', '冷冻水供水压力', '35', null, '2017-03-31 18:06:45'), ('1007', '1', '蒸发温度', '42', null, '2017-03-31 18:06:45'), ('1008', '1', '冷冻水回水压力', '36', null, '2017-03-31 18:06:45'), ('1009', '1', '冷却水出水压力', '37', null, '2017-03-31 18:06:45'), ('1010', '1', '故障状态', '0', null, '2017-03-31 18:06:45'), ('1011', '1', '蒸发压力', '44', null, '2017-03-31 18:06:45'), ('1012', '1', '冷凝压力', '43', null, '2017-03-31 18:06:45'), ('1013', '1', '冷冻水供水温度', '31', null, '2017-03-31 18:06:45'), ('1014', '1', '启停状态', '0', null, '2017-03-31 18:06:45'), ('1015', '1', '冷却水回水压力', '38', null, '2017-03-31 18:06:45'), ('1016', '1', '冷却水出水温度', '33', null, '2017-03-31 18:06:45'), ('1017', '1', '启停控制', '0', null, '2017-03-31 18:07:01'), ('1018', '1', '冷却水回水温度', '34', null, '2017-03-31 18:07:01'), ('1019', '1', '冷冻水供水温度设定值', '20', null, '2017-03-31 18:07:01'), ('1020', '1', '冷冻水回水温度', '32', null, '2017-03-31 18:07:01'), ('1021', '1', '冷凝温度', '41', null, '2017-03-31 18:07:01'), ('1022', '1', '手自动状态', '0', null, '2017-03-31 18:07:01'), ('1023', '1', '冷冻水供水压力', '35', null, '2017-03-31 18:07:01'), ('1024', '1', '蒸发温度', '42', null, '2017-03-31 18:07:01'), ('1025', '1', '冷冻水回水压力', '36', null, '2017-03-31 18:07:01'), ('1026', '1', '冷却水出水压力', '37', null, '2017-03-31 18:07:01'), ('1027', '1', '故障状态', '0', null, '2017-03-31 18:07:01'), ('1028', '1', '蒸发压力', '44', null, '2017-03-31 18:07:01'), ('1029', '1', '冷凝压力', '43', null, '2017-03-31 18:07:01'), ('1030', '1', '冷冻水供水温度', '31', null, '2017-03-31 18:07:01'), ('1031', '1', '启停状态', '0', null, '2017-03-31 18:07:01'), ('1032', '1', '冷却水回水压力', '38', null, '2017-03-31 18:07:01'), ('1033', '1', '冷却水出水温度', '33', null, '2017-03-31 18:07:01'), ('1034', '1', '启停控制', '0', null, '2017-03-31 18:07:30'), ('1035', '1', '冷却水回水温度', '34', null, '2017-03-31 18:07:30'), ('1036', '1', '冷冻水供水温度设定值', '20', null, '2017-03-31 18:07:30'), ('1037', '1', '冷冻水回水温度', '32', null, '2017-03-31 18:07:30'), ('1038', '1', '冷凝温度', '41', null, '2017-03-31 18:07:30'), ('1039', '1', '手自动状态', '0', null, '2017-03-31 18:07:30'), ('1040', '1', '冷冻水供水压力', '35', null, '2017-03-31 18:07:30'), ('1041', '1', '蒸发温度', '42', null, '2017-03-31 18:07:30'), ('1042', '1', '冷冻水回水压力', '36', null, '2017-03-31 18:07:30'), ('1043', '1', '冷却水出水压力', '37', null, '2017-03-31 18:07:30'), ('1044', '1', '故障状态', '0', null, '2017-03-31 18:07:30'), ('1045', '1', '蒸发压力', '44', null, '2017-03-31 18:07:30'), ('1046', '1', '冷凝压力', '43', null, '2017-03-31 18:07:30'), ('1047', '1', '冷冻水供水温度', '31', null, '2017-03-31 18:07:30'), ('1048', '1', '启停状态', '0', null, '2017-03-31 18:07:30'), ('1049', '1', '冷却水回水压力', '38', null, '2017-03-31 18:07:30'), ('1050', '1', '冷却水出水温度', '33', null, '2017-03-31 18:07:30'), ('1051', '1', '启停控制', '0', null, '2017-03-31 18:07:35'), ('1052', '1', '冷却水回水温度', '34', null, '2017-03-31 18:07:35'), ('1053', '1', '冷冻水供水温度设定值', '20', null, '2017-03-31 18:07:35'), ('1054', '1', '冷冻水回水温度', '32', null, '2017-03-31 18:07:35'), ('1055', '1', '冷凝温度', '41', null, '2017-03-31 18:07:35'), ('1056', '1', '手自动状态', '0', null, '2017-03-31 18:07:35'), ('1057', '1', '冷冻水供水压力', '35', null, '2017-03-31 18:07:35'), ('1058', '1', '蒸发温度', '42', null, '2017-03-31 18:07:35'), ('1059', '1', '冷冻水回水压力', '36', null, '2017-03-31 18:07:35'), ('1060', '1', '冷却水出水压力', '37', null, '2017-03-31 18:07:35'), ('1061', '1', '故障状态', '0', null, '2017-03-31 18:07:35'), ('1062', '1', '蒸发压力', '44', null, '2017-03-31 18:07:35'), ('1392', '247', '冷冻水供水温度设定值', '20', null, '2017-04-19 10:47:55'), ('1393', '247', '故障状态', '0', null, '2017-04-19 10:47:55'), ('1394', '247', '冷冻水供水温度', '31', null, '2017-04-19 10:47:55'), ('1395', '247', '蒸发温度', '42', null, '2017-04-19 10:47:55'), ('1396', '247', '冷冻水回水压力', '36', null, '2017-04-19 10:47:55');
INSERT INTO `device_property_log` VALUES ('1397', '247', '手自动状态', '0', null, '2017-04-19 10:47:55'), ('1398', '247', '启停状态', '0', null, '2017-04-19 10:47:55'), ('1399', '247', '蒸发压力', '44', null, '2017-04-19 10:47:55'), ('1400', '247', '冷凝压力', '43', null, '2017-04-19 10:47:55'), ('1401', '247', '冷冻水回水温度', '32', null, '2017-04-19 10:47:55'), ('1402', '247', '冷却水出水温度', '33', null, '2017-04-19 10:47:55'), ('1403', '247', '冷却水回水压力', '38', null, '2017-04-19 10:47:56'), ('1404', '247', '冷却水回水温度', '34', null, '2017-04-19 10:47:56'), ('1405', '247', '冷凝温度', '41', null, '2017-04-19 10:47:56'), ('1406', '247', '冷却水出水压力', '37', null, '2017-04-19 10:47:56'), ('1407', '247', '冷冻水供水压力', '35', null, '2017-04-19 10:47:56'), ('1408', '247', '启停控制', '0', null, '2017-04-19 10:47:56'), ('1409', '247', '冷冻水供水温度设定值', '20', null, '2017-04-19 10:48:26'), ('1410', '247', '故障状态', '0', null, '2017-04-19 10:48:27'), ('1411', '247', '冷冻水供水温度', '31', null, '2017-04-19 10:48:28'), ('1412', '247', '蒸发温度', '42', null, '2017-04-19 10:48:29'), ('1413', '247', '冷冻水回水压力', '36', null, '2017-04-19 10:48:29'), ('1414', '247', '手自动状态', '0', null, '2017-04-19 10:48:30'), ('1415', '247', '启停状态', '0', null, '2017-04-19 10:48:30'), ('1416', '247', '蒸发压力', '44', null, '2017-04-19 10:48:31'), ('1417', '247', '冷凝压力', '43', null, '2017-04-19 10:48:32'), ('1418', '247', '冷冻水回水温度', '32', null, '2017-04-19 10:48:32'), ('1419', '247', '冷却水出水温度', '33', null, '2017-04-19 10:48:32'), ('1420', '247', '冷却水回水压力', '38', null, '2017-04-19 10:48:33'), ('1421', '247', '冷却水回水温度', '34', null, '2017-04-19 10:48:33'), ('1422', '247', '冷凝温度', '41', null, '2017-04-19 10:48:34'), ('1423', '247', '冷却水出水压力', '37', null, '2017-04-19 10:48:35'), ('1424', '247', '冷冻水供水压力', '35', null, '2017-04-19 10:48:36'), ('1425', '247', '启停控制', '0', null, '2017-04-19 10:48:36'), ('1426', '247', '冷冻水供水温度设定值', '20', null, '2017-04-19 10:51:51'), ('1427', '247', '故障状态', '0', null, '2017-04-19 10:51:51'), ('1428', '247', '冷冻水供水温度', '31', null, '2017-04-19 10:51:51'), ('1429', '247', '蒸发温度', '42', null, '2017-04-19 10:51:51'), ('1430', '247', '冷冻水回水压力', '36', null, '2017-04-19 10:51:51'), ('1431', '247', '手自动状态', '0', null, '2017-04-19 10:51:51'), ('1432', '247', '启停状态', '0', null, '2017-04-19 10:51:51'), ('1433', '247', '蒸发压力', '44', null, '2017-04-19 10:51:51'), ('1434', '247', '冷凝压力', '43', null, '2017-04-19 10:51:51'), ('1435', '247', '冷冻水回水温度', '32', null, '2017-04-19 10:51:51'), ('1436', '247', '冷却水出水温度', '33', null, '2017-04-19 10:51:51'), ('1437', '247', '冷却水回水压力', '38', null, '2017-04-19 10:51:51'), ('1438', '247', '冷却水回水温度', '34', null, '2017-04-19 10:51:51'), ('1439', '247', '冷凝温度', '41', null, '2017-04-19 10:51:51'), ('1440', '247', '冷却水出水压力', '37', null, '2017-04-19 10:51:51'), ('1441', '247', '冷冻水供水压力', '35', null, '2017-04-19 10:51:51'), ('1442', '247', '启停控制', '0', null, '2017-04-19 10:51:51'), ('1443', '247', '冷冻水供水温度设定值', '20', null, '2017-04-19 10:53:48'), ('1444', '247', '故障状态', '0', null, '2017-04-19 10:53:48'), ('1445', '247', '冷冻水供水温度', '31', null, '2017-04-19 10:53:48'), ('1446', '247', '蒸发温度', '42', null, '2017-04-19 10:53:48'), ('1447', '247', '冷冻水回水压力', '36', null, '2017-04-19 10:53:48'), ('1448', '247', '手自动状态', '0', null, '2017-04-19 10:53:48'), ('1449', '247', '启停状态', '0', null, '2017-04-19 10:53:48'), ('1450', '247', '蒸发压力', '44', null, '2017-04-19 10:53:48'), ('1451', '247', '冷凝压力', '43', null, '2017-04-19 10:53:48'), ('1452', '247', '冷冻水回水温度', '32', null, '2017-04-19 10:53:48'), ('1453', '247', '冷却水出水温度', '33', null, '2017-04-19 10:53:48'), ('1454', '247', '冷却水回水压力', '38', null, '2017-04-19 10:53:48'), ('1455', '247', '冷却水回水温度', '34', null, '2017-04-19 10:53:48'), ('1456', '247', '冷凝温度', '41', null, '2017-04-19 10:53:48'), ('1457', '247', '冷却水出水压力', '37', null, '2017-04-19 10:53:48'), ('1458', '247', '冷冻水供水压力', '35', null, '2017-04-19 10:53:48'), ('1459', '247', '启停控制', '0', null, '2017-04-19 10:53:48'), ('1460', '247', '冷冻水供水温度设定值', '20', null, '2017-04-19 12:01:37'), ('1461', '247', '故障状态', '0', null, '2017-04-19 12:01:38'), ('1462', '247', '冷冻水供水温度', '31', null, '2017-04-19 12:01:38'), ('1463', '247', '蒸发温度', '42', null, '2017-04-19 12:01:38'), ('1464', '247', '冷冻水回水压力', '36', null, '2017-04-19 12:01:39'), ('1465', '247', '手自动状态', '0', null, '2017-04-19 12:01:39'), ('1466', '247', '启停状态', '0', null, '2017-04-19 12:01:39'), ('1467', '247', '蒸发压力', '44', null, '2017-04-19 12:01:40'), ('1468', '247', '冷凝压力', '43', null, '2017-04-19 12:01:40'), ('1469', '247', '冷冻水回水温度', '32', null, '2017-04-19 12:01:40'), ('1470', '247', '冷却水出水温度', '33', null, '2017-04-19 12:01:41'), ('1471', '247', '冷却水回水压力', '38', null, '2017-04-19 12:01:41'), ('1472', '247', '冷却水回水温度', '34', null, '2017-04-19 12:01:41'), ('1473', '247', '冷凝温度', '41', null, '2017-04-19 12:01:41'), ('1474', '247', '冷却水出水压力', '37', null, '2017-04-19 12:01:48'), ('1475', '247', '冷冻水供水压力', '35', null, '2017-04-19 12:01:49'), ('1476', '247', '启停控制', '0', null, '2017-04-19 12:01:49'), ('1477', '247', '冷冻水供水温度设定值', '20', null, '2017-04-19 13:39:12'), ('1478', '247', '故障状态', '0', null, '2017-04-19 13:39:12'), ('1479', '247', '冷冻水供水温度', '31', null, '2017-04-19 13:39:12'), ('1480', '247', '蒸发温度', '42', null, '2017-04-19 13:39:12'), ('1481', '247', '冷冻水回水压力', '36', null, '2017-04-19 13:39:12'), ('1482', '247', '手自动状态', '0', null, '2017-04-19 13:39:12'), ('1483', '247', '启停状态', '0', null, '2017-04-19 13:39:12'), ('1484', '247', '蒸发压力', '44', null, '2017-04-19 13:39:12'), ('1485', '247', '冷凝压力', '43', null, '2017-04-19 13:39:12'), ('1486', '247', '冷冻水回水温度', '32', null, '2017-04-19 13:39:12'), ('1487', '247', '冷却水出水温度', '33', null, '2017-04-19 13:39:12'), ('1488', '247', '冷却水回水压力', '38', null, '2017-04-19 13:39:12'), ('1489', '247', '冷却水回水温度', '34', null, '2017-04-19 13:39:12'), ('1490', '247', '冷凝温度', '41', null, '2017-04-19 13:39:12'), ('1491', '247', '冷却水出水压力', '37', null, '2017-04-19 13:39:12'), ('1492', '247', '冷冻水供水压力', '35', null, '2017-04-19 13:39:12'), ('1493', '247', '启停控制', '0', null, '2017-04-19 13:39:12'), ('1306', '1', '启停控制', '0', null, '2017-04-01 14:27:05'), ('1307', '1', '冷却水回水温度', '34', null, '2017-04-01 14:27:05'), ('1308', '1', '冷冻水供水温度设定值', '20', null, '2017-04-01 14:27:05');
INSERT INTO `device_property_log` VALUES ('1309', '1', '冷冻水回水温度', '32', null, '2017-04-01 14:27:05'), ('1310', '1', '冷凝温度', '41', null, '2017-04-01 14:27:05'), ('1311', '1', '手自动状态', '0', null, '2017-04-01 14:27:05'), ('1312', '1', '冷冻水供水压力', '35', null, '2017-04-01 14:27:05'), ('1313', '1', '蒸发温度', '42', null, '2017-04-01 14:27:05'), ('1314', '1', '冷冻水回水压力', '36', null, '2017-04-01 14:27:05'), ('1315', '1', '冷却水出水压力', '37', null, '2017-04-01 14:27:05'), ('1316', '1', '故障状态', '0', null, '2017-04-01 14:27:05'), ('1317', '1', '蒸发压力', '44', null, '2017-04-01 14:27:05'), ('1318', '1', '冷凝压力', '43', null, '2017-04-01 14:27:05'), ('1319', '1', '冷冻水供水温度', '31', null, '2017-04-01 14:27:05'), ('1320', '1', '启停状态', '0', null, '2017-04-01 14:27:05'), ('1321', '1', '冷却水回水压力', '38', null, '2017-04-01 14:27:05'), ('1322', '1', '冷却水出水温度', '33', null, '2017-04-01 14:27:05'), ('1375', '247', '冷冻水供水温度设定值', '20', null, '2017-04-18 18:07:25'), ('1376', '247', '故障状态', '0', null, '2017-04-18 18:07:25'), ('1377', '247', '冷冻水供水温度', '31', null, '2017-04-18 18:07:25'), ('1378', '247', '蒸发温度', '42', null, '2017-04-18 18:07:25'), ('1379', '247', '冷冻水回水压力', '36', null, '2017-04-18 18:07:25'), ('1380', '247', '手自动状态', '0', null, '2017-04-18 18:07:25'), ('1381', '247', '启停状态', '0', null, '2017-04-18 18:07:25'), ('1382', '247', '蒸发压力', '44', null, '2017-04-18 18:07:25'), ('1383', '247', '冷凝压力', '43', null, '2017-04-18 18:07:25'), ('1384', '247', '冷冻水回水温度', '32', null, '2017-04-18 18:07:25'), ('1385', '247', '冷却水出水温度', '33', null, '2017-04-18 18:07:25'), ('1386', '247', '冷却水回水压力', '38', null, '2017-04-18 18:07:25'), ('1387', '247', '冷却水回水温度', '34', null, '2017-04-18 18:07:25'), ('1388', '247', '冷凝温度', '41', null, '2017-04-18 18:07:25'), ('1389', '247', '冷却水出水压力', '37', null, '2017-04-18 18:07:25'), ('1390', '247', '冷冻水供水压力', '35', null, '2017-04-18 18:07:25'), ('1391', '247', '启停控制', '0', null, '2017-04-18 18:07:25'), ('1518', '1', '启停控制', '0', null, '2017-05-04 15:48:01'), ('1519', '1', '冷却水回水温度', '34', null, '2017-05-04 15:48:01'), ('1520', '1', '冷冻水供水温度设定值', '20', null, '2017-05-04 15:48:01'), ('1521', '1', '冷冻水回水温度', '32', null, '2017-05-04 15:48:01'), ('1522', '1', '冷凝温度', '41', null, '2017-05-04 15:48:01'), ('1523', '1', '手自动状态', '0', null, '2017-05-04 15:48:01'), ('1524', '1', '冷冻水供水压力', '35', null, '2017-05-04 15:48:01'), ('1525', '1', '蒸发温度', '42', null, '2017-05-04 15:48:01'), ('1526', '1', '冷冻水回水压力', '36', null, '2017-05-04 15:48:01'), ('1527', '1', '冷却水出水压力', '37', null, '2017-05-04 15:48:01'), ('1528', '1', '故障状态', '0', null, '2017-05-04 15:48:01'), ('1529', '1', '蒸发压力', '44', null, '2017-05-04 15:48:01'), ('1530', '1', '冷凝压力', '43', null, '2017-05-04 15:48:01'), ('1531', '1', '冷冻水供水温度', '31', null, '2017-05-04 15:48:01'), ('1532', '1', '启停状态', '0', null, '2017-05-04 15:48:01'), ('1533', '1', '冷却水回水压力', '38', null, '2017-05-04 15:48:01'), ('1534', '1', '冷却水出水温度', '33', null, '2017-05-04 15:48:01'), ('1501', '1', '启停控制', '0', null, '2017-05-04 15:39:02'), ('1502', '1', '冷却水回水温度', '34', null, '2017-05-04 15:39:02'), ('1503', '1', '冷冻水供水温度设定值', '20', null, '2017-05-04 15:39:02'), ('1504', '1', '冷冻水回水温度', '32', null, '2017-05-04 15:39:02'), ('1505', '1', '冷凝温度', '41', null, '2017-05-04 15:39:02'), ('1506', '1', '手自动状态', '0', null, '2017-05-04 15:39:02'), ('1507', '1', '冷冻水供水压力', '35', null, '2017-05-04 15:39:02'), ('1508', '1', '蒸发温度', '42', null, '2017-05-04 15:39:02'), ('1509', '1', '冷冻水回水压力', '36', null, '2017-05-04 15:39:02'), ('1510', '1', '冷却水出水压力', '37', null, '2017-05-04 15:39:02'), ('1511', '1', '故障状态', '0', null, '2017-05-04 15:39:02'), ('1512', '1', '蒸发压力', '44', null, '2017-05-04 15:39:02'), ('1513', '1', '冷凝压力', '43', null, '2017-05-04 15:39:02'), ('1514', '1', '冷冻水供水温度', '31', null, '2017-05-04 15:39:02'), ('1515', '1', '启停状态', '0', null, '2017-05-04 15:39:02'), ('1516', '1', '冷却水回水压力', '38', null, '2017-05-04 15:39:02'), ('1517', '1', '冷却水出水温度', '33', null, '2017-05-04 15:39:02'), ('1535', '1', '启停控制', '0', null, '2017-05-04 15:53:50'), ('1536', '1', '冷却水回水温度', '34', null, '2017-05-04 15:53:50'), ('1537', '1', '冷冻水供水温度设定值', '20', null, '2017-05-04 15:53:50'), ('1538', '1', '冷冻水回水温度', '32', null, '2017-05-04 15:53:50'), ('1539', '1', '冷凝温度', '41', null, '2017-05-04 15:53:50'), ('1540', '1', '手自动状态', '0', null, '2017-05-04 15:53:50'), ('1541', '1', '冷冻水供水压力', '35', null, '2017-05-04 15:53:50'), ('1542', '1', '蒸发温度', '42', null, '2017-05-04 15:53:50'), ('1543', '1', '冷冻水回水压力', '36', null, '2017-05-04 15:53:50'), ('1544', '1', '冷却水出水压力', '37', null, '2017-05-04 15:53:50'), ('1545', '1', '故障状态', '0', null, '2017-05-04 15:53:50'), ('1546', '1', '蒸发压力', '44', null, '2017-05-04 15:53:50'), ('1547', '1', '冷凝压力', '43', null, '2017-05-04 15:53:50'), ('1548', '1', '冷冻水供水温度', '31', null, '2017-05-04 15:53:50'), ('1549', '1', '启停状态', '0', null, '2017-05-04 15:53:50'), ('1550', '1', '冷却水回水压力', '38', null, '2017-05-04 15:53:50'), ('1551', '1', '冷却水出水温度', '33', null, '2017-05-04 15:53:50'), ('1323', '1', '启停控制', '0', null, '2017-04-01 14:27:18'), ('1324', '1', '冷却水回水温度', '34', null, '2017-04-01 14:27:18'), ('1325', '1', '冷冻水供水温度设定值', '20', null, '2017-04-01 14:27:18'), ('1326', '1', '冷冻水回水温度', '32', null, '2017-04-01 14:27:18'), ('1327', '1', '冷凝温度', '41', null, '2017-04-01 14:27:18'), ('1328', '1', '手自动状态', '0', null, '2017-04-01 14:27:18'), ('1329', '1', '冷冻水供水压力', '35', null, '2017-04-01 14:27:18'), ('1330', '1', '蒸发温度', '42', null, '2017-04-01 14:27:18'), ('1331', '1', '冷冻水回水压力', '36', null, '2017-04-01 14:27:18'), ('1332', '1', '冷却水出水压力', '37', null, '2017-04-01 14:27:18'), ('1333', '1', '故障状态', '0', null, '2017-04-01 14:27:18'), ('1334', '1', '蒸发压力', '44', null, '2017-04-01 14:27:18'), ('1335', '1', '冷凝压力', '43', null, '2017-04-01 14:27:18'), ('1336', '1', '冷冻水供水温度', '31', null, '2017-04-01 14:27:18'), ('1337', '1', '启停状态', '0', null, '2017-04-01 14:27:18'), ('1338', '1', '冷却水回水压力', '38', null, '2017-04-01 14:27:18'), ('1339', '1', '冷却水出水温度', '33', null, '2017-04-01 14:27:18'), ('1196', '1', '冷却水出水压力', '37', null, '2017-03-31 18:19:06');
INSERT INTO `device_property_log` VALUES ('1197', '1', '故障状态', '0', null, '2017-03-31 18:19:06'), ('1198', '1', '蒸发压力', '44', null, '2017-03-31 18:19:06'), ('1199', '1', '冷凝压力', '43', null, '2017-03-31 18:19:06'), ('1200', '1', '冷冻水供水温度', '31', null, '2017-03-31 18:19:06'), ('1201', '1', '启停状态', '0', null, '2017-03-31 18:19:06'), ('1202', '1', '冷却水回水压力', '38', null, '2017-03-31 18:19:06'), ('1203', '1', '冷却水出水温度', '33', null, '2017-03-31 18:19:06'), ('1204', '1', '启停控制', '0', null, '2017-03-31 18:19:07'), ('1205', '1', '冷却水回水温度', '34', null, '2017-03-31 18:19:07'), ('1206', '1', '冷冻水供水温度设定值', '20', null, '2017-03-31 18:19:07'), ('1207', '1', '冷冻水回水温度', '32', null, '2017-03-31 18:19:07'), ('1208', '1', '冷凝温度', '41', null, '2017-03-31 18:19:07'), ('1209', '1', '手自动状态', '0', null, '2017-03-31 18:19:07'), ('1210', '1', '冷冻水供水压力', '35', null, '2017-03-31 18:19:07'), ('1211', '1', '蒸发温度', '42', null, '2017-03-31 18:19:07'), ('1212', '1', '冷冻水回水压力', '36', null, '2017-03-31 18:19:07'), ('1213', '1', '冷却水出水压力', '37', null, '2017-03-31 18:19:07'), ('1214', '1', '故障状态', '0', null, '2017-03-31 18:19:07'), ('1215', '1', '蒸发压力', '44', null, '2017-03-31 18:19:07'), ('1216', '1', '冷凝压力', '43', null, '2017-03-31 18:19:07'), ('1217', '1', '冷冻水供水温度', '31', null, '2017-03-31 18:19:07'), ('1218', '1', '启停状态', '0', null, '2017-03-31 18:19:07'), ('1219', '1', '冷却水回水压力', '38', null, '2017-03-31 18:19:07'), ('1220', '1', '冷却水出水温度', '33', null, '2017-03-31 18:19:07'), ('1221', '1', '启停控制', '0', null, '2017-03-31 18:19:07'), ('1222', '1', '冷却水回水温度', '34', null, '2017-03-31 18:19:07'), ('1223', '1', '冷冻水供水温度设定值', '20', null, '2017-03-31 18:19:07'), ('1224', '1', '冷冻水回水温度', '32', null, '2017-03-31 18:19:07'), ('1225', '1', '冷凝温度', '41', null, '2017-03-31 18:19:07'), ('1226', '1', '手自动状态', '0', null, '2017-03-31 18:19:07'), ('1227', '1', '冷冻水供水压力', '35', null, '2017-03-31 18:19:07'), ('1228', '1', '蒸发温度', '42', null, '2017-03-31 18:19:07'), ('1229', '1', '冷冻水回水压力', '36', null, '2017-03-31 18:19:07'), ('1230', '1', '冷却水出水压力', '37', null, '2017-03-31 18:19:07'), ('1231', '1', '故障状态', '0', null, '2017-03-31 18:19:07'), ('1232', '1', '蒸发压力', '44', null, '2017-03-31 18:19:07'), ('1233', '1', '冷凝压力', '43', null, '2017-03-31 18:19:07'), ('1234', '1', '冷冻水供水温度', '31', null, '2017-03-31 18:19:07'), ('1235', '1', '启停状态', '0', null, '2017-03-31 18:19:07'), ('1236', '1', '冷却水回水压力', '38', null, '2017-03-31 18:19:07'), ('1237', '1', '冷却水出水温度', '33', null, '2017-03-31 18:19:07'), ('1238', '1', '启停控制', '0', null, '2017-03-31 18:19:07'), ('1239', '1', '冷却水回水温度', '34', null, '2017-03-31 18:19:07'), ('1240', '1', '冷冻水供水温度设定值', '20', null, '2017-03-31 18:19:07'), ('1241', '1', '冷冻水回水温度', '32', null, '2017-03-31 18:19:07'), ('1242', '1', '冷凝温度', '41', null, '2017-03-31 18:19:07'), ('1243', '1', '手自动状态', '0', null, '2017-03-31 18:19:07'), ('1244', '1', '冷冻水供水压力', '35', null, '2017-03-31 18:19:07'), ('1245', '1', '蒸发温度', '42', null, '2017-03-31 18:19:07'), ('1246', '1', '冷冻水回水压力', '36', null, '2017-03-31 18:19:07'), ('1247', '1', '冷却水出水压力', '37', null, '2017-03-31 18:19:07'), ('1248', '1', '故障状态', '0', null, '2017-03-31 18:19:07'), ('1249', '1', '蒸发压力', '44', null, '2017-03-31 18:19:07'), ('1250', '1', '冷凝压力', '43', null, '2017-03-31 18:19:07'), ('1251', '1', '冷冻水供水温度', '31', null, '2017-03-31 18:19:07'), ('1252', '1', '启停状态', '0', null, '2017-03-31 18:19:07'), ('1253', '1', '冷却水回水压力', '38', null, '2017-03-31 18:19:07'), ('1254', '1', '冷却水出水温度', '33', null, '2017-03-31 18:19:07'), ('1255', '1', '启停控制', '0', null, '2017-03-31 18:19:07'), ('1256', '1', '冷却水回水温度', '34', null, '2017-03-31 18:19:07'), ('1257', '1', '冷冻水供水温度设定值', '20', null, '2017-03-31 18:19:07'), ('1258', '1', '冷冻水回水温度', '32', null, '2017-03-31 18:19:07'), ('1259', '1', '冷凝温度', '41', null, '2017-03-31 18:19:07'), ('1260', '1', '手自动状态', '0', null, '2017-03-31 18:19:07'), ('1261', '1', '冷冻水供水压力', '35', null, '2017-03-31 18:19:07'), ('1262', '1', '蒸发温度', '42', null, '2017-03-31 18:19:07'), ('1263', '1', '冷冻水回水压力', '36', null, '2017-03-31 18:19:07'), ('1264', '1', '冷却水出水压力', '37', null, '2017-03-31 18:19:07'), ('1265', '1', '故障状态', '0', null, '2017-03-31 18:19:07'), ('1266', '1', '蒸发压力', '44', null, '2017-03-31 18:19:07'), ('1267', '1', '冷凝压力', '43', null, '2017-03-31 18:19:07'), ('1268', '1', '冷冻水供水温度', '31', null, '2017-03-31 18:19:07'), ('1269', '1', '启停状态', '0', null, '2017-03-31 18:19:07'), ('1270', '1', '冷却水回水压力', '38', null, '2017-03-31 18:19:07'), ('1271', '1', '冷却水出水温度', '33', null, '2017-03-31 18:19:07'), ('1272', '1', '启停控制', '0', null, '2017-03-31 18:19:08'), ('1273', '1', '冷却水回水温度', '34', null, '2017-03-31 18:19:08'), ('1274', '1', '冷冻水供水温度设定值', '20', null, '2017-03-31 18:19:08'), ('1275', '1', '冷冻水回水温度', '32', null, '2017-03-31 18:19:08'), ('1276', '1', '冷凝温度', '41', null, '2017-03-31 18:19:08'), ('1277', '1', '手自动状态', '0', null, '2017-03-31 18:19:08'), ('1278', '1', '冷冻水供水压力', '35', null, '2017-03-31 18:19:08'), ('1279', '1', '蒸发温度', '42', null, '2017-03-31 18:19:08'), ('1280', '1', '冷冻水回水压力', '36', null, '2017-03-31 18:19:08'), ('1281', '1', '冷却水出水压力', '37', null, '2017-03-31 18:19:08'), ('1282', '1', '故障状态', '0', null, '2017-03-31 18:19:08'), ('1283', '1', '蒸发压力', '44', null, '2017-03-31 18:19:08'), ('1284', '1', '冷凝压力', '43', null, '2017-03-31 18:19:08'), ('1285', '1', '冷冻水供水温度', '31', null, '2017-03-31 18:19:08'), ('1286', '1', '启停状态', '0', null, '2017-03-31 18:19:08'), ('1287', '1', '冷却水回水压力', '38', null, '2017-03-31 18:19:08'), ('1288', '1', '冷却水出水温度', '33', null, '2017-03-31 18:19:08'), ('1289', '1', '启停控制', '0', null, '2017-03-31 18:19:08'), ('1290', '1', '冷却水回水温度', '34', null, '2017-03-31 18:19:08'), ('1291', '1', '冷冻水供水温度设定值', '20', null, '2017-03-31 18:19:08'), ('1292', '1', '冷冻水回水温度', '32', null, '2017-03-31 18:19:08'), ('1293', '1', '冷凝温度', '41', null, '2017-03-31 18:19:08'), ('1294', '1', '手自动状态', '0', null, '2017-03-31 18:19:08'), ('1295', '1', '冷冻水供水压力', '35', null, '2017-03-31 18:19:08'), ('1296', '1', '蒸发温度', '42', null, '2017-03-31 18:19:08');
INSERT INTO `device_property_log` VALUES ('1297', '1', '冷冻水回水压力', '36', null, '2017-03-31 18:19:08'), ('1298', '1', '冷却水出水压力', '37', null, '2017-03-31 18:19:08'), ('1299', '1', '故障状态', '0', null, '2017-03-31 18:19:08'), ('1300', '1', '蒸发压力', '44', null, '2017-03-31 18:19:08'), ('1301', '1', '冷凝压力', '43', null, '2017-03-31 18:19:08'), ('1302', '1', '冷冻水供水温度', '31', null, '2017-03-31 18:19:08'), ('1303', '1', '启停状态', '0', null, '2017-03-31 18:19:08'), ('1304', '1', '冷却水回水压力', '38', null, '2017-03-31 18:19:08'), ('1305', '1', '冷却水出水温度', '33', null, '2017-03-31 18:19:08'), ('1341', '247', '冷冻水供水温度设定值', '20', null, '2017-04-18 11:03:59'), ('1342', '247', '故障状态', '0', null, '2017-04-18 11:03:59'), ('1343', '247', '冷冻水供水温度', '31', null, '2017-04-18 11:03:59'), ('1344', '247', '蒸发温度', '42', null, '2017-04-18 11:03:59'), ('1345', '247', '冷冻水回水压力', '36', null, '2017-04-18 11:03:59'), ('1346', '247', '手自动状态', '0', null, '2017-04-18 11:03:59'), ('1347', '247', '启停状态', '0', null, '2017-04-18 11:03:59'), ('1348', '247', '蒸发压力', '44', null, '2017-04-18 11:03:59'), ('1349', '247', '冷凝压力', '43', null, '2017-04-18 11:03:59'), ('1350', '247', '冷冻水回水温度', '32', null, '2017-04-18 11:03:59'), ('1351', '247', '冷却水出水温度', '33', null, '2017-04-18 11:03:59'), ('1352', '247', '冷却水回水压力', '38', null, '2017-04-18 11:03:59'), ('1353', '247', '冷却水回水温度', '34', null, '2017-04-18 11:03:59'), ('1354', '247', '冷凝温度', '41', null, '2017-04-18 11:03:59'), ('1355', '247', '冷却水出水压力', '37', null, '2017-04-18 11:03:59'), ('1356', '247', '冷冻水供水压力', '35', null, '2017-04-18 11:03:59'), ('1357', '247', '启停控制', '0', null, '2017-04-18 11:03:59'), ('1358', '247', '冷冻水供水温度设定值', '20', null, '2017-04-18 11:04:25'), ('1359', '247', '故障状态', '0', null, '2017-04-18 11:04:25'), ('1360', '247', '冷冻水供水温度', '31', null, '2017-04-18 11:04:25'), ('1361', '247', '蒸发温度', '42', null, '2017-04-18 11:04:25'), ('1362', '247', '冷冻水回水压力', '36', null, '2017-04-18 11:04:25'), ('1363', '247', '手自动状态', '0', null, '2017-04-18 11:04:25'), ('1364', '247', '启停状态', '0', null, '2017-04-18 11:04:25'), ('1365', '247', '蒸发压力', '44', null, '2017-04-18 11:04:25'), ('1366', '247', '冷凝压力', '43', null, '2017-04-18 11:04:25'), ('1367', '247', '冷冻水回水温度', '32', null, '2017-04-18 11:04:25'), ('1368', '247', '冷却水出水温度', '33', null, '2017-04-18 11:04:25'), ('1369', '247', '冷却水回水压力', '38', null, '2017-04-18 11:04:26'), ('1370', '247', '冷却水回水温度', '34', null, '2017-04-18 11:04:26'), ('1371', '247', '冷凝温度', '41', null, '2017-04-18 11:04:26'), ('1372', '247', '冷却水出水压力', '37', null, '2017-04-18 11:04:26'), ('1373', '247', '冷冻水供水压力', '35', null, '2017-04-18 11:04:26'), ('1374', '247', '启停控制', '0', null, '2017-04-18 11:04:26');
COMMIT;

-- ----------------------------
-- Table structure for DEVICE_REPAIR
-- ----------------------------
DROP TABLE IF EXISTS `device_repair`;
CREATE TABLE `device_repair` (
`id`  decimal(65,30) NOT NULL ,
`device_id`  decimal(65,30) NULL ,
`user_id`  decimal(65,30) NULL ,
`status`  decimal(65,30) NULL ,
`remark`  varchar(255) NULL ,
`create_time`  datetime(7) NULL ,
PRIMARY KEY (`id`)
)

;

-- ----------------------------
-- Records of DEVICE_REPAIR
-- ----------------------------
BEGIN;
INSERT INTO `device_repair` VALUES ('301', '341', '2', '0', null, '2017-06-16 17:15:49'), ('302', '341', '2', '1', null, '2017-06-16 18:10:44'), ('321', '326', '2', '2', null, '2017-06-26 16:55:39'), ('1', '1', '1', '0', '火警报警', '2017-03-25 11:05:51'), ('2', '1', '1', '0', '烟雾报警', '2017-03-16 11:06:33'), ('203', '245', '2', '0', null, '2017-04-19 19:56:09'), ('204', '242', '2', '2', null, '2017-04-19 19:56:44'), ('206', '241', '2', '2', null, '2017-04-19 20:02:01'), ('208', '221', '2', '0', null, '2017-04-19 20:04:57'), ('222', '247', '2', '1', null, '2017-04-25 16:33:56'), ('241', '242', '2', '1', null, '2017-05-04 13:50:01'), ('242', '241', '2', '0', null, '2017-05-04 13:50:12'), ('244', '241', '2', '1', null, '2017-05-04 13:51:55'), ('248', '281', '2', '2', null, '2017-05-04 13:57:27'), ('249', '282', '2', '0', null, '2017-05-04 14:04:46'), ('251', '282', '2', '2', null, '2017-05-05 15:27:25'), ('262', '286', '2', '1', null, '2017-05-12 16:13:12'), ('281', '321', '2', '0', null, '2017-05-22 14:11:15'), ('282', '323', '2', '2', null, '2017-05-22 14:39:26'), ('201', '245', '2', '2', null, '2017-04-19 19:53:41'), ('202', '242', '2', '0', null, '2017-04-19 19:54:12'), ('205', '247', '2', '0', null, '2017-04-19 20:00:44'), ('221', '241', '2', '2', null, '2017-04-24 11:13:59'), ('243', '245', '2', '0', null, '2017-05-04 13:50:17'), ('245', '224', '2', '1', null, '2017-05-04 13:52:13'), ('246', '245', '2', '1', null, '2017-05-04 13:52:55'), ('247', '221', '2', '0', null, '2017-05-04 13:53:14'), ('207', '224', '2', '0', null, '2017-04-19 20:03:35'), ('250', '284', '2', '2', null, '2017-05-04 16:40:57'), ('261', '301', '2', '2', null, '2017-05-12 16:10:44'), ('283', '324', '2', '2', null, '2017-05-22 14:50:03'), ('284', '326', '2', '0', null, '2017-05-22 15:03:20');
COMMIT;

-- ----------------------------
-- Table structure for DEVICE_WARNING
-- ----------------------------
DROP TABLE IF EXISTS `device_warning`;
CREATE TABLE `device_warning` (
`id`  decimal(65,30) NOT NULL ,
`rule_id`  decimal(65,30) NULL ,
`rule_script_id`  decimal(65,30) NULL ,
`device_id`  decimal(65,30) NULL ,
`device_property_key`  varchar(255) NULL ,
`value`  varchar(255) NULL ,
`user_id`  decimal(65,30) NULL ,
`status`  decimal(65,30) NULL ,
`menu_id`  decimal(65,30) NULL ,
`lever`  decimal(65,30) NULL ,
`create_time`  datetime(7) NULL ,
`update_time`  datetime(7) NULL ,
`warning_sum`  decimal(65,30) NULL ,
PRIMARY KEY (`id`)
)

;

-- ----------------------------
-- Records of DEVICE_WARNING
-- ----------------------------
BEGIN;
INSERT INTO `device_warning` VALUES ('1', '1', '1', '1', '1', '1', '2', '0', '1', '1', '2017-03-14 00:00:00', null, null), ('2', '1', '1', '1', '1', '1', '2', '0', '1', '1', '2017-03-23 00:00:00', null, null), ('201', '1', null, '247', '蒸发温度', '42', '2', '2', '2', '2', '2017-04-19 12:01:26', '2017-04-19 13:39:12', '2'), ('202', '202', null, '247', '冷却水回水温度', '34', '2', '2', '2', '2', '2017-04-19 12:01:34', '2017-04-19 13:39:12', '2'), ('203', '2', null, '247', '冷凝温度', '41', '2', '2', '2', '2', '2017-04-19 12:01:36', '2017-04-19 13:39:12', '2'), ('204', null, null, '247', null, null, '2', '2', '2', null, '2017-04-20 16:39:00', '2017-04-20 16:57:00', '17');
COMMIT;

-- ----------------------------
-- Table structure for DEVICE_WARNING_LEVER
-- ----------------------------
DROP TABLE IF EXISTS `device_warning_lever`;
CREATE TABLE `device_warning_lever` (
`id`  decimal(65,30) NOT NULL ,
`menu_id`  decimal(65,30) NULL ,
`lever`  decimal(65,30) NULL ,
PRIMARY KEY (`id`)
)

;

-- ----------------------------
-- Records of DEVICE_WARNING_LEVER
-- ----------------------------
BEGIN;
INSERT INTO `device_warning_lever` VALUES ('1', '1', '2'), ('2', '2', '2'), ('3', '3', '2'), ('4', '4', '3'), ('5', '5', '3'), ('6', '6', '3'), ('7', '7', '1'), ('8', '8', '1'), ('9', '9', '1'), ('10', '10', '1'), ('11', '11', '1'), ('12', '12', '1'), ('13', '13', '1'), ('14', '14', '1'), ('15', '15', '1'), ('16', '16', '1'), ('17', '17', '1'), ('18', '18', '1'), ('19', '19', '1'), ('20', '20', '1');
COMMIT;

-- ----------------------------
-- Table structure for DEVICE_WARNING_RULE
-- ----------------------------
DROP TABLE IF EXISTS `device_warning_rule`;
CREATE TABLE `device_warning_rule` (
`id`  decimal(65,30) NOT NULL ,
`model_code`  varchar(32) NULL ,
`model_property_key`  varchar(255) NULL ,
`target_value`  varchar(255) NULL ,
`upper_limit`  decimal(65,30) NULL ,
`lower_limit`  decimal(65,30) NULL ,
`frequency`  decimal(65,30) NULL ,
`isaccum`  decimal(65,30) NULL ,
PRIMARY KEY (`id`)
)

;

-- ----------------------------
-- Records of DEVICE_WARNING_RULE
-- ----------------------------
BEGIN;
INSERT INTO `device_warning_rule` VALUES ('203', '设备型号', '型号属性', '1', '100', '2', '1', '1'), ('207', '火警报警3', 'null', '40', '50', '30', '10', '1'), ('208', '门禁01', 'null', '200', '101', '11', '11', '1'), ('301', '视频监控01', 'null', '44', '45', '20', '1', '1'), ('201', '设备型号', '型号属性', null, '100', '1', '1', '1'), ('204', '烟雾报警1', 'null', '11', '1', '1', '1', '1'), ('205', '火警报警', 'null', '11', '1', '1', '1', '1'), ('206', '火警报警4', 'null', '11', '1', '1', '1', '1'), ('281', '暖通空调1号机', 'null', '40', '34', '20', '1', '1'), ('222', 'aaaaaaaaaaa', 'null', 'bbbbbb', '-3001', '11111', '-19961', '1'), ('241', 'ICLO-CHAT-SK01', 'null', '80', '100', '1', '3', '1'), ('307', '停车场', 'null', '45', '40', '22', '1', '1'), ('202', 'c1', '冷却水回水温度', '11', '1', '1', '1', '1');
COMMIT;

-- ----------------------------
-- Table structure for LAYER
-- ----------------------------
DROP TABLE IF EXISTS `layer`;
CREATE TABLE `layer` (
`id`  decimal(65,30) NOT NULL ,
`name`  varchar(32) NULL ,
`menu_id`  decimal(65,30) NULL ,
`background`  varchar(255) NULL ,
`create_time`  datetime(7) NULL ,
PRIMARY KEY (`id`)
)

;

-- ----------------------------
-- Records of LAYER
-- ----------------------------
BEGIN;
INSERT INTO `layer` VALUES ('202', null, null, null, null), ('203', null, null, null, null), ('212', '监控', '4', 'image/layer/20170508142238_85234_监控.png', null), ('213', '视频监控', '4', 'image/layer/20170508144743_46429_视频监控.png', null), ('214', '消防系统', '2', 'image/layer/20170508145058_31266_消防系统1.png', null), ('219', '门禁管理', '6', 'image/layer/20170508143649_58841_门禁管理.png', null), ('209', '景枫2层', '2', 'image/layer/20170504184128_47368_景枫中心景枫中心地上2层平面图1.jpg', null), ('220', '54654', '6', 'image/layer/20170421142501_76560_jiegou.jpg', null), ('222', '电子巡更', '7', 'image/layer/20170508141357_58765_电子巡更.png', null), ('226', '照明系统', '12', 'image/layer/20170508145402_36170_照明系统.png', null), ('227', '电梯监控', '13', 'image/layer/20170508141154_73571_电梯系统.png', null), ('229', '停车管理', '16', 'image/layer/20170508144917_68172_停车管理.png', null), ('230', '信息发布', '17', 'image/layer/20170508145305_94205_信息发布.png', null), ('261', '城堡', '6', 'image/layer/20170505153434_93177_Lighthouse.jpg', null), ('263', '极地', '6', 'image/layer/20170505153545_60374_Penguins.jpg', null), ('264', '海底', '6', 'image/layer/20170505153610_34382_Jellyfish.jpg', null), ('265', '1', '6', 'image/layer/20170505153721_99811_Chrysanthemum.jpg', null), ('268', '客流统计', '17', 'image/layer/20170508145458_16417_客流统计.png', null), ('217', '景枫3层', '2', 'image/layer/20170504184154_82415_景枫中心景枫中心地上3层平面图1.jpg', null), ('221', '防盗报警', '5', 'image/layer/20170508141809_89030_防盗报警.png', null), ('1', '景枫4层', '2', 'image/layer/20170504184214_12546_景枫中心地上4层平面图1.jpg', null), ('266', '冷冻水泵', '10', 'image/layer/20170508143502_85298_冷冻水泵.png', null), ('201', null, null, null, null), ('204', '3层', null, null, null), ('205', '4层', null, null, null), ('211', '测试图层', null, 'image/layer/20170419160122_11113_1234.png', null), ('223', '暖通空调', '9', 'image/layer/20170508144311_14355_暖通空调.png', null), ('224', '给水排水', '10', 'image/layer/20170508141900_55505_给水排水.png', null), ('225', '配电系统', '11', 'image/layer/20170508144538_70112_配电系统.png', null), ('231', '999', '18', 'image/layer/20170508140853_35594_背景音乐.png', null), ('262', '花田', '6', 'image/layer/20170505153517_68200_Tulips.jpg', null), ('267', '能源管理', '15', 'image/layer/20170508144215_91112_能源管理.png', null);
COMMIT;

-- ----------------------------
-- Table structure for LAYER_DATA
-- ----------------------------
DROP TABLE IF EXISTS `layer_data`;
CREATE TABLE `layer_data` (
`id`  decimal(65,30) NOT NULL ,
`layer_id`  decimal(65,30) NULL ,
`position_x`  varchar(32) NULL ,
`position_y`  varchar(32) NULL ,
`back_color`  varchar(32) NULL ,
`device_id`  decimal(65,30) NULL ,
`device_property_key`  varchar(255) NULL ,
`create_time`  datetime(7) NULL ,
`expire_time`  datetime(7) NULL ,
PRIMARY KEY (`id`)
)

;

-- ----------------------------
-- Records of LAYER_DATA
-- ----------------------------
BEGIN;
INSERT INTO `layer_data` VALUES ('201', '1', '23.5315%', '59.0256%', null, '247', '冷凝温度', null, null), ('202', '1', '10%', '90%', null, null, null, null, '2017-04-18 18:28:53'), ('203', '216', '71.1612%', '39.4541%', null, '247', '冷冻水回水温度', null, null), ('205', '218', '71.1612%', '39.4541%', null, '247', '冷冻水回水温度', null, null), ('206', '214', '36.0194%', '53.6405%', null, '247', '冷凝温度', null, null), ('241', '214', '35.3846%', '65.8255%', null, '286', null, null, null), ('204', '217', '71.1612%', '39.4541%', null, '247', '冷冻水回水温度', null, null), ('223', '214', '49.9089%', '90.6726%', null, null, null, null, null), ('261', '223', '10%', '90%', null, null, null, null, '2017-06-27 09:58:43'), ('1', '1', '27.3453%', '40.6933%', null, '247', '冷却水出水压力', null, null), ('2', '1', '35.0012%', '33.0977%', null, '247', '手自动状态', null, null), ('3', '1', '32.1709%', '37.0923%', null, '247', '冷冻水供水压力', null, null), ('4', '2', '71.1612%', '39.4541%', null, '247', '冷冻水回水温度', null, null), ('207', '212', '10%', '90%', null, null, null, null, null), ('221', '214', '38.2497%', '87.1193%', null, '247', '蒸发压力', null, null), ('222', '214', '41.1645%', '23.9213%', null, null, null, null, null);
COMMIT;

-- ----------------------------
-- Table structure for LAYER_FUNCTION
-- ----------------------------
DROP TABLE IF EXISTS `layer_function`;
CREATE TABLE `layer_function` (
`id`  decimal(65,30) NOT NULL ,
`layer_id`  decimal(65,30) NULL ,
`position_x`  decimal(65,30) NULL ,
`position_y`  decimal(65,30) NULL ,
`width`  decimal(65,30) NULL ,
`height`  decimal(65,30) NULL ,
`device_id`  decimal(65,30) NULL ,
`device_property_key`  varchar(255) NULL ,
`function_code`  varchar(32) NULL ,
`create_time`  datetime(7) NULL ,
PRIMARY KEY (`id`)
)

;

-- ----------------------------
-- Records of LAYER_FUNCTION
-- ----------------------------
BEGIN;
COMMIT;

-- ----------------------------
-- Table structure for LAYER_ICON
-- ----------------------------
DROP TABLE IF EXISTS `layer_icon`;
CREATE TABLE `layer_icon` (
`id`  decimal(65,30) NOT NULL ,
`layer_id`  decimal(65,30) NULL ,
`position_x`  varchar(32) NULL ,
`position_y`  varchar(32) NULL ,
`width`  decimal(65,30) NULL ,
`height`  decimal(65,30) NULL ,
`device_id`  decimal(65,30) NULL ,
`device_property_key`  varchar(255) NULL ,
`create_time`  datetime(7) NULL ,
`icon_src`  varchar(255) NULL ,
`function_type`  decimal(65,30) NULL ,
`expire_time`  datetime(7) NULL ,
PRIMARY KEY (`id`)
)

;

-- ----------------------------
-- Records of LAYER_ICON
-- ----------------------------
BEGIN;
INSERT INTO `layer_icon` VALUES ('201', '1', '40.6279%', '53.3246%', '5', null, '247', '冷凝温度', null, 'assets/images/layout/position7.png', null, null), ('204', '213', '35.1206%', '41.7256%', '5', null, null, null, null, 'image/layerIcon/20170419212423_38450_position6.png', null, null), ('205', '216', '71.0343%', '9.76663%', null, null, '2', '温度', null, 'image/layerIcon/20170419202317_23333_position2.png', null, null), ('206', '216', '70.7329%', '25.5965%', null, null, '2', '温度', null, 'image/layerIcon/20170419202317_23333_position2.png', null, null), ('209', '218', '71.0343%', '9.76663%', null, null, '2', '温度', null, 'image/layerIcon/20170419202317_23333_position2.png', null, null), ('210', '218', '70.7329%', '25.5965%', null, null, '2', '温度', null, 'image/layerIcon/20170419202317_23333_position2.png', null, null), ('281', '214', '45.2004%', '35.3704%', '5', null, null, null, null, 'image/layerIcon/20170512161754_92222_动态水循环.gif', null, null), ('301', '209', '10%', '90%', '5', null, null, null, null, '/image/default_value.png', null, '2017-06-17 15:53:26'), ('392', '226', '14.3712%', '82.1114%', '2', null, '371', '运行状态', null, 'image/layerIcon/20170522151659_25093_动态-喇叭.gif', null, null), ('393', '226', '13.3178%', '74.1894%', '2', null, '371', '运行状态', null, 'image/layerIcon/20170522151659_25093_动态-喇叭.gif', null, null), ('394', '226', '57.6593%', '75.9575%', '3', null, '371', '运行状态', null, 'image/layerIcon/20170522151659_25093_动态-喇叭.gif', null, null), ('395', '226', '40.3163%', '76.067%', '3', null, '371', '运行状态', null, 'image/layerIcon/20170522151659_25093_动态-喇叭.gif', null, null), ('396', '226', '61.8825%', '64.4177%', '1', null, '371', '运行状态', null, 'image/layerIcon/20170522151659_25093_动态-喇叭.gif', null, null), ('397', '226', '48.0086%', '64.2441%', '1', null, '371', '运行状态', null, 'image/layerIcon/20170522151659_25093_动态-喇叭.gif', null, null), ('398', '226', '33.8282%', '64.0759%', '1', null, '371', '运行状态', null, 'image/layerIcon/20170522151659_25093_动态-喇叭.gif', null, null), ('399', '226', '62.0357%', '57.6656%', '1', null, '371', '运行状态', null, 'image/layerIcon/20170522151659_25093_动态-喇叭.gif', null, null), ('400', '226', '48.3102%', '57.5988%', '1', null, '371', '运行状态', null, 'image/layerIcon/20170522151659_25093_动态-喇叭.gif', null, null), ('401', '226', '33.5289%', '57.5775%', '1', null, '371', '运行状态', null, 'image/layerIcon/20170522151659_25093_动态-喇叭.gif', null, null), ('402', '226', '68.3706%', '29.0345%', '3', null, '371', '运行状态', null, 'image/layerIcon/20170522151659_25093_动态-喇叭.gif', null, null), ('403', '226', '30.9625%', '31.3435%', '2', null, '371', '运行状态', null, 'image/layerIcon/20170522151659_25093_动态-喇叭.gif', null, null), ('404', '226', '46.5003%', '39.6327%', '2', null, '371', '运行状态', null, 'image/layerIcon/20170522151659_25093_动态-喇叭.gif', null, null), ('405', '226', '38.9588%', '39.976%', '2', null, '371', '运行状态', null, 'image/layerIcon/20170522151659_25093_动态-喇叭.gif', null, null), ('406', '226', '30.814%', '40.5716%', '2', null, '371', '运行状态', null, 'image/layerIcon/20170522151659_25093_动态-喇叭.gif', null, null), ('407', '226', '77.418%', '47.5815%', '2', null, '371', '运行状态', null, 'image/layerIcon/20170522151659_25093_动态-喇叭.gif', null, null), ('408', '226', '77.4203%', '53.5644%', '2', null, '371', '运行状态', null, 'image/layerIcon/20170522151659_25093_动态-喇叭.gif', null, null), ('409', '226', '77.5712%', '58.945%', '2', null, '371', null, null, 'image/layerIcon/20170522151659_25093_动态-喇叭.gif', null, null), ('410', '226', '57.2068%', '87.4973%', '1', null, '371', '运行状态', null, 'image/layerIcon/20170522151659_25093_动态-喇叭.gif', null, null), ('411', '226', '49.5145%', '87.5267%', '1', null, '371', '运行状态', null, 'image/layerIcon/20170522151659_25093_动态-喇叭.gif', null, null), ('412', '226', '55.8494%', '82.7097%', '2', null, '371', '运行状态', null, 'image/layerIcon/20170522151659_25093_动态-喇叭.gif', null, null), ('413', '226', '40.0123%', '87.7524%', '2', null, '371', '运行状态', null, 'image/layerIcon/20170522151659_25093_动态-喇叭.gif', null, null), ('414', '226', '14.3712%', '82.1114%', '2', null, '371', '运行状态', null, 'image/layerIcon/20170522151659_25093_动态-喇叭.gif', null, null), ('415', '226', '13.3178%', '74.1894%', '2', null, '371', '运行状态', null, 'image/layerIcon/20170522151659_25093_动态-喇叭.gif', null, null), ('416', '226', '57.6593%', '75.9575%', '3', null, '371', '运行状态', null, 'image/layerIcon/20170522151659_25093_动态-喇叭.gif', null, null), ('417', '226', '40.3163%', '76.067%', '3', null, '371', '运行状态', null, 'image/layerIcon/20170522151659_25093_动态-喇叭.gif', null, null), ('418', '226', '61.8825%', '64.4177%', '1', null, '371', '运行状态', null, 'image/layerIcon/20170522151659_25093_动态-喇叭.gif', null, null), ('419', '226', '48.0086%', '64.2441%', '1', null, '371', '运行状态', null, 'image/layerIcon/20170522151659_25093_动态-喇叭.gif', null, null), ('420', '226', '33.8282%', '64.0759%', '1', null, '371', '运行状态', null, 'image/layerIcon/20170522151659_25093_动态-喇叭.gif', null, null), ('421', '226', '62.0357%', '57.6656%', '1', null, '371', '运行状态', null, 'image/layerIcon/20170522151659_25093_动态-喇叭.gif', null, null), ('422', '226', '48.3102%', '57.5988%', '1', null, '371', '运行状态', null, 'image/layerIcon/20170522151659_25093_动态-喇叭.gif', null, null), ('423', '226', '33.5289%', '57.5775%', '1', null, '371', '运行状态', null, 'image/layerIcon/20170522151659_25093_动态-喇叭.gif', null, null), ('424', '226', '68.3706%', '29.0345%', '3', null, '371', '运行状态', null, 'image/layerIcon/20170522151659_25093_动态-喇叭.gif', null, null), ('425', '226', '30.9625%', '31.3435%', '2', null, '371', '运行状态', null, 'image/layerIcon/20170522151659_25093_动态-喇叭.gif', null, null), ('426', '226', '46.5003%', '39.6327%', '2', null, '371', '运行状态', null, 'image/layerIcon/20170522151659_25093_动态-喇叭.gif', null, null), ('427', '226', '38.9588%', '39.976%', '2', null, '371', '运行状态', null, 'image/layerIcon/20170522151659_25093_动态-喇叭.gif', null, null), ('428', '226', '30.814%', '40.5716%', '2', null, '371', '运行状态', null, 'image/layerIcon/20170522151659_25093_动态-喇叭.gif', null, null), ('429', '226', '77.418%', '47.5815%', '2', null, '371', '运行状态', null, 'image/layerIcon/20170522151659_25093_动态-喇叭.gif', null, null), ('430', '226', '77.4203%', '53.5644%', '2', null, '371', '运行状态', null, 'image/layerIcon/20170522151659_25093_动态-喇叭.gif', null, null), ('431', '226', '77.5712%', '58.945%', '2', null, '371', null, null, 'image/layerIcon/20170522151659_25093_动态-喇叭.gif', null, null), ('432', '226', '57.2068%', '87.4973%', '1', null, '371', '运行状态', null, 'image/layerIcon/20170522151659_25093_动态-喇叭.gif', null, null), ('433', '226', '49.5145%', '87.5267%', '1', null, '371', '运行状态', null, 'image/layerIcon/20170522151659_25093_动态-喇叭.gif', null, null), ('434', '226', '55.8494%', '82.7097%', '2', null, '371', '运行状态', null, 'image/layerIcon/20170522151659_25093_动态-喇叭.gif', null, null), ('435', '226', '40.0123%', '87.7524%', '2', null, '371', '运行状态', null, 'image/layerIcon/20170522151659_25093_动态-喇叭.gif', null, null), ('444', '209', '37.6836%', '51.9243%', '3', null, '362', '温度', null, 'image/layerIcon/20170512161644_54443_动态火警.gif', null, null), ('445', '209', '53.8418%', '40.6209%', '3', null, '362', '温度', null, 'image/layerIcon/20170512161644_54443_动态火警.gif', null, null), ('446', '209', '69.5463%', '51.118%', '3', null, '362', '温度', null, 'image/layerIcon/20170512161644_54443_动态火警.gif', null, null), ('447', '209', '54.0678%', '31.4316%', '3', null, '362', '温度', null, 'image/layerIcon/20170512161644_54443_动态火警.gif', null, null), ('448', '209', '29.774%', '54.8637%', '3', null, '362', '温度', null, 'image/layerIcon/20170512161644_54443_动态火警.gif', null, null), ('449', '209', '37.6836%', '51.9243%', '3', null, '362', '温度', null, 'image/layerIcon/20170512161644_54443_动态火警.gif', null, null), ('450', '209', '53.8418%', '40.6209%', '3', null, '362', '温度', null, 'image/layerIcon/20170512161644_54443_动态火警.gif', null, null), ('451', '209', '69.5463%', '51.118%', '3', null, '362', '温度', null, 'image/layerIcon/20170512161644_54443_动态火警.gif', null, null), ('452', '209', '54.0678%', '31.4316%', '3', null, '362', '温度', null, 'image/layerIcon/20170512161644_54443_动态火警.gif', null, null), ('453', '209', '29.774%', '54.8637%', '3', null, '362', '温度', null, 'image/layerIcon/20170512161644_54443_动态火警.gif', null, null), ('454', '209', '34.4068%', '35.5946%', '3', null, null, null, null, 'image/layerIcon/20170512161644_54443_动态火警.gif', null, null), ('455', '209', '37.6836%', '51.9243%', '3', null, '362', '温度', null, 'image/layerIcon/20170512161644_54443_动态火警.gif', null, null), ('456', '209', '53.8418%', '40.6209%', '3', null, '362', '温度', null, 'image/layerIcon/20170512161644_54443_动态火警.gif', null, null), ('457', '209', '69.5463%', '51.118%', '3', null, '362', '温度', null, 'image/layerIcon/20170512161644_54443_动态火警.gif', null, null), ('458', '209', '54.0678%', '31.4316%', '3', null, '362', '温度', null, 'image/layerIcon/20170512161644_54443_动态火警.gif', null, null), ('459', '209', '29.774%', '54.8637%', '3', null, '362', '温度', null, 'image/layerIcon/20170512161644_54443_动态火警.gif', null, null), ('460', '209', '34.4068%', '35.5946%', '3', null, null, null, null, 'image/layerIcon/20170512161644_54443_动态火警.gif', null, null), ('461', '209', '37.6836%', '51.9243%', '3', null, '362', '温度', null, 'image/layerIcon/20170512161644_54443_动态火警.gif', null, null), ('462', '209', '53.8418%', '40.6209%', '3', null, '362', '温度', null, 'image/layerIcon/20170512161644_54443_动态火警.gif', null, null), ('463', '209', '69.5463%', '51.118%', '3', null, '362', '温度', null, 'image/layerIcon/20170512161644_54443_动态火警.gif', null, null), ('464', '209', '54.0678%', '31.4316%', '3', null, '362', '温度', null, 'image/layerIcon/20170512161644_54443_动态火警.gif', null, null), ('465', '209', '29.774%', '54.8637%', '3', null, '362', '温度', null, 'image/layerIcon/20170512161644_54443_动态火警.gif', null, null), ('466', '209', '34.4068%', '35.5946%', '3', null, '362', '温度', null, 'image/layerIcon/20170512161644_54443_动态火警.gif', null, null), ('203', '209', '48.2821%', '24.6707%', '2', null, '247', '冷凝温度', null, 'image/layerIcon/20170419202317_23333_position2.png', null, null), ('221', '221', '25.7871%', '43.8452%', '5', null, '224', null, null, 'image/layerIcon/20170420162538_78785_动态风机.gif', null, null), ('302', '209', '10%', '90%', '5', null, null, null, null, '/image/default_value.png', null, '2017-06-17 15:53:25'), ('303', '209', '9.82897%', '62.1535%', '5', null, null, null, null, '/image/default_value.png', null, '2017-06-17 15:53:21'), ('304', '209', '10%', '90%', '5', null, null, null, null, '/image/default_value.png', null, '2017-06-17 15:53:09'), ('305', '209', '9.82897%', '62.1535%', '5', null, null, null, null, '/image/default_value.png', null, '2017-06-17 15:53:10'), ('207', '217', '71.0343%', '9.76663%', null, null, '2', '温度', null, 'image/layerIcon/20170419202317_23333_position2.png', null, null), ('208', '217', '70.7329%', '25.5965%', null, null, '2', '温度', null, 'image/layerIcon/20170419202317_23333_position2.png', null, null), ('243', '214', '36.1806%', '59.5313%', '5', null, '247', '冷冻水供水温度', null, '/image/default_value.png', null, null), ('246', '222', '40.4939%', '57.1621%', '5', null, null, null, null, '/image/default_value.png', null, null), ('247', '222', '65.1115%', '55.9442%', '5', null, null, null, null, '/image/default_value.png', null, null), ('248', '222', '47.0695%', '32.098%', '5', null, null, null, null, '/image/default_value.png', null, null), ('249', '222', '10%', '90%', '5', null, null, null, null, '/image/default_value.png', null, null), ('306', '209', '32.8517%', '17.3333%', '1', null, '362', '温度', null, 'image/layerIcon/20170512161644_54443_动态火警.gif', null, null), ('436', '223', '46.8915%', '71.4543%', '3', null, '366', '运行状态', null, 'image/layerIcon/20170420162538_78785_动态风机.gif', null, null), ('437', '223', '47.4986%', '51.1952%', '3', null, '366', '温度', null, 'image/layerIcon/20170420162538_78785_动态风机.gif', null, null), ('438', '223', '46.7432%', '30.5823%', '3', null, '366', '温度', null, 'image/layerIcon/20170420162538_78785_动态风机.gif', null, null), ('439', '223', '46.5926%', '39.7463%', '3', null, '366', '温度', null, 'image/layerIcon/20170420162538_78785_动态风机.gif', null, null), ('1', '1', '31.388%', '9.58423%', null, null, '1', '温度', null, 'image/layerIcon/20170419205642_77602_position3.png', null, null), ('2', '1', '40.4135%', '27.0366%', null, null, '1', '压力', null, 'assets/images/layout/position.png', null, null), ('3', '2', '71.0343%', '9.76663%', null, null, '2', '温度', null, 'image/layerIcon/20170419202317_23333_position2.png', null, null), ('4', '2', '70.7329%', '25.5965%', null, null, '2', '温度', null, 'image/layerIcon/20170419202317_23333_position2.png', null, null), ('202', '209', '32.9149%', '25.2805%', '4', null, '247', '冷凝压力', null, 'image/layerIcon/20170512161644_54443_动态火警.gif', null, null), ('211', '214', '90.1411%', '50.1749%', '4', null, null, null, null, 'image/layerIcon/20170420162538_78785_动态风机.gif', null, null), ('212', '214', '20.4091%', '20.9985%', '1', null, '247', '冷凝压力', null, 'image/layerIcon/20170420162538_78785_动态风机.gif', null, null);
INSERT INTO `layer_icon` VALUES ('213', '214', '76.3593%', '31.1152%', '5', null, '247', '启停控制', null, 'image/layerIcon/20170420162538_78785_动态风机.gif', null, null), ('214', '212', '28.835%', '87.3731%', '5', null, '241', null, null, 'image/layerIcon/20170420162538_78785_动态风机.gif', null, null), ('215', '212', '29.2233%', '74.076%', '5', null, null, null, null, 'image/layerIcon/20170420162538_78785_动态风机.gif', null, null), ('216', '219', '54.8384%', '31.2353%', '5', null, '245', null, null, 'image/layerIcon/20170420162538_78785_动态风机.gif', '2', null), ('241', '214', '48.8439%', '70.019%', '5', null, null, null, null, '/image/default_value.png', null, null), ('242', '214', '47.2744%', '51.1045%', '5', null, null, null, null, '/image/default_value.png', null, null), ('244', '212', '32.8723%', '61.2914%', '5', null, null, null, null, '/image/default_value.png', null, null), ('245', '212', '45.6863%', '60.8854%', '5', null, null, null, null, '/image/default_value.png', '1', null), ('250', '223', '23.7058%', '34.6835%', '3', null, null, null, null, 'image/layerIcon/20170420162538_78785_动态风机.gif', '2', null), ('251', '223', '50.3669%', '37.5721%', '5', null, null, null, null, '/image/default_value.png', '2', '2017-05-04 10:54:54'), ('252', '223', '50.3669%', '37.5721%', '5', null, null, null, null, '/image/default_value.png', '2', '2017-05-04 10:54:54'), ('253', '223', '50.3669%', '37.5721%', '5', null, null, null, null, '/image/default_value.png', '2', '2017-05-04 10:54:54'), ('254', '223', '50.3669%', '37.5721%', '5', null, null, null, null, '/image/default_value.png', '2', '2017-05-04 10:54:54'), ('261', '264', '29.7355%', '27.6984%', '5', null, '245', null, null, '/image/default_value.png', '3', null), ('321', '209', '65.8174%', '14.2211%', '1', null, '361', null, null, 'image/layerIcon/20170512161644_54443_动态火警.gif', null, null), ('322', '209', '39.5726%', '16.0809%', '1', null, '362', '温度', null, 'image/layerIcon/20170512161644_54443_动态火警.gif', null, null), ('323', '209', '56.3259%', '13.8294%', '1', null, '247', '故障状态', null, 'image/layerIcon/20170512161644_54443_动态火警.gif', null, null), ('324', '209', '30.904%', '72.5987%', '2', null, null, null, null, 'image/layerIcon/20170512161644_54443_动态火警.gif', null, null), ('325', '209', '49.887%', '62.6531%', '2', null, null, null, null, 'image/layerIcon/20170512161644_54443_动态火警.gif', null, null), ('326', '209', '19.827%', '55.0602%', '2', null, '361', null, null, 'image/layerIcon/20170512161644_54443_动态火警.gif', null, null), ('327', '209', '26.0417%', '46.0077%', '2', null, '362', '温度', null, 'image/layerIcon/20170512161644_54443_动态火警.gif', null, null), ('328', '209', '75.196%', '31.9642%', '1', null, null, null, null, 'image/layerIcon/20170512161644_54443_动态火警.gif', null, null), ('329', '209', '90.6762%', '64.9921%', '1', null, null, null, null, 'image/layerIcon/20170512161644_54443_动态火警.gif', null, null), ('330', '209', '58.5858%', '64.5612%', '1', null, '362', '温度', null, 'image/layerIcon/20170512161644_54443_动态火警.gif', null, null), ('331', '209', '73.8418%', '64.0408%', '2', null, null, null, null, 'image/layerIcon/20170512161644_54443_动态火警.gif', null, null), ('332', '209', '82.4294%', '36.8834%', '3', null, null, null, null, 'image/layerIcon/20170512161707_51064_动态-手报.gif', null, null), ('333', '209', '20.0565%', '20.238%', '2', null, null, null, null, 'image/layerIcon/20170512161707_51064_动态-手报.gif', null, null), ('334', '209', '70.2225%', '16.1671%', '2', null, '247', null, null, 'image/layerIcon/20170512161707_51064_动态-手报.gif', null, null), ('335', '209', '65.8174%', '14.2211%', '1', null, '361', null, null, 'image/layerIcon/20170512161644_54443_动态火警.gif', null, null), ('336', '209', '39.5726%', '16.0809%', '1', null, '362', '温度', null, 'image/layerIcon/20170512161644_54443_动态火警.gif', null, null), ('337', '209', '56.3259%', '13.8294%', '1', null, '247', '故障状态', null, 'image/layerIcon/20170512161644_54443_动态火警.gif', null, null), ('338', '209', '30.904%', '72.5987%', '2', null, null, null, null, 'image/layerIcon/20170512161644_54443_动态火警.gif', null, null), ('339', '209', '49.887%', '62.6531%', '2', null, null, null, null, 'image/layerIcon/20170512161644_54443_动态火警.gif', null, null), ('340', '209', '19.827%', '55.0602%', '2', null, '361', null, null, 'image/layerIcon/20170512161644_54443_动态火警.gif', null, null), ('341', '209', '26.0417%', '46.0077%', '2', null, '362', '温度', null, 'image/layerIcon/20170512161644_54443_动态火警.gif', null, null), ('342', '209', '75.196%', '31.9642%', '1', null, null, null, null, 'image/layerIcon/20170512161644_54443_动态火警.gif', null, null), ('343', '209', '90.6762%', '64.9921%', '1', null, null, null, null, 'image/layerIcon/20170512161644_54443_动态火警.gif', null, null), ('344', '209', '58.5858%', '64.5612%', '1', null, '362', '温度', null, 'image/layerIcon/20170512161644_54443_动态火警.gif', null, null), ('345', '209', '73.8418%', '64.0408%', '2', null, null, null, null, 'image/layerIcon/20170512161644_54443_动态火警.gif', null, null), ('346', '209', '82.4294%', '36.8834%', '3', null, null, null, null, 'image/layerIcon/20170512161707_51064_动态-手报.gif', null, null), ('347', '209', '20.0565%', '20.238%', '2', null, null, null, null, 'image/layerIcon/20170512161707_51064_动态-手报.gif', null, null), ('348', '209', '16.4371%', '93.4492%', '1', null, '247', null, null, 'image/layerIcon/20170512161707_51064_动态-手报.gif', null, null), ('349', '209', '65.8174%', '14.2211%', '1', null, '361', null, null, 'image/layerIcon/20170512161644_54443_动态火警.gif', null, null), ('350', '209', '39.5726%', '16.0809%', '1', null, '362', '温度', null, 'image/layerIcon/20170512161644_54443_动态火警.gif', null, null), ('351', '209', '56.3259%', '13.8294%', '1', null, '247', '故障状态', null, 'image/layerIcon/20170512161644_54443_动态火警.gif', null, null), ('352', '209', '30.904%', '72.5987%', '2', null, null, null, null, 'image/layerIcon/20170512161644_54443_动态火警.gif', null, null), ('353', '209', '49.887%', '62.6531%', '2', null, null, null, null, 'image/layerIcon/20170512161644_54443_动态火警.gif', null, null), ('354', '209', '19.827%', '55.0602%', '2', null, '361', null, null, 'image/layerIcon/20170512161644_54443_动态火警.gif', null, null), ('355', '209', '26.0417%', '46.0077%', '2', null, '362', '温度', null, 'image/layerIcon/20170512161644_54443_动态火警.gif', null, null), ('356', '209', '75.196%', '31.9642%', '1', null, null, null, null, 'image/layerIcon/20170512161644_54443_动态火警.gif', null, null), ('357', '209', '90.6762%', '64.9921%', '1', null, null, null, null, 'image/layerIcon/20170512161644_54443_动态火警.gif', null, null), ('358', '209', '58.5858%', '64.5612%', '1', null, '362', '温度', null, 'image/layerIcon/20170512161644_54443_动态火警.gif', null, null), ('359', '209', '73.8418%', '64.0408%', '2', null, null, null, null, 'image/layerIcon/20170512161644_54443_动态火警.gif', null, null), ('360', '209', '82.4294%', '36.8834%', '3', null, null, null, null, 'image/layerIcon/20170512161707_51064_动态-手报.gif', null, null), ('361', '209', '20.0565%', '20.238%', '2', null, null, null, null, 'image/layerIcon/20170512161707_51064_动态-手报.gif', null, null), ('362', '209', '11.5766%', '77.7496%', '1', null, '247', null, null, 'image/layerIcon/20170512161707_51064_动态-手报.gif', null, null), ('363', '209', '39.488%', '68.6036%', '1', null, null, null, null, 'image/layerIcon/20170522151659_25093_动态-喇叭.gif', null, null), ('364', '226', '10%', '90%', '5', null, null, null, null, '/image/default_value.png', null, null), ('365', '226', '10%', '90%', '5', null, null, null, null, '/image/default_value.png', null, null), ('366', '226', '57.6593%', '75.9575%', '3', null, '371', '运行状态', null, 'image/layerIcon/20170522151659_25093_动态-喇叭.gif', null, null), ('367', '226', '40.3163%', '76.067%', '3', null, '371', '运行状态', null, 'image/layerIcon/20170522151659_25093_动态-喇叭.gif', null, null), ('368', '226', '61.8825%', '64.4177%', '1', null, '371', '运行状态', null, 'image/layerIcon/20170522151659_25093_动态-喇叭.gif', null, null), ('369', '226', '48.0086%', '64.2441%', '1', null, '371', '运行状态', null, 'image/layerIcon/20170522151659_25093_动态-喇叭.gif', null, null), ('370', '226', '33.8282%', '64.0759%', '1', null, '371', '运行状态', null, 'image/layerIcon/20170522151659_25093_动态-喇叭.gif', null, null), ('371', '226', '62.0357%', '57.6656%', '1', null, '371', '运行状态', null, 'image/layerIcon/20170522151659_25093_动态-喇叭.gif', null, null), ('372', '226', '48.3102%', '57.5988%', '1', null, '371', '运行状态', null, 'image/layerIcon/20170522151659_25093_动态-喇叭.gif', null, null), ('373', '226', '33.5289%', '57.5775%', '1', null, '371', '运行状态', null, 'image/layerIcon/20170522151659_25093_动态-喇叭.gif', null, null), ('374', '226', '14.3712%', '82.1114%', '2', null, '371', '运行状态', null, 'image/layerIcon/20170522151659_25093_动态-喇叭.gif', null, null), ('375', '226', '13.3178%', '74.1894%', '2', null, '371', '运行状态', null, 'image/layerIcon/20170522151659_25093_动态-喇叭.gif', null, null), ('376', '226', '57.6593%', '75.9575%', '3', null, '371', '运行状态', null, 'image/layerIcon/20170522151659_25093_动态-喇叭.gif', null, null), ('377', '226', '40.3163%', '76.067%', '3', null, '371', '运行状态', null, 'image/layerIcon/20170522151659_25093_动态-喇叭.gif', null, null), ('378', '226', '61.8825%', '64.4177%', '1', null, '371', '运行状态', null, 'image/layerIcon/20170522151659_25093_动态-喇叭.gif', null, null), ('379', '226', '48.0086%', '64.2441%', '1', null, '371', '运行状态', null, 'image/layerIcon/20170522151659_25093_动态-喇叭.gif', null, null), ('380', '226', '33.8282%', '64.0759%', '1', null, '371', '运行状态', null, 'image/layerIcon/20170522151659_25093_动态-喇叭.gif', null, null), ('381', '226', '62.0357%', '57.6656%', '1', null, '371', '运行状态', null, 'image/layerIcon/20170522151659_25093_动态-喇叭.gif', null, null), ('382', '226', '48.3102%', '57.5988%', '1', null, '371', '运行状态', null, 'image/layerIcon/20170522151659_25093_动态-喇叭.gif', null, null), ('383', '226', '33.5289%', '57.5775%', '1', null, '371', '运行状态', null, 'image/layerIcon/20170522151659_25093_动态-喇叭.gif', null, null), ('384', '226', '68.3706%', '29.0345%', '3', null, '371', '运行状态', null, 'image/layerIcon/20170522151659_25093_动态-喇叭.gif', null, null), ('385', '226', '30.9625%', '31.3435%', '2', null, '371', '运行状态', null, 'image/layerIcon/20170522151659_25093_动态-喇叭.gif', null, null), ('386', '226', '46.5003%', '39.6327%', '2', null, '371', '运行状态', null, 'image/layerIcon/20170522151659_25093_动态-喇叭.gif', null, null), ('387', '226', '38.9588%', '39.976%', '2', null, '371', '运行状态', null, 'image/layerIcon/20170522151659_25093_动态-喇叭.gif', null, null), ('388', '226', '30.814%', '40.5716%', '2', null, '371', '运行状态', null, 'image/layerIcon/20170522151659_25093_动态-喇叭.gif', null, null), ('389', '226', '10%', '90%', '5', null, null, null, null, '/image/default_value.png', null, null), ('390', '226', '10%', '90%', '5', null, null, null, null, '/image/default_value.png', null, null), ('391', '226', '10%', '90%', '5', null, null, null, null, '/image/default_value.png', null, null), ('440', '209', '37.6836%', '51.9243%', '3', null, '362', '温度', null, 'image/layerIcon/20170512161644_54443_动态火警.gif', null, null), ('441', '209', '53.8418%', '40.6209%', '3', null, '362', '温度', null, 'image/layerIcon/20170512161644_54443_动态火警.gif', null, null), ('442', '209', '69.5463%', '51.118%', '3', null, '362', '温度', null, 'image/layerIcon/20170512161644_54443_动态火警.gif', null, null), ('443', '209', '54.0678%', '31.4316%', '3', null, '362', '温度', null, 'image/layerIcon/20170512161644_54443_动态火警.gif', null, null);
COMMIT;

-- ----------------------------
-- Table structure for LAYER_ICON_STATUS
-- ----------------------------
DROP TABLE IF EXISTS `layer_icon_status`;
CREATE TABLE `layer_icon_status` (
`id`  decimal(65,30) NOT NULL ,
`icon_id`  decimal(65,30) NULL ,
`icon_src`  varchar(255) NULL ,
`target_value`  varchar(255) NULL ,
`upper_limit`  decimal(65,30) NULL ,
`lower_limit`  decimal(65,30) NULL ,
`create_time`  datetime(7) NULL ,
`expire_time`  datetime(7) NULL ,
PRIMARY KEY (`id`)
)

;

-- ----------------------------
-- Records of LAYER_ICON_STATUS
-- ----------------------------
BEGIN;
INSERT INTO `layer_icon_status` VALUES ('210', '210', 'image/layerIcon/20170419212423_38450_position6.png', '1', null, null, '2017-04-20 15:42:36', null), ('211', '210', 'image/layerIcon/20170419202317_23333_position2.png', null, '2', '1', '2017-04-20 15:42:36', null), ('261', '301', '/image/default_value.png', '1', null, null, '2017-06-17 15:42:02', null), ('262', '301', '/images/default_value.png', null, '2', '1', '2017-06-17 15:42:05', null), ('283', '444', 'image/layerIcon/20170512161644_54443_动态火警.gif', '1', null, null, '2017-06-27 11:07:10', null), ('284', '444', 'image/layerIcon/20170420203012_31097_动态-红外.gif', null, '2', '1', '2017-06-27 11:07:10', null), ('285', '449', 'image/layerIcon/20170512161644_54443_动态火警.gif', '1', null, null, '2017-06-27 11:07:23', null), ('286', '449', 'image/layerIcon/20170420203012_31097_动态-红外.gif', null, '2', '1', '2017-06-27 11:07:23', null), ('287', '455', 'image/layerIcon/20170512161644_54443_动态火警.gif', '1', null, null, '2017-06-27 11:07:23', null), ('288', '455', 'image/layerIcon/20170420203012_31097_动态-红外.gif', null, '2', '1', '2017-06-27 11:07:23', null), ('289', '461', 'image/layerIcon/20170512161644_54443_动态火警.gif', '1', null, null, '2017-06-27 11:07:27', null), ('290', '461', 'image/layerIcon/20170420203012_31097_动态-红外.gif', null, '2', '1', '2017-06-27 11:07:27', null), ('205', '202', 'image/layerIcon/20170419202317_23333_position2.png', '42', null, null, '2017-04-19 21:33:51', null), ('206', '202', 'image/layerIcon/20170419205632_61678_position7.png', null, '4', '1', '2017-04-19 21:37:14', null), ('207', '202', 'image/layerIcon/20170419212423_38450_position6.png', null, '55', '5', '2017-04-19 21:37:53', null), ('221', '221', 'image/layerIcon/20170420203012_31097_动态-红外.gif', '1', null, null, '2017-04-24 18:08:29', null), ('263', '302', '/image/default_value.png', '1', null, null, '2017-06-17 15:52:40', null), ('264', '302', '/images/default_value.png', null, '2', '1', '2017-06-17 15:52:40', null), ('265', '303', '/image/default_value.png', '1', null, null, '2017-06-17 15:52:40', null), ('266', '303', '/images/default_value.png', null, '2', '1', '2017-06-17 15:52:40', null), ('267', '304', '/image/default_value.png', '1', null, null, '2017-06-17 15:53:12', null), ('268', '304', '/images/default_value.png', null, '2', '1', '2017-06-17 15:53:12', null), ('269', '305', '/image/default_value.png', '1', null, null, '2017-06-17 15:53:12', null), ('270', '305', '/images/default_value.png', null, '2', '1', '2017-06-17 15:53:12', null), ('202', '1', 'assets/images/layout/position.png', '55', null, null, null, '2017-04-18 17:26:25'), ('203', '1', 'assets/images/layout/position.png', '66', null, null, null, '2017-04-18 17:26:25'), ('271', '306', '/image/default_value.png', '1', null, null, '2017-06-17 15:55:51', null), ('272', '306', '/images/default_value.png', null, '2', '1', '2017-06-17 15:55:51', null), ('273', '306', '/images/default_value.png', null, '2', '1', '2017-06-17 15:55:51', '2017-06-17 15:53:39'), ('1', '1', 'assets/images/layout/position.png', '1', null, null, null, null), ('2', '1', 'assets/images/layout/position.png', '2', '1', '2', null, null), ('3', '1', 'assets/images/layout/position.png', null, '3', '4', null, null), ('4', '1', 'assets/images/layout/position.png', '3', '5', null, null, null), ('5', '2', 'assets/images/layout/position.png', '1', '2', '3', null, null), ('204', '201', 'assets/images/layout/position2.png', '11', null, null, '2017-04-18 18:30:14', null), ('208', '4', 'image/layerIcon/20170419212423_38450_position6.png', '1', null, null, '2017-04-20 15:42:36', null), ('209', '4', 'image/layerIcon/20170419202317_23333_position2.png', null, '2', '1', '2017-04-20 15:42:36', null), ('212', '212', 'image/layerIcon/20170420203012_31097_动态-红外.gif', '1', null, null, '2017-04-20 20:30:30', null), ('213', '213', 'image/layerIcon/20170420203012_31097_动态-红外.gif', '0', null, null, '2017-04-20 20:30:36', null), ('241', '242', '/image/default_value.png', '1', null, null, '2017-05-04 12:01:22', null), ('242', '242', '/images/default_value.png', null, '2', '1', '2017-05-04 12:01:22', null), ('243', '261', '/image/default_value.png', '1', null, null, '2017-05-05 15:39:03', null), ('244', '261', '/images/default_value.png', null, '2', '1', '2017-05-05 15:39:03', null), ('281', '440', 'image/layerIcon/20170512161644_54443_动态火警.gif', '1', null, null, '2017-06-27 11:06:39', null), ('282', '440', 'image/layerIcon/20170420203012_31097_动态-红外.gif', null, '2', '1', '2017-06-27 11:06:39', null), ('201', '1', 'assets/images/layout/position.png', '44', null, null, null, '2017-04-18 17:44:31');
COMMIT;

-- ----------------------------
-- Table structure for LAYER_ICONLIB
-- ----------------------------
DROP TABLE IF EXISTS `layer_iconlib`;
CREATE TABLE `layer_iconlib` (
`id`  decimal(65,30) NOT NULL ,
`class_id`  decimal(65,30) NULL ,
`icon_src`  text NULL ,
PRIMARY KEY (`id`)
)

;

-- ----------------------------
-- Records of LAYER_ICONLIB
-- ----------------------------
BEGIN;
INSERT INTO `layer_iconlib` VALUES ('254', null, 'image/layerIcon/20170419212430_19868_position8.png'), ('255', '201', 'image/layerIcon/20170420162538_78785_动态风机.gif'), ('288', '201', 'image/layerIcon/20170505152245_65184_Tulips.jpg'), ('250', '201', 'image/layerIcon/20170419205642_77602_position3.png'), ('252', null, 'image/layerIcon/20170419210609_15406_position5.png'), ('301', '1', 'image/layerIcon/20170512161644_54443_动态火警.gif'), ('303', null, 'image/layerIcon/20170512161707_51064_动态-手报.gif'), ('304', null, 'image/layerIcon/20170512161720_15844_动态水位.gif'), ('322', '4', 'image/layerIcon/20170522144337_46131_停止.gif'), ('306', null, 'image/layerIcon/20170512161754_92222_动态水循环.gif'), ('261', null, 'image/layerIcon/20170428160436_72368_assignment_turned_in.png'), ('256', '201', 'image/layerIcon/20170420203012_31097_动态-红外.gif'), ('325', null, 'image/layerIcon/20170522151659_25093_动态-喇叭.gif'), ('247', '1', 'image/layerIcon/20170419202317_23333_position2.png'), ('248', '1', 'image/layerIcon/20170419203138_51455_position7.png');
COMMIT;

-- ----------------------------
-- Table structure for LAYER_ICONLIB_CLASS
-- ----------------------------
DROP TABLE IF EXISTS `layer_iconlib_class`;
CREATE TABLE `layer_iconlib_class` (
`id`  decimal(65,30) NOT NULL ,
`name`  varchar(32) NULL ,
PRIMARY KEY (`id`)
)

;

-- ----------------------------
-- Records of LAYER_ICONLIB_CLASS
-- ----------------------------
BEGIN;
INSERT INTO `layer_iconlib_class` VALUES ('201', '分类20111'), ('202', '分类*'), ('1', '分类1'), ('2', '分类2'), ('3', '分类3'), ('4', '分类00'), ('5', '分类5'), ('6', '分类6'), ('224', '2222g');
COMMIT;

-- ----------------------------
-- Table structure for LAYER_TEXT
-- ----------------------------
DROP TABLE IF EXISTS `layer_text`;
CREATE TABLE `layer_text` (
`id`  decimal(65,30) NOT NULL ,
`layer_id`  decimal(65,30) NULL ,
`position_x`  varchar(32) NULL ,
`position_y`  varchar(32) NULL ,
`text`  varchar(32) NULL ,
`back_color`  varchar(32) NULL ,
`create_time`  datetime(7) NULL ,
`expire_time`  datetime(7) NULL ,
PRIMARY KEY (`id`)
)

;

-- ----------------------------
-- Records of LAYER_TEXT
-- ----------------------------
BEGIN;
INSERT INTO `layer_text` VALUES ('1', '1', '15.5868%', '44.37%', '111', null, null, null), ('2', '1', '18.7735%', '44.6253%', '22222', null, null, null), ('3', '1', '25.7343%', '44.2779%', '3333333', null, null, '2017-04-18 17:46:52'), ('4', '2', '50.6068%', '13.3295%', '444', null, null, null), ('5', '2', '50.8368%', '20.0936%', '55555', null, null, null), ('6', '3', null, null, '66666666', null, null, null), ('241', '215', '50.6068%', '13.3295%', '444', null, null, null), ('242', '215', '50.8368%', '20.0936%', '55555', null, null, null), ('243', '216', '50.6068%', '13.3295%', '444', null, null, null), ('244', '216', '50.8368%', '20.0936%', '55555', null, null, null), ('247', '218', '50.6068%', '13.3295%', '444', null, null, null), ('248', '218', '50.8368%', '20.0936%', '55555', null, null, null), ('245', '217', '50.6068%', '13.3295%', '444', null, null, null), ('246', '217', '50.8368%', '20.0936%', '55555', null, null, null), ('221', '1', '7.92411%', '68.2356%', '新建文本', null, null, null);
COMMIT;

-- ----------------------------
-- Table structure for SYS_CONFIG
-- ----------------------------
DROP TABLE IF EXISTS `sys_config`;
CREATE TABLE `sys_config` (
`id`  decimal(65,30) NOT NULL ,
`key`  varchar(255) NULL ,
`value`  varchar(255) NULL ,
`status`  decimal(65,30) NULL ,
`remark`  varchar(255) NULL ,
PRIMARY KEY (`id`)
)

;

-- ----------------------------
-- Records of SYS_CONFIG
-- ----------------------------
BEGIN;
INSERT INTO `sys_config` VALUES ('1', 'app_version', '1.0', '1', '客户端版本号');
COMMIT;

-- ----------------------------
-- Table structure for SYS_MENU
-- ----------------------------
DROP TABLE IF EXISTS `sys_menu`;
CREATE TABLE `sys_menu` (
`id`  decimal(65,30) NOT NULL ,
`parent_id`  decimal(65,30) NULL ,
`name`  varchar(32) NULL ,
`url`  varchar(32) NULL ,
`perms`  varchar(32) NULL ,
`type`  decimal(65,30) NULL ,
`icon`  varchar(32) NULL ,
`order_num`  decimal(65,30) NULL ,
PRIMARY KEY (`id`)
)

;

-- ----------------------------
-- Records of SYS_MENU
-- ----------------------------
BEGIN;
INSERT INTO `sys_menu` VALUES ('1', '0', '消防', null, null, '1', null, null), ('2', '1', '消防报警', 'main.layout', null, '2', null, null), ('3', '0', '综合安防', null, null, '1', null, null), ('4', '3', '视频监控', 'main.layout', null, '2', null, null), ('5', '3', '防盗报警', 'main.layout', null, '2', null, null), ('6', '3', '门禁管理', 'main.layout', null, '2', null, null), ('7', '3', '电子巡更', 'main.layout', null, '2', null, null), ('8', '0', '设备管理', null, null, '1', null, null), ('9', '8', '暖通空调', 'main.layout', null, '2', null, null), ('10', '8', '给水排水', 'main.layout', null, '2', null, null), ('11', '8', '配电系统', 'main.layout', null, '2', null, null), ('12', '8', '照明系统', 'main.layout', null, '2', null, null), ('13', '8', '电梯监控', 'main.layout', null, '2', null, null), ('14', '0', '运营管理', null, null, '1', null, null), ('15', '14', '电流统计', 'main.layout', null, '2', null, null), ('16', '14', '停车管理', 'main.layout', null, '2', null, null), ('17', '14', '信息发布', 'main.layout', null, '2', null, null), ('18', '14', '背景音乐', 'main.layout', null, '2', null, null), ('19', '0', '能源', null, null, '1', null, null), ('20', '19', '能源管理', 'main.energy', null, '2', null, null);
COMMIT;

-- ----------------------------
-- Table structure for SYS_MENU_DATA
-- ----------------------------
DROP TABLE IF EXISTS `sys_menu_data`;
CREATE TABLE `sys_menu_data` (
`id`  decimal(65,30) NOT NULL ,
`menu_id`  decimal(65,30) NULL ,
`key`  varchar(32) NULL ,
`value`  varchar(32) NULL ,
PRIMARY KEY (`id`)
)

;

-- ----------------------------
-- Records of SYS_MENU_DATA
-- ----------------------------
BEGIN;
INSERT INTO `sys_menu_data` VALUES ('201', '20', '信息发布3', 'xinxi'), ('2', '4', '门禁管理', '门禁管理'), ('3', '5', '配电系统', '配电系统'), ('4', '6', '视频监控', '视频监控'), ('5', '7', '能源管理', '能源管理'), ('6', '9', '背景音乐', '背景音乐'), ('7', '10', '给水排水', '给水排水'), ('8', '11', '电流统计', '电流统计'), ('9', '12', '电梯监控', '电梯监控'), ('10', '13', '电子巡更', '电子巡更'), ('11', '15', '照明系统', '照明系统'), ('12', '16', '消防报警', '消防报警'), ('13', '17', '暖通空调', '暖通空调'), ('14', '18', '停车管理', '停车管理'), ('15', '20', '信息发布', '信息发布'), ('16', '20', '信息发布2', 'gg');
COMMIT;

-- ----------------------------
-- Table structure for SYS_OPERATING
-- ----------------------------
DROP TABLE IF EXISTS `sys_operating`;
CREATE TABLE `sys_operating` (
`id`  decimal(65,30) NOT NULL ,
`code`  varchar(32) NULL ,
`remark`  varchar(32) NULL ,
PRIMARY KEY (`id`)
)

;

-- ----------------------------
-- Records of SYS_OPERATING
-- ----------------------------
BEGIN;
COMMIT;

-- ----------------------------
-- Table structure for SYS_OPERATING_LOG
-- ----------------------------
DROP TABLE IF EXISTS `sys_operating_log`;
CREATE TABLE `sys_operating_log` (
`id`  decimal(65,30) NOT NULL ,
`operating_code`  varchar(32) NULL ,
`user_id`  decimal(65,30) NULL ,
`content`  varchar(32) NULL ,
`create_time`  datetime(7) NULL ,
PRIMARY KEY (`id`)
)

;

-- ----------------------------
-- Records of SYS_OPERATING_LOG
-- ----------------------------
BEGIN;
INSERT INTO `sys_operating_log` VALUES ('208', 'login', '2', '登录', '2017-03-24 10:15:37'), ('239', 'login', '2', '登录', '2017-03-24 14:12:54'), ('240', 'login', '2', '登录', '2017-03-24 14:13:28'), ('241', 'login', '2', '登录', '2017-03-24 14:15:23'), ('242', 'login', '2', '登录', '2017-03-24 14:15:37'), ('243', 'login', '2', '登录', '2017-03-24 14:15:55'), ('244', 'login', '2', '登录', '2017-03-24 14:19:17'), ('245', 'login', '2', '登录', '2017-03-24 14:36:31'), ('246', 'login', '2', '登录', '2017-03-24 14:42:42'), ('247', 'login', '2', '登录', '2017-03-24 14:49:09'), ('248', 'login', '1', '登录', '2017-03-24 15:16:22'), ('249', 'login', '1', '登录', '2017-03-24 15:41:04'), ('250', 'login', '1', '登录', '2017-03-24 15:41:29'), ('251', 'login', '1', '登录', '2017-03-24 15:42:04'), ('252', 'login', '1', '登录', '2017-03-24 15:42:43'), ('255', 'login', '1', '登录', '2017-03-24 16:46:01'), ('263', 'login', '2', '登录', '2017-03-27 11:15:59'), ('264', 'login', '1', '登录', '2017-03-27 13:49:48'), ('265', 'login', '2', '登录', '2017-03-27 16:12:31'), ('266', 'login', '2', '登录', '2017-03-27 16:33:49'), ('267', 'login', '2', '登录', '2017-03-27 16:41:08'), ('268', 'login', '2', '登录', '2017-03-27 16:43:38'), ('269', 'login', '2', '登录', '2017-03-27 16:44:17'), ('270', 'login', '2', '登录', '2017-03-27 16:45:13'), ('271', 'login', '2', '登录', '2017-03-27 16:45:20'), ('272', 'login', '2', '登录', '2017-03-27 16:47:17'), ('273', 'login', '2', '登录', '2017-03-27 16:49:13'), ('274', 'login', '2', '登录', '2017-03-27 16:51:03'), ('275', 'login', '2', '登录', '2017-03-27 16:52:02'), ('276', 'login', '2', '登录', '2017-03-27 16:53:17'), ('277', 'login', '2', '登录', '2017-03-27 16:53:46'), ('278', 'login', '2', '登录', '2017-03-27 16:55:12'), ('279', 'login', '2', '登录', '2017-03-27 17:10:33'), ('280', 'login', '2', '登录', '2017-03-27 17:16:02'), ('281', 'login', '2', '登录', '2017-03-27 17:18:20'), ('282', 'login', '2', '登录', '2017-03-27 17:19:27'), ('283', 'login', '2', '登录', '2017-03-27 17:19:52'), ('302', 'login', '2', '登录', '2017-03-28 14:33:31'), ('303', 'login', '2', '登录', '2017-03-28 14:40:22'), ('304', 'login', '2', '登录', '2017-03-28 14:44:43'), ('305', 'login', '2', '登录', '2017-03-28 14:45:12'), ('306', 'login', '2', '登录', '2017-03-28 14:46:12'), ('307', 'login', '2', '登录', '2017-03-28 14:51:54'), ('312', 'login', '2', '登录', '2017-03-28 16:48:27'), ('314', 'login', '2', '登录', '2017-03-28 16:53:47'), ('322', 'login', '1', '登录', '2017-03-29 14:28:22'), ('348', 'login', '1', '登录', '2017-03-30 14:06:32'), ('351', 'login', '1', '登录', '2017-03-30 14:06:32'), ('365', 'login', '2', '登录', '2017-03-31 10:45:37'), ('369', 'login', '1', '登录', '2017-03-31 11:54:39'), ('370', 'login', '1', '登录', '2017-03-31 13:39:19'), ('377', 'login', '1', '登录', '2017-03-31 14:52:00'), ('378', 'login', '1', '登录', '2017-03-31 14:52:00'), ('380', 'login', '1', '登录', '2017-03-31 14:52:03'), ('383', 'login', '1', '登录', '2017-03-31 16:50:29'), ('389', 'login', '1', '登录', '2017-03-31 17:25:01'), ('390', 'login', '1', '登录', '2017-03-31 17:25:02'), ('391', 'login', '1', '登录', '2017-03-31 17:25:02'), ('400', 'login', '1', '登录', '2017-04-01 14:17:00'), ('401', 'login', '1', '登录', '2017-04-01 14:36:39'), ('425', 'login', '1', '登录', '2017-04-05 13:39:04'), ('431', 'login', '2', '登录', '2017-04-06 18:46:34'), ('436', 'login', '2', '登录', '2017-04-06 20:14:44'), ('441', 'login', '1', '登录', '2017-04-07 09:57:31'), ('451', 'login', '2', '登录', '2017-04-07 11:28:55'), ('454', 'login', '2', '登录', '2017-04-07 15:54:58'), ('457', 'login', '2', '登录', '2017-04-07 17:18:31'), ('459', 'login', '2', '登录', '2017-04-07 18:19:21'), ('466', 'login', '2', '登录', '2017-04-08 16:16:14'), ('467', 'login', '1', '登录', '2017-04-08 17:08:45'), ('468', 'login', '2', '登录', '2017-04-08 18:00:26'), ('481', 'login', '1', '登录', '2017-04-10 09:23:06'), ('490', 'login', '2', '登录', '2017-04-10 11:20:39'), ('491', 'login', '2', '登录', '2017-04-10 11:23:38'), ('492', 'login', '2', '登录', '2017-04-10 11:23:47'), ('493', 'login', '2', '登录', '2017-04-10 11:24:06'), ('494', 'login', '2', '登录', '2017-04-10 11:28:25'), ('495', 'login', '2', '登录', '2017-04-10 11:29:04'), ('497', 'login', '2', '登录', '2017-04-10 11:31:47'), ('498', 'login', '2', '登录', '2017-04-10 11:59:27'), ('499', 'login', '2', '登录', '2017-04-10 11:59:41'), ('500', 'login', '2', '登录', '2017-04-10 13:02:32'), ('501', 'login', '2', '登录', '2017-04-10 13:35:06'), ('505', 'login', '2', '登录', '2017-04-10 15:48:21'), ('527', 'login', '2', '登录', '2017-04-12 10:37:49'), ('533', 'login', '2', '登录', '2017-04-12 10:53:42'), ('534', 'login', '2', '登录', '2017-04-12 10:54:25'), ('535', 'login', '2', '登录', '2017-04-12 11:06:49'), ('536', 'login', '2', '登录', '2017-04-12 11:15:05'), ('542', 'login', '2', '登录', '2017-04-12 14:10:19'), ('543', 'login', '2', '登录', '2017-04-12 14:10:23'), ('576', 'login', '2', '登录', '2017-04-13 15:09:11'), ('583', 'login', '1', '登录', '2017-04-13 15:51:06'), ('588', 'login', '2', '登录', '2017-04-13 17:45:26'), ('589', 'login', '2', '登录', '2017-04-13 17:46:10'), ('590', 'login', '2', '登录', '2017-04-13 17:46:17'), ('592', 'login', '2', '登录', '2017-04-13 18:12:56'), ('593', 'login', '2', '登录', '2017-04-13 19:10:00'), ('594', 'login', '2', '登录', '2017-04-13 19:10:02'), ('595', 'login', '2', '登录', '2017-04-13 19:10:03');
INSERT INTO `sys_operating_log` VALUES ('600', 'login', '2', '登录', '2017-04-14 13:42:40'), ('602', 'login', '2', '登录', '2017-04-14 14:22:50'), ('605', 'login', '2', '登录', '2017-04-14 15:12:52'), ('610', 'login', '2', '登录', '2017-04-14 16:46:57'), ('612', 'login', '2', '登录', '2017-04-14 17:08:04'), ('636', 'login', '2', '登录', '2017-04-17 11:30:48'), ('648', 'login', '2', '登录', '2017-04-17 17:36:57'), ('650', 'login', '2', '登录', '2017-04-17 18:16:23'), ('652', 'login', '2', '登录', '2017-04-17 18:41:00'), ('653', 'login', '2', '登录', '2017-04-17 19:48:41'), ('655', 'login', '2', '登录', '2017-04-18 09:02:36'), ('662', 'login', '2', '登录', '2017-04-18 10:48:49'), ('667', 'login', '2', '登录', '2017-04-18 15:31:31'), ('671', 'login', '2', '登录', '2017-04-18 18:38:23'), ('672', 'login', '2', '登录', '2017-04-18 19:44:39'), ('687', 'login', '2', '登录', '2017-04-19 16:40:10'), ('694', 'login', '2', '登录', '2017-04-19 18:17:41'), ('712', 'login', '2', '登录', '2017-04-20 16:18:37'), ('714', 'login', '2', '登录', '2017-04-20 17:56:56'), ('715', 'login', '2', '登录', '2017-04-20 17:57:17'), ('725', 'login', '2', '登录', '2017-04-21 09:46:48'), ('726', 'login', '2', '登录', '2017-04-21 09:53:48'), ('732', 'login', '2', '登录', '2017-04-21 10:35:41'), ('734', 'login', '2', '登录', '2017-04-21 10:46:45'), ('737', 'login', '2', '登录', '2017-04-21 10:53:23'), ('738', 'login', '2', '登录', '2017-04-21 10:57:59'), ('739', 'login', '2', '登录', '2017-04-21 10:59:00'), ('740', 'login', '2', '登录', '2017-04-21 10:59:17'), ('765', 'login', '2', '登录', '2017-04-24 16:36:37'), ('767', 'login', '2', '登录', '2017-04-24 17:44:06'), ('768', 'login', '2', '登录', '2017-04-24 17:47:30'), ('769', 'login', '2', '登录', '2017-04-24 17:47:31'), ('770', 'login', '2', '登录', '2017-04-24 17:49:11'), ('771', 'login', '2', '登录', '2017-04-24 17:49:58'), ('773', 'login', '2', '登录', '2017-04-24 17:50:41'), ('774', 'login', '2', '登录', '2017-04-24 17:48:45'), ('775', 'login', '2', '登录', '2017-04-24 17:50:50'), ('776', 'login', '2', '登录', '2017-04-24 17:56:28'), ('779', 'login', '221', '登录', '2017-04-24 19:29:28'), ('780', 'login', '221', '登录', '2017-04-24 19:32:20'), ('810', 'login', '2', '登录', '2017-04-26 11:11:26'), ('824', 'login', '2', '登录', '2017-04-27 15:09:48'), ('825', 'login', '2', '登录', '2017-04-27 15:11:08'), ('828', 'login', '2', '登录', '2017-04-27 15:56:01'), ('833', 'login', '2', '登录', '2017-04-27 17:54:41'), ('837', 'login', '1', '登录', '2017-04-28 12:04:16'), ('838', 'login', '1', '登录', '2017-04-28 12:13:00'), ('839', 'login', '1', '登录', '2017-04-28 12:18:13'), ('842', 'login', '2', '登录', '2017-04-28 13:37:56'), ('849', 'login', '2', '登录', '2017-04-28 17:36:34'), ('858', 'login', '2', '登录', '2017-05-03 09:27:29'), ('859', 'login', '2', '登录', '2017-05-03 09:38:28'), ('993', 'login', '2', '登录', '2017-05-11 17:11:36'), ('998', 'login', '2', '登录', '2017-05-11 18:00:46'), ('1022', 'login', '2', '登录', '2017-05-15 09:43:15'), ('1023', 'login', '2', '登录', '2017-05-15 09:45:42'), ('1024', 'login', '2', '登录', '2017-05-15 11:41:26'), ('1027', 'login', '2', '登录', '2017-05-15 12:18:56'), ('1028', 'login', '2', '登录', '2017-05-15 12:31:52'), ('1029', 'login', '2', '登录', '2017-05-15 14:02:38'), ('1030', 'login', '2', '登录', '2017-05-15 14:09:24'), ('1031', 'login', '2', '登录', '2017-05-15 14:12:14'), ('1032', 'login', '2', '登录', '2017-05-15 14:46:34'), ('1033', 'login', '2', '登录', '2017-05-15 14:57:49'), ('1153', 'login', '2', '登录', '2017-05-26 18:31:35'), ('1156', 'login', '2', '登录', '2017-05-27 09:11:02'), ('1159', 'login', '2', '登录', '2017-05-27 10:20:07'), ('1204', 'login', '2', '登录', '2017-06-01 14:46:00'), ('1210', 'login', '2', '登录', '2017-06-02 10:45:05'), ('1213', 'login', '2', '登录', '2017-06-02 11:57:37'), ('1214', 'login', '2', '登录', '2017-06-02 11:57:42'), ('1219', 'login', '2', '登录', '2017-06-02 13:53:40'), ('1220', 'login', '2', '登录', '2017-06-02 13:53:40'), ('1227', 'login', '2', '登录', '2017-06-03 14:52:34'), ('1238', 'login', '2', '登录', '2017-06-05 09:09:05'), ('1244', 'login', '2', '登录', '2017-06-05 11:09:52'), ('1245', 'login', '2', '登录', '2017-06-05 11:09:52'), ('1246', 'login', '2', '登录', '2017-06-05 11:25:13'), ('1248', 'login', '2', '登录', '2017-06-05 12:17:38'), ('1249', 'login', '2', '登录', '2017-06-05 12:22:38'), ('1250', 'login', '2', '登录', '2017-06-05 13:35:36'), ('1251', 'login', '2', '登录', '2017-06-05 13:48:28'), ('1252', 'login', '2', '登录', '2017-06-05 13:50:08'), ('1260', 'login', '2', '登录', '2017-06-05 18:30:29'), ('1273', 'login', '2', '登录', '2017-06-06 11:18:33'), ('1274', 'login', '2', '登录', '2017-06-06 12:52:42'), ('1282', 'login', '2', '登录', '2017-06-06 15:50:44'), ('1290', 'login', '2', '登录', '2017-06-06 18:36:06'), ('1294', 'login', '2', '登录', '2017-06-07 09:30:36'), ('1314', 'login', '2', '登录', '2017-06-07 10:44:05'), ('1317', 'login', '2', '登录', '2017-06-07 10:53:02'), ('1328', 'login', '2', '登录', '2017-06-07 15:47:13'), ('1345', 'login', '2', '登录', '2017-06-09 11:41:57'), ('1352', 'login', '2', '登录', '2017-06-10 09:06:30'), ('1359', 'login', '2', '登录', '2017-06-10 13:52:06'), ('1360', 'login', '2', '登录', '2017-06-10 16:06:18'), ('1361', 'login', '2', '登录', '2017-06-10 17:15:57'), ('1387', 'login', '2', '登录', '2017-06-14 10:35:28'), ('1388', 'login', '2', '登录', '2017-06-14 10:35:31'), ('1389', 'login', '2', '登录', '2017-06-14 10:36:31');
INSERT INTO `sys_operating_log` VALUES ('1390', 'login', '2', '登录', '2017-06-14 10:44:08'), ('1391', 'login', '2', '登录', '2017-06-14 10:43:32'), ('1394', 'login', '2', '登录', '2017-06-14 16:10:54'), ('1396', 'login', '2', '登录', '2017-06-15 09:08:56'), ('1398', 'login', '2', '登录', '2017-06-15 13:38:06'), ('1399', 'login', '2', '登录', '2017-06-15 13:38:06'), ('1414', 'login', '2', '登录', '2017-06-16 16:48:18'), ('1415', 'login', '2', '登录', '2017-06-16 16:51:22'), ('1416', 'login', '2', '登录', '2017-06-16 16:53:26'), ('1417', 'login', '2', '登录', '2017-06-16 17:59:09'), ('1418', 'login', '2', '登录', '2017-06-16 18:09:51'), ('1419', 'login', '2', '登录', '2017-06-16 18:11:22'), ('1420', 'login', '2', '登录', '2017-06-17 15:37:53'), ('1421', 'login', '2', '登录', '2017-06-19 09:01:02'), ('1422', 'login', '2', '登录', '2017-06-19 09:06:07'), ('1423', 'login', '2', '登录', '2017-06-19 09:13:48'), ('1424', 'login', '2', '登录', '2017-06-19 09:13:51'), ('1425', 'login', '2', '登录', '2017-06-19 09:41:44'), ('1426', 'login', '2', '登录', '2017-06-19 11:37:49'), ('1427', 'login', '2', '登录', '2017-06-19 11:39:52'), ('1428', 'login', '2', '登录', '2017-06-19 11:40:17'), ('1429', 'login', '2', '登录', '2017-06-19 13:33:42'), ('1430', 'login', '2', '登录', '2017-06-19 14:00:12'), ('1431', 'login', '2', '登录', '2017-06-19 14:09:01'), ('1432', 'login', '2', '登录', '2017-06-19 14:11:20'), ('1433', 'login', '2', '登录', '2017-06-19 14:13:46'), ('1434', 'login', '2', '登录', '2017-06-19 14:20:04'), ('1435', 'login', '2', '登录', '2017-06-19 14:31:45'), ('1436', 'login', '2', '登录', '2017-06-19 14:31:59'), ('1437', 'login', '99', '登录', '2017-06-19 14:36:16'), ('1438', 'login', '99', '登录', '2017-06-19 14:38:18'), ('1439', 'login', '99', '登录', '2017-06-19 14:43:36'), ('1440', 'login', '99', '登录', '2017-06-19 14:44:15'), ('1441', 'login', '321', '登录', '2017-06-19 14:46:42'), ('201', 'login', '2', '登录', '2017-03-23 16:09:44'), ('202', 'login', '2', '登录', '2017-03-23 17:31:57'), ('203', 'login', '2', '登录', '2017-03-23 17:35:37'), ('204', 'login', '2', '登录', '2017-03-23 17:57:07'), ('205', 'login', '2', '登录', '2017-03-23 17:57:48'), ('206', 'login', '2', '登录', '2017-03-23 18:10:27'), ('227', 'login', '2', '登录', '2017-03-24 10:52:23'), ('254', 'login', '2', '登录', '2017-03-24 16:43:30'), ('284', 'login', '2', '登录', '2017-03-27 17:47:15'), ('310', 'login', '2', '登录', '2017-03-28 15:25:33'), ('311', 'login', '2', '登录', '2017-03-28 15:44:50'), ('313', 'login', '1', '登录', '2017-03-28 16:48:14'), ('315', 'login', '1', '登录', '2017-03-28 16:57:38'), ('318', 'login', '2', '登录', '2017-03-29 12:01:14'), ('321', 'login', '1', '登录', '2017-03-29 13:50:23'), ('327', 'login', '2', '登录', '2017-03-29 17:35:38'), ('338', 'login', '2', '登录', '2017-03-30 09:01:35'), ('339', 'login', '2', '登录', '2017-03-30 10:22:07'), ('340', 'login', '1', '登录', '2017-03-30 10:48:24'), ('341', 'login', '1', '登录', '2017-03-30 10:55:33'), ('342', 'login', '1', '登录', '2017-03-30 11:05:58'), ('343', 'login', '2', '登录', '2017-03-30 11:19:36'), ('346', 'login', '2', '登录', '2017-03-30 13:57:51'), ('347', 'login', '1', '登录', '2017-03-30 14:02:03'), ('354', 'login', '1', '登录', '2017-03-30 14:06:33'), ('355', 'login', '2', '登录', '2017-03-30 14:59:04'), ('358', 'login', '1', '登录', '2017-03-30 19:02:05'), ('362', 'login', '2', '登录', '2017-03-31 08:51:35'), ('363', 'login', '2', '登录', '2017-03-31 08:54:55'), ('364', 'login', '1', '登录', '2017-03-31 09:01:53'), ('367', 'login', '2', '登录', '2017-03-31 11:31:45'), ('368', 'login', '2', '登录', '2017-03-31 11:38:35'), ('372', 'login', '1', '登录', '2017-03-31 14:01:23'), ('373', 'login', '1', '登录', '2017-03-31 14:01:26'), ('375', 'login', '1', '登录', '2017-03-31 14:37:01'), ('379', 'login', '1', '登录', '2017-03-31 14:52:01'), ('382', 'login', '2', '登录', '2017-03-31 16:21:36'), ('384', 'login', '2', '登录', '2017-03-31 17:00:21'), ('385', 'login', '2', '登录', '2017-03-31 17:15:25'), ('386', 'login', '2', '登录', '2017-03-31 17:17:11'), ('387', 'login', '2', '登录', '2017-03-31 17:23:24'), ('392', 'login', '2', '登录', '2017-03-31 18:07:39'), ('393', 'login', '2', '登录', '2017-03-31 18:42:39'), ('394', 'login', '2', '登录', '2017-04-01 11:39:35'), ('397', 'login', '2', '登录', '2017-04-01 13:41:38'), ('398', 'login', '2', '登录', '2017-04-01 13:43:20'), ('402', 'login', '2', '登录', '2017-04-01 16:22:51'), ('403', 'login', '1', '登录', '2017-04-01 16:59:36'), ('426', 'login', '1', '登录', '2017-04-05 16:57:23'), ('428', 'login', '1', '登录', '2017-04-06 15:20:23'), ('429', 'login', '2', '登录', '2017-04-06 16:23:29'), ('430', 'login', '2', '登录', '2017-04-06 17:43:15'), ('434', 'login', '1', '登录', '2017-04-06 19:23:26'), ('435', 'login', '2', '登录', '2017-04-06 19:52:30'), ('438', 'login', '2', '登录', '2017-04-07 09:30:41'), ('439', 'login', '2', '登录', '2017-04-07 09:53:08'), ('440', 'login', '2', '登录', '2017-04-07 09:55:05'), ('442', 'login', '2', '登录', '2017-04-07 10:00:24'), ('443', 'login', '1', '登录', '2017-04-07 10:16:00'), ('446', 'login', '2', '登录', '2017-04-07 11:22:57'), ('447', 'login', '2', '登录', '2017-04-07 11:23:02'), ('448', 'login', '2', '登录', '2017-04-07 11:23:17'), ('449', 'login', '2', '登录', '2017-04-07 11:24:23'), ('450', 'login', '2', '登录', '2017-04-07 11:27:20'), ('452', 'login', '2', '登录', '2017-04-07 11:29:00'), ('456', 'login', '2', '登录', '2017-04-07 17:09:44');
INSERT INTO `sys_operating_log` VALUES ('460', 'login', '1', '登录', '2017-04-08 09:14:52'), ('463', 'login', '1', '登录', '2017-04-08 13:55:48'), ('502', 'login', '2', '登录', '2017-04-10 14:25:01'), ('503', 'login', '2', '登录', '2017-04-10 14:28:00'), ('511', 'login', '2', '登录', '2017-04-11 09:36:54'), ('520', 'login', '2', '登录', '2017-04-11 18:59:10'), ('525', 'login', '2', '登录', '2017-04-12 10:25:35'), ('526', 'login', '2', '登录', '2017-04-12 10:33:10'), ('528', 'login', '2', '登录', '2017-04-12 10:38:08'), ('529', 'login', '2', '登录', '2017-04-12 10:42:57'), ('530', 'login', '2', '登录', '2017-04-12 10:44:29'), ('531', 'login', '2', '登录', '2017-04-12 10:44:35'), ('532', 'login', '2', '登录', '2017-04-12 10:46:20'), ('537', 'login', '2', '登录', '2017-04-12 12:00:55'), ('538', 'login', '2', '登录', '2017-04-12 12:05:06'), ('539', 'login', '2', '登录', '2017-04-12 13:16:15'), ('540', 'login', '2', '登录', '2017-04-12 13:17:31'), ('541', 'login', '2', '登录', '2017-04-12 13:19:32'), ('545', 'login', '2', '登录', '2017-04-12 16:05:01'), ('546', 'login', '2', '登录', '2017-04-12 16:06:21'), ('552', 'login', '2', '登录', '2017-04-13 09:56:11'), ('553', 'login', '2', '登录', '2017-04-13 10:31:58'), ('554', 'login', '2', '登录', '2017-04-13 10:31:02'), ('555', 'login', '2', '登录', '2017-04-13 11:39:12'), ('556', 'login', '2', '登录', '2017-04-13 11:39:22'), ('557', 'login', '2', '登录', '2017-04-13 11:39:46'), ('558', 'login', '2', '登录', '2017-04-13 11:51:03'), ('559', 'login', '2', '登录', '2017-04-13 11:52:03'), ('560', 'login', '2', '登录', '2017-04-13 11:52:55'), ('561', 'login', '2', '登录', '2017-04-13 11:52:57'), ('562', 'login', '2', '登录', '2017-04-13 11:52:58'), ('563', 'login', '2', '登录', '2017-04-13 11:52:59'), ('564', 'login', '2', '登录', '2017-04-13 11:53:00'), ('565', 'login', '2', '登录', '2017-04-13 11:53:00'), ('566', 'login', '2', '登录', '2017-04-13 11:53:00'), ('567', 'login', '2', '登录', '2017-04-13 11:53:00'), ('568', 'login', '2', '登录', '2017-04-13 11:53:01'), ('569', 'login', '2', '登录', '2017-04-13 11:53:01'), ('570', 'login', '2', '登录', '2017-04-13 11:53:01'), ('571', 'login', '2', '登录', '2017-04-13 11:53:02'), ('572', 'login', '2', '登录', '2017-04-13 11:53:47'), ('573', 'login', '2', '登录', '2017-04-13 12:22:33'), ('574', 'login', '2', '登录', '2017-04-13 14:22:55'), ('575', 'login', '2', '登录', '2017-04-13 14:34:31'), ('577', 'login', '2', '登录', '2017-04-13 15:19:14'), ('578', 'login', '2', '登录', '2017-04-13 15:28:45'), ('579', 'login', '2', '登录', '2017-04-13 15:30:05'), ('580', 'login', '2', '登录', '2017-04-13 15:32:37'), ('582', 'login', '2', '登录', '2017-04-13 15:39:31'), ('584', 'login', '2', '登录', '2017-04-13 16:27:59'), ('585', 'login', '2', '登录', '2017-04-13 16:44:37'), ('591', 'login', '2', '登录', '2017-04-13 17:59:46'), ('596', 'login', '2', '登录', '2017-04-14 11:39:25'), ('598', 'login', '2', '登录', '2017-04-14 12:10:46'), ('601', 'login', '2', '登录', '2017-04-14 13:48:02'), ('603', 'login', '2', '登录', '2017-04-14 14:34:30'), ('604', 'login', '2', '登录', '2017-04-14 14:40:13'), ('608', 'login', '2', '登录', '2017-04-14 15:59:26'), ('609', 'login', '2', '登录', '2017-04-14 16:39:00'), ('621', 'login', '2', '登录', '2017-04-15 03:07:22'), ('628', 'login', '2', '登录', '2017-04-17 09:47:07'), ('629', 'login', '2', '登录', '2017-04-17 09:51:05'), ('630', 'login', '2', '登录', '2017-04-17 09:53:24'), ('631', 'login', '2', '登录', '2017-04-17 09:54:32'), ('632', 'login', '2', '登录', '2017-04-17 10:08:28'), ('645', 'login', '2', '登录', '2017-04-17 15:17:16'), ('646', 'login', '2', '登录', '2017-04-17 15:45:06'), ('661', 'login', '2', '登录', '2017-04-18 10:15:36'), ('663', 'login', '2', '登录', '2017-04-18 14:31:06'), ('666', 'login', '2', '登录', '2017-04-18 14:59:04'), ('670', 'login', '2', '登录', '2017-04-18 17:25:39'), ('673', 'login', '2', '登录', '2017-04-19 10:02:30'), ('674', 'login', '2', '登录', '2017-04-19 10:09:39'), ('675', 'login', '2', '登录', '2017-04-19 10:18:08'), ('681', 'login', '2', '登录', '2017-04-19 14:19:40'), ('682', 'login', '2', '登录', '2017-04-19 14:20:27'), ('695', 'login', '2', '登录', '2017-04-19 18:26:51'), ('696', 'login', '2', '登录', '2017-04-19 19:47:39'), ('700', 'login', '2', '登录', '2017-04-20 09:53:05'), ('703', 'login', '2', '登录', '2017-04-20 11:17:17'), ('704', 'login', '2', '登录', '2017-04-20 11:30:50'), ('705', 'login', '2', '登录', '2017-04-20 11:48:27'), ('707', 'login', '2', '登录', '2017-04-20 14:14:10'), ('710', 'login', '2', '登录', '2017-04-20 15:54:02'), ('713', 'login', '2', '登录', '2017-04-20 17:25:27'), ('727', 'login', '2', '登录', '2017-04-21 09:57:22'), ('728', 'login', '2', '登录', '2017-04-21 09:59:36'), ('729', 'login', '2', '登录', '2017-04-21 09:59:39'), ('730', 'login', '2', '登录', '2017-04-21 10:01:46'), ('733', 'login', '2', '登录', '2017-04-21 10:36:35'), ('735', 'login', '2', '登录', '2017-04-21 10:44:27'), ('741', 'login', '2', '登录', '2017-04-21 14:00:54'), ('742', 'login', '2', '登录', '2017-04-21 14:02:36'), ('772', 'login', '2', '登录', '2017-04-24 17:50:07'), ('777', 'login', '2', '登录', '2017-04-24 18:15:20'), ('778', 'login', '2', '登录', '2017-04-24 18:32:00'), ('794', 'login', '221', '登录', '2017-04-24 21:10:21'), ('795', 'login', '221', '登录', '2017-04-24 21:10:24'), ('797', 'login', '221', '登录', '2017-04-25 09:44:16'), ('798', 'login', '2', '登录', '2017-04-25 15:12:49');
INSERT INTO `sys_operating_log` VALUES ('803', 'login', '2', '登录', '2017-04-25 16:28:34'), ('804', 'login', '2', '登录', '2017-04-25 16:28:50'), ('806', 'login', '2', '登录', '2017-04-25 17:59:06'), ('819', 'login', '2', '登录', '2017-04-27 09:52:31'), ('822', 'login', '2', '登录', '2017-04-27 14:34:58'), ('834', 'login', '2', '登录', '2017-04-28 07:35:02'), ('840', 'login', '1', '登录', '2017-04-28 12:21:18'), ('841', 'login', '1', '登录', '2017-04-28 12:23:06'), ('844', 'login', '1', '登录', '2017-04-28 14:33:07'), ('846', 'login', '2', '登录', '2017-04-28 14:53:16'), ('877', 'login', '1', '登录', '2017-05-04 10:29:25'), ('901', 'login', '2', '登录', '2017-05-04 11:52:55'), ('902', 'login', '2', '登录', '2017-05-04 11:52:59'), ('909', 'login', '2', '登录', '2017-05-04 18:28:55'), ('913', 'login', '2', '登录', '2017-05-05 11:38:23'), ('914', 'login', '2', '登录', '2017-05-05 13:37:40'), ('915', 'login', '2', '登录', '2017-05-05 14:19:01'), ('919', 'login', '2', '登录', '2017-05-05 17:05:29'), ('921', 'login', '2', '登录', '2017-05-08 09:27:44'), ('928', 'login', '2', '登录', '2017-05-08 13:39:37'), ('930', 'login', '2', '登录', '2017-05-10 17:21:51'), ('931', 'login', '2', '登录', '2017-05-10 17:38:05'), ('958', 'login', '2', '登录', '2017-05-11 09:18:35'), ('959', 'login', '2', '登录', '2017-05-11 09:26:24'), ('999', 'login', '2', '登录', '2017-05-11 18:07:09'), ('1000', 'login', '2', '登录', '2017-05-11 18:10:00'), ('1002', 'login', '2', '登录', '2017-05-11 18:21:43'), ('1006', 'login', '2', '登录', '2017-05-12 10:53:56'), ('1007', 'login', '2', '登录', '2017-05-12 12:30:02'), ('1008', 'login', '2', '登录', '2017-05-12 15:01:54'), ('1009', 'login', '2', '登录', '2017-05-12 15:04:42'), ('1012', 'login', '2', '登录', '2017-05-12 15:59:21'), ('1013', 'login', '2', '登录', '2017-05-12 16:03:30'), ('1048', 'login', '2', '登录', '2017-05-17 09:31:15'), ('1049', 'login', '2', '登录', '2017-05-17 10:36:09'), ('1050', 'login', '2', '登录', '2017-05-17 14:01:38'), ('1051', 'login', '2', '登录', '2017-05-17 14:04:50'), ('1052', 'login', '2', '登录', '2017-05-17 16:13:52'), ('1053', 'login', '2', '登录', '2017-05-17 16:27:38'), ('1054', 'login', '2', '登录', '2017-05-17 18:02:10'), ('1055', 'login', '2', '登录', '2017-05-18 10:03:53'), ('1056', 'login', '2', '登录', '2017-05-18 15:05:31'), ('1064', 'login', '2', '登录', '2017-05-22 09:43:59'), ('1065', 'login', '2', '登录', '2017-05-22 09:47:41'), ('1084', 'login', '2', '登录', '2017-05-22 11:10:16'), ('1085', 'login', '2', '登录', '2017-05-22 11:13:24'), ('1086', 'login', '2', '登录', '2017-05-22 11:17:01'), ('1087', 'login', '2', '登录', '2017-05-22 11:29:43'), ('1088', 'login', '2', '登录', '2017-05-22 11:29:46'), ('1089', 'login', '2', '登录', '2017-05-22 11:54:30'), ('1092', 'login', '2', '登录', '2017-05-22 14:04:00'), ('1093', 'login', '2', '登录', '2017-05-22 14:05:01'), ('1096', 'login', '2', '登录', '2017-05-22 14:18:34'), ('1097', 'login', '2', '登录', '2017-05-22 14:34:57'), ('1098', 'login', '2', '登录', '2017-05-22 14:45:52'), ('1112', 'login', '2', '登录', '2017-05-24 17:16:56'), ('1113', 'login', '2', '登录', '2017-05-25 14:42:56'), ('1114', 'login', '2', '登录', '2017-05-25 14:43:40'), ('1115', 'login', '2', '登录', '2017-05-25 15:17:46'), ('1116', 'login', '2', '登录', '2017-05-25 15:18:05'), ('1117', 'login', '2', '登录', '2017-05-25 15:20:55'), ('1118', 'login', '2', '登录', '2017-05-25 15:22:24'), ('1119', 'login', '2', '登录', '2017-05-25 15:24:25'), ('1120', 'login', '2', '登录', '2017-05-25 17:28:39'), ('1121', 'login', '2', '登录', '2017-05-25 17:30:55'), ('1123', 'login', '2', '登录', '2017-05-25 18:06:03'), ('1124', 'login', '2', '登录', '2017-05-25 18:06:42'), ('1125', 'login', '2', '登录', '2017-05-25 18:09:22'), ('301', 'login', '2', '登录', '2017-03-28 11:09:48'), ('308', 'login', '2', '登录', '2017-03-28 15:15:02'), ('316', 'login', '1', '登录', '2017-03-28 16:59:20'), ('319', 'login', '2', '登录', '2017-03-29 13:44:20'), ('320', 'login', '2', '登录', '2017-03-29 13:44:23'), ('323', 'login', '2', '登录', '2017-03-29 14:39:47'), ('325', 'login', '1', '登录', '2017-03-29 15:16:39'), ('326', 'login', '2', '登录', '2017-03-29 16:05:18'), ('328', 'login', '2', '登录', '2017-03-29 17:41:53'), ('335', 'login', '2', '登录', '2017-03-29 18:21:29'), ('336', 'login', '2', '登录', '2017-03-29 18:22:42'), ('337', 'login', '2', '登录', '2017-03-29 18:22:44'), ('352', 'login', '1', '登录', '2017-03-30 14:06:32'), ('353', 'login', '1', '登录', '2017-03-30 14:06:33'), ('388', 'login', '1', '登录', '2017-03-31 17:25:01'), ('453', 'login', '2', '登录', '2017-04-07 15:09:03'), ('483', 'login', '2', '登录', '2017-04-10 11:11:05'), ('485', 'login', '2', '登录', '2017-04-10 11:18:15'), ('486', 'login', '2', '登录', '2017-04-10 11:18:39'), ('488', 'login', '2', '登录', '2017-04-10 11:19:37'), ('489', 'login', '2', '登录', '2017-04-10 11:21:36'), ('513', 'login', '2', '登录', '2017-04-11 11:25:05'), ('514', 'login', '2', '登录', '2017-04-11 13:32:21'), ('515', 'login', '2', '登录', '2017-04-11 14:12:46'), ('516', 'login', '2', '登录', '2017-04-11 16:33:13'), ('517', 'login', '2', '登录', '2017-04-11 17:06:45'), ('518', 'login', '2', '登录', '2017-04-11 18:27:09'), ('519', 'login', '2', '登录', '2017-04-11 18:55:15'), ('521', 'login', '2', '登录', '2017-04-11 19:03:14'), ('581', 'login', '2', '登录', '2017-04-13 15:40:39'), ('606', 'login', '2', '登录', '2017-04-14 15:13:53'), ('616', 'login', '2', '登录', '2017-04-14 18:37:55');
INSERT INTO `sys_operating_log` VALUES ('617', 'login', '2', '登录', '2017-04-14 18:38:02'), ('618', 'login', '2', '登录', '2017-04-14 18:38:14'), ('619', 'login', '2', '登录', '2017-04-14 18:38:43'), ('643', 'login', '2', '登录', '2017-04-17 14:16:05'), ('644', 'login', '2', '登录', '2017-04-17 14:46:35'), ('647', 'login', '2', '登录', '2017-04-17 16:40:45'), ('678', 'login', '2', '登录', '2017-04-19 13:56:50'), ('679', 'login', '2', '登录', '2017-04-19 14:03:15'), ('680', 'login', '2', '登录', '2017-04-19 14:17:18'), ('683', 'login', '2', '登录', '2017-04-19 15:39:08'), ('685', 'login', '2', '登录', '2017-04-19 16:05:38'), ('686', 'login', '2', '登录', '2017-04-19 16:28:57'), ('690', 'login', '2', '登录', '2017-04-19 17:22:52'), ('699', 'login', '2', '登录', '2017-04-20 09:53:04'), ('702', 'login', '2', '登录', '2017-04-20 11:17:16'), ('709', 'login', '2', '登录', '2017-04-20 14:54:35'), ('720', 'login', '2', '登录', '2017-04-20 21:16:25'), ('721', 'login', '2', '登录', '2017-04-20 21:19:42'), ('731', 'login', '2', '登录', '2017-04-21 10:09:58'), ('736', 'login', '2', '登录', '2017-04-21 10:55:38'), ('744', 'login', '2', '登录', '2017-04-21 14:22:16'), ('747', 'login', '2', '登录', '2017-04-22 11:29:30'), ('764', 'login', '2', '登录', '2017-04-24 14:07:02'), ('766', 'login', '2', '登录', '2017-04-24 17:17:48'), ('785', 'login', '2', '登录', '2017-04-24 20:36:48'), ('786', 'login', '2', '登录', '2017-04-24 20:37:43'), ('787', 'login', '2', '登录', '2017-04-24 20:37:49'), ('791', 'login', '2', '登录', '2017-04-24 21:10:30'), ('800', 'login', '2', '登录', '2017-04-25 15:43:13'), ('805', 'login', '2', '登录', '2017-04-25 17:58:48'), ('808', 'login', '2', '登录', '2017-04-26 10:23:57'), ('811', 'login', '2', '登录', '2017-04-26 11:30:00'), ('813', 'login', '2', '登录', '2017-04-26 15:19:51'), ('818', 'login', '2', '登录', '2017-04-27 09:52:08'), ('821', 'login', '2', '登录', '2017-04-27 14:07:21'), ('823', 'login', '2', '登录', '2017-04-27 14:37:13'), ('829', 'login', '2', '登录', '2017-04-27 16:15:43'), ('830', 'login', '2', '登录', '2017-04-27 16:39:53'), ('845', 'login', '1', '登录', '2017-04-28 14:52:52'), ('851', 'login', '2', '登录', '2017-05-02 11:00:20'), ('853', 'login', '2', '登录', '2017-05-02 13:38:27'), ('855', 'login', '1', '登录', '2017-05-02 18:00:23'), ('856', 'login', '2', '登录', '2017-05-02 19:46:40'), ('857', 'login', '2', '登录', '2017-05-03 09:15:50'), ('860', 'login', '2', '登录', '2017-05-03 11:09:12'), ('861', 'login', '2', '登录', '2017-05-03 14:14:02'), ('863', 'login', '2', '登录', '2017-05-03 16:02:42'), ('864', 'login', '2', '登录', '2017-05-03 18:31:28'), ('865', 'login', '2', '登录', '2017-05-03 18:36:55'), ('866', 'login', '2', '登录', '2017-05-03 18:37:26'), ('867', 'login', '2', '登录', '2017-05-03 18:44:52'), ('868', 'login', '2', '登录', '2017-05-03 20:13:31'), ('869', 'login', '2', '登录', '2017-05-04 09:20:44'), ('870', 'login', '2', '登录', '2017-05-04 09:39:08'), ('871', 'login', '2', '登录', '2017-05-04 09:39:38'), ('873', 'login', '2', '登录', '2017-05-04 10:11:57'), ('904', 'login', '1', '登录', '2017-05-04 14:24:02'), ('910', 'login', '2', '登录', '2017-05-05 09:27:42'), ('911', 'login', '2', '登录', '2017-05-05 09:53:46'), ('912', 'login', '2', '登录', '2017-05-05 09:54:28'), ('917', 'login', '2', '登录', '2017-05-05 15:09:43'), ('923', 'login', '2', '登录', '2017-05-08 11:05:50'), ('932', 'login', '2', '登录', '2017-05-10 17:49:49'), ('996', 'login', '2', '登录', '2017-05-11 17:37:58'), ('997', 'login', '2', '登录', '2017-05-11 17:42:26'), ('1001', 'login', '2', '登录', '2017-05-11 18:19:56'), ('1003', 'login', '2', '登录', '2017-05-11 18:26:56'), ('1004', 'login', '2', '登录', '2017-05-11 18:39:22'), ('1010', 'login', '2', '登录', '2017-05-12 15:16:40'), ('1014', 'login', '2', '登录', '2017-05-12 17:05:37'), ('1015', 'login', '2', '登录', '2017-05-12 17:05:39'), ('1021', 'login', '2', '登录', '2017-05-15 09:35:00'), ('1025', 'login', '2', '登录', '2017-05-15 12:06:32'), ('1026', 'login', '2', '登录', '2017-05-15 12:16:11'), ('1034', 'login', '2', '登录', '2017-05-16 15:20:21'), ('1035', 'login', '2', '登录', '2017-05-16 15:20:21'), ('1036', 'login', '2', '登录', '2017-05-16 15:20:21'), ('1037', 'login', '2', '登录', '2017-05-16 15:20:21'), ('1038', 'login', '2', '登录', '2017-05-16 15:22:30'), ('1039', 'login', '2', '登录', '2017-05-16 15:29:47'), ('1040', 'login', '2', '登录', '2017-05-16 15:42:23'), ('1041', 'login', '2', '登录', '2017-05-16 15:49:34'), ('1042', 'login', '2', '登录', '2017-05-16 15:50:30'), ('1066', 'login', '2', '登录', '2017-05-22 09:52:41'), ('1067', 'login', '2', '登录', '2017-05-22 09:52:45'), ('1068', 'login', '2', '登录', '2017-05-22 09:58:51'), ('1069', 'login', '2', '登录', '2017-05-22 09:58:53'), ('1070', 'login', '2', '登录', '2017-05-22 10:00:10'), ('1072', 'login', '2', '登录', '2017-05-22 10:05:21'), ('1073', 'login', '2', '登录', '2017-05-22 10:06:04'), ('1074', 'login', '2', '登录', '2017-05-22 10:08:15'), ('1075', 'login', '2', '登录', '2017-05-22 10:09:02'), ('1076', 'login', '2', '登录', '2017-05-22 10:09:14'), ('1077', 'login', '2', '登录', '2017-05-22 10:09:23'), ('1079', 'login', '2', '登录', '2017-05-22 10:18:43'), ('1080', 'login', '2', '登录', '2017-05-22 10:19:08'), ('1081', 'login', '2', '登录', '2017-05-22 10:19:10'), ('1082', 'login', '2', '登录', '2017-05-22 10:19:10'), ('1090', 'login', '2', '登录', '2017-05-22 13:48:04'), ('1091', 'login', '2', '登录', '2017-05-22 13:49:30');
INSERT INTO `sys_operating_log` VALUES ('1094', 'login', '2', '登录', '2017-05-22 14:14:40'), ('1095', 'login', '2', '登录', '2017-05-22 14:21:40'), ('1099', 'login', '2', '登录', '2017-05-22 14:54:32'), ('1102', 'login', '2', '登录', '2017-05-22 17:04:20'), ('1103', 'login', '2', '登录', '2017-05-23 09:36:00'), ('1104', 'login', '2', '登录', '2017-05-23 10:41:42'), ('1105', 'login', '2', '登录', '2017-05-23 11:52:21'), ('1106', 'login', '2', '登录', '2017-05-23 12:27:54'), ('1107', 'login', '2', '登录', '2017-05-23 14:08:08'), ('1108', 'login', '2', '登录', '2017-05-23 15:16:42'), ('1109', 'login', '2', '登录', '2017-05-23 15:17:05'), ('1110', 'login', '2', '登录', '2017-05-23 15:17:37'), ('1111', 'login', '2', '登录', '2017-05-23 16:35:03'), ('1126', 'login', '2', '登录', '2017-05-25 19:10:36'), ('1127', 'login', '2', '登录', '2017-05-26 08:56:53'), ('1128', 'login', '2', '登录', '2017-05-26 09:15:41'), ('1129', 'login', '2', '登录', '2017-05-26 09:29:02'), ('1130', 'login', '2', '登录', '2017-05-26 10:01:57'), ('1131', 'login', '2', '登录', '2017-05-26 10:27:43'), ('1142', 'login', '2', '登录', '2017-05-26 15:33:29'), ('1143', 'login', '2', '登录', '2017-05-26 16:22:46'), ('1144', 'login', '2', '登录', '2017-05-26 16:32:31'), ('1145', 'login', '2', '登录', '2017-05-26 16:58:49'), ('1146', 'login', '2', '登录', '2017-05-26 17:05:41'), ('1147', 'login', '1', '登录', '2017-05-26 17:14:47'), ('1148', 'login', '2', '登录', '2017-05-26 17:18:42'), ('1149', 'login', '2', '登录', '2017-05-26 18:26:06'), ('1150', 'login', '2', '登录', '2017-05-26 18:30:45'), ('1151', 'login', '2', '登录', '2017-05-26 18:31:39'), ('1152', 'login', '2', '登录', '2017-05-26 18:31:35'), ('1157', 'login', '2', '登录', '2017-05-27 09:20:23'), ('1158', 'login', '2', '登录', '2017-05-27 09:49:34'), ('1166', 'login', '2', '登录', '2017-05-27 16:18:25'), ('1167', 'login', '1', '登录', '2017-05-27 16:37:30'), ('1168', 'login', '1', '登录', '2017-05-27 16:37:33'), ('1170', 'login', '2', '登录', '2017-05-27 17:55:30'), ('1171', 'login', '2', '登录', '2017-05-27 17:55:30'), ('1172', 'login', '2', '登录', '2017-05-27 17:55:30'), ('1173', 'login', '2', '登录', '2017-05-27 17:55:30'), ('1174', 'login', '2', '登录', '2017-05-27 17:55:30'), ('1181', 'login', '2', '登录', '2017-05-31 09:16:07'), ('1182', 'login', '2', '登录', '2017-05-31 09:18:56'), ('1184', 'login', '2', '登录', '2017-05-31 14:57:00'), ('1185', 'login', '2', '登录', '2017-05-31 15:02:08'), ('1186', 'login', '2', '登录', '2017-05-31 15:02:09'), ('1187', 'login', '2', '登录', '2017-05-31 15:02:12'), ('1188', 'login', '2', '登录', '2017-06-01 09:16:28'), ('1189', 'login', '2', '登录', '2017-06-01 09:18:05'), ('1190', 'login', '2', '登录', '2017-06-01 09:18:08'), ('1191', 'login', '2', '登录', '2017-06-01 09:20:35'), ('1192', 'login', '2', '登录', '2017-06-01 09:20:35'), ('1193', 'login', '2', '登录', '2017-06-01 09:20:35'), ('1194', 'login', '2', '登录', '2017-06-01 09:20:36'), ('1195', 'login', '2', '登录', '2017-06-01 09:20:36'), ('1196', 'login', '2', '登录', '2017-06-01 09:20:36'), ('1197', 'login', '2', '登录', '2017-06-01 09:20:36'), ('1198', 'login', '2', '登录', '2017-06-01 10:35:55'), ('1199', 'login', '2', '登录', '2017-06-01 10:58:29'), ('1200', 'login', '2', '登录', '2017-06-01 11:48:00'), ('1201', 'login', '2', '登录', '2017-06-01 13:37:36'), ('1202', 'login', '2', '登录', '2017-06-01 13:38:14'), ('1203', 'login', '2', '登录', '2017-06-01 14:26:04'), ('1205', 'login', '2', '登录', '2017-06-01 15:51:41'), ('1206', 'login', '2', '登录', '2017-06-01 16:42:38'), ('1207', 'login', '2', '登录', '2017-06-01 17:25:31'), ('1208', 'login', '2', '登录', '2017-06-02 10:22:48'), ('1209', 'login', '2', '登录', '2017-06-02 10:22:48'), ('1211', 'login', '2', '登录', '2017-06-02 12:00:19'), ('1212', 'login', '2', '登录', '2017-06-02 12:00:19'), ('1216', 'login', '2', '登录', '2017-06-02 12:33:15'), ('1218', 'login', '2', '登录', '2017-06-02 13:53:40'), ('1217', 'login', '2', '登录', '2017-06-02 13:53:40'), ('1221', 'login', '2', '登录', '2017-06-02 13:53:40'), ('1222', 'login', '2', '登录', '2017-06-02 14:08:40'), ('1223', 'login', '2', '登录', '2017-06-02 14:08:40'), ('1224', 'login', '2', '登录', '2017-06-02 16:01:45'), ('1226', 'login', '2', '登录', '2017-06-03 14:52:34'), ('1228', 'login', '2', '登录', '2017-06-03 15:20:15'), ('1229', 'login', '2', '登录', '2017-06-03 15:20:18'), ('1230', 'login', '2', '登录', '2017-06-03 15:20:19'), ('1231', 'login', '2', '登录', '2017-06-03 15:44:31'), ('1232', 'login', '2', '登录', '2017-06-03 16:06:08'), ('1233', 'login', '2', '登录', '2017-06-03 16:06:15'), ('1234', 'login', '2', '登录', '2017-06-03 17:46:24'), ('1235', 'login', '2', '登录', '2017-06-03 17:50:32'), ('1236', 'login', '2', '登录', '2017-06-03 17:50:32'), ('1237', 'login', '2', '登录', '2017-06-05 09:05:43'), ('1239', 'login', '2', '登录', '2017-06-05 09:40:18'), ('1240', 'login', '2', '登录', '2017-06-05 10:15:54'), ('1241', 'login', '2', '登录', '2017-06-05 10:47:03'), ('1242', 'login', '2', '登录', '2017-06-05 10:47:04'), ('1243', 'login', '2', '登录', '2017-06-05 11:06:35'), ('1247', 'login', '2', '登录', '2017-06-05 12:19:42'), ('1267', 'login', '2', '登录', '2017-06-06 09:57:37'), ('1268', 'login', '2', '登录', '2017-06-06 10:42:17'), ('1269', 'login', '2', '登录', '2017-06-06 10:42:20'), ('1270', 'login', '2', '登录', '2017-06-06 11:05:28'), ('1271', 'login', '2', '登录', '2017-06-06 11:06:06'), ('1275', 'login', '2', '登录', '2017-06-06 13:34:57'), ('1283', 'login', '2', '登录', '2017-06-06 16:25:59');
INSERT INTO `sys_operating_log` VALUES ('1287', 'login', '2', '登录', '2017-06-06 17:59:33'), ('1288', 'login', '2', '登录', '2017-06-06 17:59:36'), ('207', 'login', '2', '登录', '2017-03-24 09:38:05'), ('209', 'login', '2', '登录', '2017-03-24 10:16:01'), ('210', 'login', '2', '登录', '2017-03-24 10:16:06'), ('211', 'login', '2', '登录', '2017-03-24 10:16:10'), ('212', 'login', '2', '登录', '2017-03-24 10:16:30'), ('213', 'login', '2', '登录', '2017-03-24 10:16:59'), ('214', 'login', '2', '登录', '2017-03-24 10:17:24'), ('215', 'login', '2', '登录', '2017-03-24 10:22:24'), ('216', 'login', '2', '登录', '2017-03-24 10:22:49'), ('217', 'login', '2', '登录', '2017-03-24 10:23:44'), ('218', 'login', '2', '登录', '2017-03-24 10:23:53'), ('219', 'login', '2', '登录', '2017-03-24 10:26:42'), ('220', 'login', '2', '登录', '2017-03-24 10:27:04'), ('221', 'login', '2', '登录', '2017-03-24 10:28:04'), ('222', 'login', '2', '登录', '2017-03-24 10:28:27'), ('223', 'login', '2', '登录', '2017-03-24 10:28:51'), ('224', 'login', '2', '登录', '2017-03-24 10:29:09'), ('225', 'login', '2', '登录', '2017-03-24 10:29:28'), ('226', 'login', '2', '登录', '2017-03-24 10:51:39'), ('228', 'login', '2', '登录', '2017-03-24 11:28:03'), ('229', 'login', '2', '登录', '2017-03-24 11:33:39'), ('230', 'login', '2', '登录', '2017-03-24 11:34:46'), ('231', 'login', '2', '登录', '2017-03-24 11:35:00'), ('232', 'login', '2', '登录', '2017-03-24 11:41:31'), ('233', 'login', '2', '登录', '2017-03-24 11:44:42'), ('234', 'login', '2', '登录', '2017-03-24 11:45:16'), ('235', 'login', '2', '登录', '2017-03-24 11:48:59'), ('236', 'login', '2', '登录', '2017-03-24 11:50:16'), ('237', 'login', '2', '登录', '2017-03-24 11:53:21'), ('238', 'login', '2', '登录', '2017-03-24 13:41:21'), ('253', 'login', '2', '登录', '2017-03-24 16:41:53'), ('256', 'login', '2', '登录', '2017-03-24 17:30:52'), ('257', 'login', '2', '登录', '2017-03-24 17:33:34'), ('258', 'login', '2', '登录', '2017-03-24 17:38:25'), ('259', 'login', '2', '登录', '2017-03-24 17:46:54'), ('260', 'login', '2', '登录', '2017-03-24 17:46:55'), ('261', 'login', '2', '登录', '2017-03-24 17:46:56'), ('262', 'login', '2', '登录', '2017-03-24 17:46:57'), ('285', 'login', '2', '登录', '2017-03-28 10:01:45'), ('286', 'login', '2', '登录', '2017-03-28 10:01:57'), ('287', 'login', '2', '登录', '2017-03-28 10:03:25'), ('288', 'login', '2', '登录', '2017-03-28 10:03:48'), ('289', 'login', '2', '登录', '2017-03-28 10:05:58'), ('290', 'login', '2', '登录', '2017-03-28 10:06:53'), ('291', 'login', '2', '登录', '2017-03-28 10:07:19'), ('292', 'login', '2', '登录', '2017-03-28 10:17:03'), ('293', 'login', '2', '登录', '2017-03-28 10:24:31'), ('294', 'login', '2', '登录', '2017-03-28 10:26:12'), ('295', 'login', '2', '登录', '2017-03-28 10:36:35'), ('296', 'login', '2', '登录', '2017-03-28 10:51:15'), ('297', 'login', '2', '登录', '2017-03-28 10:51:18'), ('298', 'login', '2', '登录', '2017-03-28 10:51:25'), ('299', 'login', '2', '登录', '2017-03-28 10:51:36'), ('300', 'login', '2', '登录', '2017-03-28 10:51:56'), ('317', 'login', '1', '登录', '2017-03-29 09:21:36'), ('329', 'login', '2', '登录', '2017-03-29 17:42:39'), ('330', 'login', '2', '登录', '2017-03-29 17:44:00'), ('331', 'login', '2', '登录', '2017-03-29 17:59:28'), ('332', 'login', '2', '登录', '2017-03-29 18:07:15'), ('333', 'login', '2', '登录', '2017-03-29 18:16:46'), ('334', 'login', '2', '登录', '2017-03-29 18:16:57'), ('344', 'login', '2', '登录', '2017-03-30 11:20:11'), ('345', 'login', '2', '登录', '2017-03-30 11:20:54'), ('349', 'login', '1', '登录', '2017-03-30 14:06:32'), ('350', 'login', '1', '登录', '2017-03-30 14:06:32'), ('356', 'login', '2', '登录', '2017-03-30 16:10:23'), ('357', 'login', '2', '登录', '2017-03-30 18:41:43'), ('359', 'login', '2', '登录', '2017-03-30 19:36:55'), ('361', 'login', '1', '登录', '2017-03-30 20:40:06'), ('366', 'login', '2', '登录', '2017-03-31 11:10:42'), ('371', 'login', '2', '登录', '2017-03-31 13:55:28'), ('374', 'login', '2', '登录', '2017-03-31 14:09:16'), ('376', 'login', '2', '登录', '2017-03-31 14:48:26'), ('381', 'login', '2', '登录', '2017-03-31 15:39:08'), ('395', 'login', '2', '登录', '2017-04-01 11:55:42'), ('396', 'login', '2', '登录', '2017-04-01 13:39:44'), ('399', 'login', '2', '登录', '2017-04-01 13:56:39'), ('421', 'login', '1', '登录', '2017-04-05 09:21:16'), ('422', 'login', '1', '登录', '2017-04-05 09:21:20'), ('423', 'login', '1', '登录', '2017-04-05 09:35:11'), ('424', 'login', '1', '登录', '2017-04-05 09:35:14'), ('427', 'login', '2', '登录', '2017-04-06 09:53:25'), ('432', 'login', '2', '登录', '2017-04-06 19:21:31'), ('433', 'login', '2', '登录', '2017-04-06 19:21:31'), ('437', 'login', '1', '登录', '2017-04-07 09:16:52'), ('455', 'login', '1', '登录', '2017-04-07 17:06:31'), ('462', 'login', '1', '登录', '2017-04-08 13:51:20'), ('464', 'login', '2', '登录', '2017-04-08 15:23:43'), ('465', 'login', '2', '登录', '2017-04-08 15:24:48'), ('482', 'login', '1', '登录', '2017-04-10 10:50:00'), ('484', 'login', '2', '登录', '2017-04-10 11:16:15'), ('487', 'login', '2', '登录', '2017-04-10 11:19:07'), ('512', 'login', '2', '登录', '2017-04-11 09:43:47'), ('522', 'login', '2', '登录', '2017-04-12 09:59:36'), ('523', 'login', '2', '登录', '2017-04-12 10:05:23'), ('524', 'login', '2', '登录', '2017-04-12 10:05:50'), ('544', 'login', '2', '登录', '2017-04-12 15:24:23'), ('548', 'login', '2', '登录', '2017-04-12 16:35:28');
INSERT INTO `sys_operating_log` VALUES ('549', 'login', '2', '登录', '2017-04-12 16:35:29'), ('550', 'login', '2', '登录', '2017-04-12 17:14:56'), ('551', 'login', '2', '登录', '2017-04-13 09:29:09'), ('586', 'login', '2', '登录', '2017-04-13 16:50:05'), ('587', 'login', '2', '登录', '2017-04-13 17:11:15'), ('597', 'login', '2', '登录', '2017-04-14 12:09:46'), ('599', 'login', '2', '登录', '2017-04-14 13:40:54'), ('607', 'login', '2', '登录', '2017-04-14 15:27:09'), ('611', 'login', '2', '登录', '2017-04-14 16:54:33'), ('613', 'login', '2', '登录', '2017-04-14 17:09:32'), ('614', 'login', '2', '登录', '2017-04-14 17:11:28'), ('615', 'login', '2', '登录', '2017-04-14 17:14:42'), ('620', 'login', '2', '登录', '2017-04-15 02:36:58'), ('622', 'login', '2', '登录', '2017-04-15 14:34:15'), ('623', 'login', '2', '登录', '2017-04-15 14:34:16'), ('624', 'login', '2', '登录', '2017-04-15 14:34:16'), ('625', 'login', '2', '登录', '2017-04-15 14:34:16'), ('626', 'login', '2', '登录', '2017-04-15 14:39:59'), ('627', 'login', '2', '登录', '2017-04-17 09:23:08'), ('633', 'login', '2', '登录', '2017-04-17 10:20:05'), ('634', 'login', '2', '登录', '2017-04-17 10:32:21'), ('635', 'login', '2', '登录', '2017-04-17 10:33:30'), ('637', 'login', '2', '登录', '2017-04-17 12:17:30'), ('638', 'login', '2', '登录', '2017-04-17 12:16:22'), ('639', 'login', '2', '登录', '2017-04-17 13:11:49'), ('640', 'login', '2', '登录', '2017-04-17 13:19:42'), ('641', 'login', '2', '登录', '2017-04-17 13:23:17'), ('642', 'login', '2', '登录', '2017-04-17 13:27:14'), ('649', 'login', '2', '登录', '2017-04-17 17:37:01'), ('651', 'login', '2', '登录', '2017-04-17 18:39:05'), ('654', 'login', '2', '登录', '2017-04-17 20:22:47'), ('656', 'login', '2', '登录', '2017-04-18 09:09:37'), ('657', 'login', '2', '登录', '2017-04-18 09:37:51'), ('658', 'login', '2', '登录', '2017-04-18 09:51:20'), ('659', 'login', '2', '登录', '2017-04-18 09:53:25'), ('660', 'login', '2', '登录', '2017-04-18 09:56:25'), ('664', 'login', '2', '登录', '2017-04-18 14:37:00'), ('665', 'login', '2', '登录', '2017-04-18 14:37:02'), ('668', 'login', '2', '登录', '2017-04-18 17:17:46'), ('669', 'login', '2', '登录', '2017-04-18 17:20:29'), ('676', 'login', '2', '登录', '2017-04-19 10:46:48'), ('677', 'login', '2', '登录', '2017-04-19 13:45:37'), ('684', 'login', '2', '登录', '2017-04-19 15:45:18'), ('689', 'login', '2', '登录', '2017-04-19 17:13:55'), ('692', 'login', '2', '登录', '2017-04-19 17:29:35'), ('693', 'login', '2', '登录', '2017-04-19 17:46:45'), ('698', 'login', '2', '登录', '2017-04-20 09:48:46'), ('706', 'login', '2', '登录', '2017-04-20 13:41:28'), ('708', 'login', '2', '登录', '2017-04-20 14:18:00'), ('711', 'login', '2', '登录', '2017-04-20 16:17:38'), ('716', 'login', '2', '登录', '2017-04-20 20:29:13'), ('717', 'login', '2', '登录', '2017-04-20 20:52:05'), ('718', 'login', '2', '登录', '2017-04-20 21:01:16'), ('719', 'login', '2', '登录', '2017-04-20 21:07:56'), ('722', 'login', '2', '登录', '2017-04-20 21:20:46'), ('723', 'login', '2', '登录', '2017-04-20 21:21:15'), ('724', 'login', '2', '登录', '2017-04-20 21:21:16'), ('743', 'login', '2', '登录', '2017-04-21 14:12:03'), ('745', 'login', '2', '登录', '2017-04-21 14:27:37'), ('746', 'login', '2', '登录', '2017-04-22 09:58:06'), ('761', 'login', '2', '登录', '2017-04-24 10:03:36'), ('762', 'login', '2', '登录', '2017-04-24 10:26:08'), ('763', 'login', '2', '登录', '2017-04-24 11:42:21'), ('781', 'login', '221', '登录', '2017-04-24 19:33:23'), ('782', 'login', '221', '登录', '2017-04-24 19:33:59'), ('783', 'login', '2', '登录', '2017-04-24 19:35:16'), ('784', 'login', '2', '登录', '2017-04-24 19:40:40'), ('788', 'login', '2', '登录', '2017-04-24 20:38:24'), ('789', 'login', '2', '登录', '2017-04-24 21:08:49'), ('790', 'login', '2', '登录', '2017-04-24 21:09:15'), ('792', 'login', '221', '登录', '2017-04-24 21:10:02'), ('793', 'login', '221', '登录', '2017-04-24 21:10:09'), ('796', 'login', '221', '登录', '2017-04-25 09:43:12'), ('799', 'login', '221', '登录', '2017-04-25 15:24:41'), ('801', 'login', '2', '登录', '2017-04-25 15:54:55'), ('807', 'login', '2', '登录', '2017-04-26 09:46:00'), ('809', 'login', '2', '登录', '2017-04-26 10:51:24'), ('812', 'login', '2', '登录', '2017-04-26 13:43:00'), ('814', 'login', '2', '登录', '2017-04-26 15:26:24'), ('815', 'login', '2', '登录', '2017-04-26 15:26:34'), ('816', 'login', '2', '登录', '2017-04-26 15:26:43'), ('820', 'login', '2', '登录', '2017-04-27 11:56:49'), ('826', 'login', '2', '登录', '2017-04-27 15:23:06'), ('827', 'login', '2', '登录', '2017-04-27 15:23:38'), ('831', 'login', '2', '登录', '2017-04-27 16:49:25'), ('832', 'login', '2', '登录', '2017-04-27 17:07:44'), ('835', 'login', '2', '登录', '2017-04-28 09:13:40'), ('848', 'login', '1', '登录', '2017-04-28 17:04:11'), ('850', 'login', '2', '登录', '2017-05-02 10:56:40'), ('854', 'login', '2', '登录', '2017-05-02 15:47:34'), ('862', 'login', '2', '登录', '2017-05-03 14:31:24'), ('872', 'login', '2', '登录', '2017-05-04 09:40:25'), ('874', 'login', '2', '登录', '2017-05-04 10:13:05'), ('875', 'login', '2', '登录', '2017-05-04 10:14:55'), ('876', 'login', '2', '登录', '2017-05-04 10:25:53'), ('878', 'login', '1', '登录', '2017-05-04 10:48:33'), ('879', 'login', '2', '登录', '2017-05-04 10:50:59'), ('880', 'login', '2', '登录', '2017-05-04 10:52:30'), ('881', 'login', '2', '登录', '2017-05-04 10:53:24'), ('903', 'login', '2', '登录', '2017-05-04 13:38:37');
INSERT INTO `sys_operating_log` VALUES ('905', 'login', '1', '登录', '2017-05-04 16:01:55'), ('906', 'login', '2', '登录', '2017-05-04 16:36:11'), ('907', 'login', '2', '登录', '2017-05-04 16:58:48'), ('908', 'login', '2', '登录', '2017-05-04 17:06:49'), ('916', 'login', '2', '登录', '2017-05-05 14:58:43'), ('918', 'login', '2', '登录', '2017-05-05 15:30:28'), ('920', 'login', '2', '登录', '2017-05-05 17:47:54'), ('922', 'login', '2', '登录', '2017-05-08 09:29:22'), ('925', 'login', '2', '登录', '2017-05-08 12:11:33'), ('927', 'login', '2', '登录', '2017-05-08 12:59:49'), ('929', 'login', '2', '登录', '2017-05-08 14:07:29'), ('960', 'login', '2', '登录', '2017-05-11 09:54:32'), ('961', 'login', '2', '登录', '2017-05-11 09:55:36'), ('962', 'login', '2', '登录', '2017-05-11 09:56:07'), ('963', 'login', '2', '登录', '2017-05-11 09:56:40'), ('964', 'login', '2', '登录', '2017-05-11 09:56:41'), ('965', 'login', '2', '登录', '2017-05-11 09:56:41'), ('966', 'login', '2', '登录', '2017-05-11 09:56:44'), ('967', 'login', '2', '登录', '2017-05-11 09:57:56'), ('968', 'login', '2', '登录', '2017-05-11 09:57:58'), ('969', 'login', '2', '登录', '2017-05-11 09:59:09'), ('970', 'login', '2', '登录', '2017-05-11 10:00:45'), ('971', 'login', '2', '登录', '2017-05-11 10:06:12'), ('972', 'login', '2', '登录', '2017-05-11 10:19:35'), ('973', 'login', '2', '登录', '2017-05-11 10:35:18'), ('974', 'login', '2', '登录', '2017-05-11 10:35:25'), ('975', 'login', '2', '登录', '2017-05-11 10:35:27'), ('976', 'login', '2', '登录', '2017-05-11 10:35:39'), ('977', 'login', '2', '登录', '2017-05-11 10:35:40'), ('978', 'login', '2', '登录', '2017-05-11 10:35:40'), ('979', 'login', '2', '登录', '2017-05-11 10:35:41'), ('980', 'login', '2', '登录', '2017-05-11 10:35:41'), ('981', 'login', '2', '登录', '2017-05-11 10:35:41'), ('982', 'login', '2', '登录', '2017-05-11 10:35:52'), ('983', 'login', '2', '登录', '2017-05-11 11:38:08'), ('984', 'login', '2', '登录', '2017-05-11 11:51:52'), ('309', 'login', '2', '登录', '2017-03-28 15:21:28'), ('324', 'login', '1', '登录', '2017-03-29 15:16:34'), ('360', 'login', '1', '登录', '2017-03-30 20:40:06'), ('444', 'login', '2', '登录', '2017-04-07 10:32:21'), ('445', 'login', '2', '登录', '2017-04-07 10:35:03'), ('458', 'login', '2', '登录', '2017-04-07 17:27:57'), ('461', 'login', '1', '登录', '2017-04-08 11:30:09'), ('496', 'login', '2', '登录', '2017-04-10 11:29:22'), ('504', 'login', '1', '登录', '2017-04-10 15:08:08'), ('506', 'login', '2', '登录', '2017-04-10 16:58:04'), ('507', 'login', '2', '登录', '2017-04-10 17:00:21'), ('508', 'login', '2', '登录', '2017-04-10 17:04:02'), ('509', 'login', '2', '登录', '2017-04-10 17:49:06'), ('510', 'login', '2', '登录', '2017-04-10 17:49:30'), ('547', 'login', '2', '登录', '2017-04-12 16:10:26'), ('688', 'login', '2', '登录', '2017-04-19 16:42:51'), ('691', 'login', '2', '登录', '2017-04-19 17:25:53'), ('697', 'login', '2', '登录', '2017-04-19 20:28:58'), ('701', 'login', '2', '登录', '2017-04-20 10:57:57'), ('802', 'login', '2', '登录', '2017-04-25 16:09:20'), ('817', 'login', '2', '登录', '2017-04-26 16:57:17'), ('836', 'login', '2', '登录', '2017-04-28 09:27:43'), ('843', 'login', '2', '登录', '2017-04-28 14:10:02'), ('847', 'login', '2', '登录', '2017-04-28 14:57:29'), ('852', 'login', '2', '登录', '2017-05-02 11:39:49'), ('924', 'login', '2', '登录', '2017-05-08 11:57:01'), ('926', 'login', '2', '登录', '2017-05-08 13:03:34'), ('933', 'login', '2', '登录', '2017-05-10 18:01:59'), ('934', 'login', '2', '登录', '2017-05-10 19:01:16'), ('935', 'login', '2', '登录', '2017-05-10 19:02:06'), ('936', 'login', '2', '登录', '2017-05-10 19:02:10'), ('937', 'login', '2', '登录', '2017-05-10 19:02:48'), ('938', 'login', '2', '登录', '2017-05-10 19:04:59'), ('939', 'login', '2', '登录', '2017-05-10 19:08:51'), ('940', 'login', '2', '登录', '2017-05-10 19:15:38'), ('941', 'login', '2', '登录', '2017-05-10 19:16:21'), ('942', 'login', '2', '登录', '2017-05-10 19:22:14'), ('943', 'login', '2', '登录', '2017-05-10 19:22:18'), ('944', 'login', '2', '登录', '2017-05-10 19:22:20'), ('945', 'login', '2', '登录', '2017-05-10 19:24:32'), ('946', 'login', '2', '登录', '2017-05-10 19:24:37'), ('947', 'login', '2', '登录', '2017-05-10 19:24:48'), ('948', 'login', '2', '登录', '2017-05-10 19:28:13'), ('949', 'login', '2', '登录', '2017-05-10 19:28:37'), ('950', 'login', '2', '登录', '2017-05-10 19:29:03'), ('951', 'login', '2', '登录', '2017-05-10 19:29:47'), ('952', 'login', '2', '登录', '2017-05-10 19:30:58'), ('953', 'login', '2', '登录', '2017-05-10 19:31:09'), ('954', 'login', '2', '登录', '2017-05-10 19:31:11'), ('955', 'login', '2', '登录', '2017-05-10 19:31:33'), ('956', 'login', '2', '登录', '2017-05-10 19:32:04'), ('957', 'login', '2', '登录', '2017-05-10 19:35:24'), ('985', 'login', '2', '登录', '2017-05-11 11:52:03'), ('986', 'login', '2', '登录', '2017-05-11 12:59:48'), ('987', 'login', '2', '登录', '2017-05-11 13:25:13'), ('988', 'login', '2', '登录', '2017-05-11 13:25:15'), ('989', 'login', '2', '登录', '2017-05-11 16:23:50'), ('990', 'login', '2', '登录', '2017-05-11 16:24:56'), ('991', 'login', '2', '登录', '2017-05-11 16:50:31'), ('992', 'login', '2', '登录', '2017-05-11 17:00:50'), ('994', 'login', '2', '登录', '2017-05-11 17:16:49'), ('995', 'login', '2', '登录', '2017-05-11 17:14:37'), ('1005', 'login', '2', '登录', '2017-05-12 10:35:03'), ('1011', 'login', '2', '登录', '2017-05-12 15:22:50');
INSERT INTO `sys_operating_log` VALUES ('1016', 'login', '2', '登录', '2017-05-12 18:18:27'), ('1017', 'login', '2', '登录', '2017-05-12 18:19:05'), ('1043', 'login', '2', '登录', '2017-05-16 16:01:25'), ('1044', 'login', '2', '登录', '2017-05-16 16:03:30'), ('1045', 'login', '2', '登录', '2017-05-16 17:42:17'), ('1046', 'login', '2', '登录', '2017-05-16 17:42:17'), ('1047', 'login', '2', '登录', '2017-05-16 17:44:16'), ('1057', 'login', '2', '登录', '2017-05-19 10:15:04'), ('1058', 'login', '2', '登录', '2017-05-19 10:15:32'), ('1061', 'login', '2', '登录', '2017-05-22 09:12:32'), ('1062', 'login', '2', '登录', '2017-05-22 09:22:45'), ('1063', 'login', '2', '登录', '2017-05-22 09:29:37'), ('1071', 'login', '2', '登录', '2017-05-22 10:00:55'), ('1078', 'login', '2', '登录', '2017-05-22 10:08:41'), ('1083', 'login', '2', '登录', '2017-05-22 10:31:40'), ('1100', 'login', '2', '登录', '2017-05-22 14:56:05'), ('1101', 'login', '2', '登录', '2017-05-22 15:08:57'), ('1122', 'login', '2', '登录', '2017-05-25 17:45:52'), ('1132', 'login', '2', '登录', '2017-05-26 12:13:36'), ('1133', 'login', '2', '登录', '2017-05-26 14:15:49'), ('1134', 'login', '2', '登录', '2017-05-26 14:27:30'), ('1135', 'login', '1', '登录', '2017-05-26 14:30:07'), ('1136', 'login', '2', '登录', '2017-05-26 14:30:15'), ('1137', 'login', '2', '登录', '2017-05-26 14:30:19'), ('1138', 'login', '2', '登录', '2017-05-26 14:40:17'), ('1139', 'login', '2', '登录', '2017-05-26 14:43:09'), ('1140', 'login', '2', '登录', '2017-05-26 15:01:00'), ('1141', 'login', '2', '登录', '2017-05-26 15:27:35'), ('1154', 'login', '2', '登录', '2017-05-26 18:31:35'), ('1155', 'login', '2', '登录', '2017-05-26 18:31:35'), ('1160', 'login', '2', '登录', '2017-05-27 11:09:04'), ('1161', 'login', '2', '登录', '2017-05-27 12:19:52'), ('1162', 'login', '2', '登录', '2017-05-27 13:34:44'), ('1163', 'login', '2', '登录', '2017-05-27 13:41:33'), ('1164', 'login', '1', '登录', '2017-05-27 13:57:41'), ('1165', 'login', '2', '登录', '2017-05-27 13:55:37'), ('1169', 'login', '2', '登录', '2017-05-27 16:49:45'), ('1175', 'login', '2', '登录', '2017-05-27 18:14:53'), ('1183', 'login', '2', '登录', '2017-05-31 10:25:20'), ('1215', 'login', '2', '登录', '2017-06-02 12:24:36'), ('1225', 'login', '2', '登录', '2017-06-02 17:13:54'), ('1253', 'login', '2', '登录', '2017-06-05 14:37:59'), ('1254', 'login', '2', '登录', '2017-06-05 14:38:28'), ('1255', 'login', '2', '登录', '2017-06-05 14:45:21'), ('1256', 'login', '2', '登录', '2017-06-05 15:10:25'), ('1257', 'login', '2', '登录', '2017-06-05 16:01:44'), ('1258', 'login', '2', '登录', '2017-06-05 16:46:49'), ('1259', 'login', '2', '登录', '2017-06-05 17:07:29'), ('1261', 'login', '2', '登录', '2017-06-06 09:06:50'), ('1262', 'login', '2', '登录', '2017-06-06 09:07:11'), ('1263', 'login', '2', '登录', '2017-06-06 09:07:13'), ('1264', 'login', '2', '登录', '2017-06-06 09:07:13'), ('1265', 'login', '2', '登录', '2017-06-06 09:15:20'), ('1266', 'login', '2', '登录', '2017-06-06 09:26:15'), ('1272', 'login', '2', '登录', '2017-06-06 11:17:22'), ('1276', 'login', '2', '登录', '2017-06-06 13:51:21'), ('1277', 'login', '2', '登录', '2017-06-06 14:07:35'), ('1278', 'login', '2', '登录', '2017-06-06 14:42:17'), ('1279', 'login', '2', '登录', '2017-06-06 14:43:16'), ('1280', 'login', '2', '登录', '2017-06-06 14:52:36'), ('1281', 'login', '2', '登录', '2017-06-06 15:44:15'), ('1284', 'login', '2', '登录', '2017-06-06 17:31:53'), ('1285', 'login', '2', '登录', '2017-06-06 17:29:21'), ('1286', 'login', '2', '登录', '2017-06-06 17:59:28'), ('1289', 'login', '2', '登录', '2017-06-06 18:20:05'), ('1291', 'login', '2', '登录', '2017-06-06 19:05:26'), ('1292', 'login', '2', '登录', '2017-06-07 09:11:11'), ('1293', 'login', '2', '登录', '2017-06-07 09:11:16'), ('1295', 'login', '2', '登录', '2017-06-07 09:40:33'), ('1296', 'login', '2', '登录', '2017-06-07 09:40:38'), ('1297', 'login', '2', '登录', '2017-06-07 09:40:41'), ('1298', 'login', '2', '登录', '2017-06-07 09:40:44'), ('1299', 'login', '2', '登录', '2017-06-07 09:41:06'), ('1300', 'login', '2', '登录', '2017-06-07 09:41:25'), ('1301', 'login', '2', '登录', '2017-06-07 09:43:26'), ('1302', 'login', '2', '登录', '2017-06-07 09:43:29'), ('1303', 'login', '2', '登录', '2017-06-07 09:43:51'), ('1304', 'login', '2', '登录', '2017-06-07 09:56:48'), ('1305', 'login', '2', '登录', '2017-06-07 09:58:50'), ('1306', 'login', '2', '登录', '2017-06-07 10:00:42'), ('1307', 'login', '2', '登录', '2017-06-07 10:05:03'), ('1308', 'login', '2', '登录', '2017-06-07 10:05:58'), ('1309', 'login', '2', '登录', '2017-06-07 10:07:52'), ('1310', 'login', '2', '登录', '2017-06-07 10:08:22'), ('1311', 'login', '2', '登录', '2017-06-07 10:13:13'), ('1312', 'login', '2', '登录', '2017-06-07 10:24:22'), ('1313', 'login', '2', '登录', '2017-06-07 10:35:35'), ('1315', 'login', '2', '登录', '2017-06-07 10:45:01'), ('1316', 'login', '2', '登录', '2017-06-07 10:45:53'), ('1318', 'login', '2', '登录', '2017-06-07 11:02:38'), ('1319', 'login', '2', '登录', '2017-06-07 11:04:15'), ('1320', 'login', '2', '登录', '2017-06-07 11:06:24'), ('1321', 'login', '2', '登录', '2017-06-07 11:08:12'), ('1322', 'login', '2', '登录', '2017-06-07 11:32:25'), ('1323', 'login', '2', '登录', '2017-06-07 14:02:22'), ('1324', 'login', '2', '登录', '2017-06-07 15:18:40'), ('1325', 'login', '2', '登录', '2017-06-07 15:22:31'), ('1326', 'login', '2', '登录', '2017-06-07 15:22:59'), ('1327', 'login', '2', '登录', '2017-06-07 15:23:31'), ('1329', 'login', '2', '登录', '2017-06-07 17:01:54');
INSERT INTO `sys_operating_log` VALUES ('1330', 'login', '2', '登录', '2017-06-07 17:05:44'), ('1331', 'login', '2', '登录', '2017-06-07 17:05:45'), ('1332', 'login', '2', '登录', '2017-06-08 09:45:46'), ('1333', 'login', '2', '登录', '2017-06-08 10:14:54'), ('1334', 'login', '2', '登录', '2017-06-08 13:36:50'), ('1335', 'login', '2', '登录', '2017-06-08 16:23:10'), ('1336', 'login', '2', '登录', '2017-06-08 17:06:48'), ('1337', 'login', '2', '登录', '2017-06-08 17:06:48'), ('1338', 'login', '2', '登录', '2017-06-08 17:57:01'), ('1339', 'login', '2', '登录', '2017-06-09 09:04:51'), ('1340', 'login', '2', '登录', '2017-06-09 09:04:51'), ('1342', 'login', '2', '登录', '2017-06-09 10:47:45'), ('1341', 'login', '2', '登录', '2017-06-09 10:47:45'), ('1343', 'login', '2', '登录', '2017-06-09 10:47:46'), ('1344', 'login', '2', '登录', '2017-06-09 10:52:46'), ('1346', 'login', '2', '登录', '2017-06-09 13:34:56'), ('1347', 'login', '2', '登录', '2017-06-09 14:02:02'), ('1348', 'login', '2', '登录', '2017-06-09 14:20:30'), ('1349', 'login', '2', '登录', '2017-06-09 14:47:06'), ('1350', 'login', '2', '登录', '2017-06-09 16:22:01'), ('1351', 'login', '2', '登录', '2017-06-09 16:22:01'), ('1353', 'login', '2', '登录', '2017-06-10 09:06:30'), ('1354', 'login', '2', '登录', '2017-06-10 10:15:54'), ('1355', 'login', '2', '登录', '2017-06-10 11:00:46'), ('1356', 'login', '2', '登录', '2017-06-10 11:11:37'), ('1357', 'login', '2', '登录', '2017-06-10 11:18:45'), ('1358', 'login', '2', '登录', '2017-06-10 12:07:50'), ('1362', 'login', '2', '登录', '2017-06-11 12:58:08'), ('1363', 'login', '2', '登录', '2017-06-12 09:19:28'), ('1364', 'login', '2', '登录', '2017-06-12 09:19:58'), ('1365', 'login', '2', '登录', '2017-06-12 14:16:53'), ('1366', 'login', '2', '登录', '2017-06-12 14:28:44'), ('1367', 'login', '2', '登录', '2017-06-12 15:45:52'), ('1368', 'login', '2', '登录', '2017-06-12 15:45:57'), ('1369', 'login', '2', '登录', '2017-06-12 15:46:01'), ('1370', 'login', '2', '登录', '2017-06-12 15:49:58'), ('1371', 'login', '2', '登录', '2017-06-12 15:50:02'), ('1372', 'login', '2', '登录', '2017-06-12 16:17:38'), ('1373', 'login', '2', '登录', '2017-06-12 16:34:11'), ('1374', 'login', '2', '登录', '2017-06-12 17:52:11'), ('1375', 'login', '2', '登录', '2017-06-12 17:52:11'), ('1376', 'login', '2', '登录', '2017-06-13 09:05:54'), ('1377', 'login', '2', '登录', '2017-06-13 09:39:51'), ('1378', 'login', '2', '登录', '2017-06-13 10:02:33'), ('1379', 'login', '2', '登录', '2017-06-13 10:02:36'), ('1380', 'login', '2', '登录', '2017-06-13 11:08:11'), ('1381', 'login', '2', '登录', '2017-06-13 11:08:11'), ('1382', 'login', '2', '登录', '2017-06-13 13:44:04'), ('1383', 'login', '2', '登录', '2017-06-13 14:45:35'), ('1384', 'login', '2', '登录', '2017-06-13 14:45:37'), ('1385', 'login', '2', '登录', '2017-06-13 15:24:54'), ('1386', 'login', '2', '登录', '2017-06-14 09:14:58'), ('1392', 'login', '2', '登录', '2017-06-14 11:19:09'), ('1393', 'login', '2', '登录', '2017-06-14 14:33:27'), ('1395', 'login', '2', '登录', '2017-06-14 16:31:08'), ('1397', 'login', '2', '登录', '2017-06-15 11:13:08'), ('1400', 'login', '2', '登录', '2017-06-15 14:44:18'), ('1401', 'login', '2', '登录', '2017-06-15 14:45:35'), ('1402', 'login', '2', '登录', '2017-06-15 15:31:39'), ('1403', 'login', '2', '登录', '2017-06-15 15:31:41'), ('1404', 'login', '2', '登录', '2017-06-16 15:37:54'), ('1405', 'login', '2', '登录', '2017-06-16 16:35:52'), ('1406', 'login', '2', '登录', '2017-06-16 16:36:56'), ('1407', 'login', '2', '登录', '2017-06-16 16:37:05'), ('1408', 'login', '2', '登录', '2017-06-16 16:37:09'), ('1409', 'login', '2', '登录', '2017-06-16 16:39:19'), ('1410', 'login', '2', '登录', '2017-06-16 16:39:23'), ('1411', 'login', '2', '登录', '2017-06-16 16:39:28'), ('1412', 'login', '2', '登录', '2017-06-16 16:39:59'), ('1413', 'login', '2', '登录', '2017-06-16 16:43:17'), ('1465', 'login', '2', '登录', '2017-06-21 11:22:37'), ('1466', 'login', '2', '登录', '2017-06-21 13:40:33'), ('1468', 'login', '2', '登录', '2017-06-21 14:47:58'), ('1472', 'user', '2', '修改用户', '2017-06-21 15:56:36'), ('1473', 'user', '2', '修改用户', '2017-06-21 15:56:40'), ('1474', 'user', '2', '修改用户', '2017-06-21 15:56:43'), ('1475', 'user', '2', '修改用户', '2017-06-21 15:56:47'), ('1476', 'user', '2', '修改用户', '2017-06-21 16:04:28'), ('1477', 'user', '2', '修改用户', '2017-06-21 16:04:58'), ('1478', 'login', '2', '登录', '2017-06-21 16:50:25'), ('1533', 'login', '2', '登录', '2017-06-27 09:15:32'), ('1480', 'device', '2', '修改设备状态', '2017-06-21 16:59:46'), ('1467', 'user', '2', '修改用户', '2017-06-21 13:41:56'), ('1490', 'user', '2', '修改用户', '2017-06-22 15:40:09'), ('1491', 'login', '2', '登录', '2017-06-22 15:55:33'), ('1559', 'login', '2', '登录', '2017-06-27 09:56:18'), ('1560', 'login', '301', '登录', '2017-06-27 09:56:38'), ('1572', 'login', '321', '登录', '2017-06-27 10:59:45'), ('1573', 'user', '321', '新增用户', '2017-06-27 11:00:34'), ('1574', 'login', '343', '登录', '2017-06-27 11:00:43'), ('1576', 'login', '2', '登录', '2017-06-27 11:02:15'), ('1453', 'login', '2', '登录', '2017-06-19 16:15:39'), ('1471', 'login', '2', '登录', '2017-06-21 15:52:10'), ('1503', 'login', '2', '登录', '2017-06-26 14:14:49'), ('1504', 'login', '2', '登录', '2017-06-26 14:14:49'), ('1505', 'appUser', '2', 'app用户修改密码', '2017-06-26 14:15:51'), ('1506', 'login', '2', '登录', '2017-06-26 15:00:36'), ('1507', 'login', '2', '登录', '2017-06-26 16:30:56'), ('1508', 'login', '2', '登录', '2017-06-26 16:30:56'), ('1509', 'login', '2', '登录', '2017-06-26 16:30:56');
INSERT INTO `sys_operating_log` VALUES ('1510', 'login', '2', '登录', '2017-06-26 16:30:56'), ('1511', 'login', '2', '登录', '2017-06-26 16:31:22'), ('1444', 'login', '2', '登录', '2017-06-19 14:53:37'), ('1450', 'login', '321', '登录', '2017-06-19 15:00:03'), ('1451', 'login', '2', '登录', '2017-06-19 15:00:08'), ('1452', 'login', '322', '登录', '2017-06-19 15:02:56'), ('1442', 'login', '2', '登录', '2017-06-19 14:53:29'), ('1443', 'login', '321', '登录', '2017-06-19 14:53:33'), ('1445', 'login', '322', '登录', '2017-06-19 14:58:51'), ('1446', 'login', '321', '登录', '2017-06-19 14:58:57'), ('1447', 'login', '305', '登录', '2017-06-19 14:59:01'), ('1448', 'login', '321', '登录', '2017-06-19 14:59:47'), ('1449', 'login', '2', '登录', '2017-06-19 14:59:52'), ('1464', 'login', '2', '登录', '2017-06-21 09:16:15'), ('1519', 'device', '2', '修改报修设备', '2017-06-26 16:55:43'), ('1520', 'device', '2', '修改报修设备', '2017-06-26 16:55:50'), ('1521', 'device', '2', '修改报修设备', '2017-06-26 16:55:51'), ('1522', 'device', '2', '修改报修设备', '2017-06-26 16:55:54'), ('1523', 'device', '2', '修改报修设备', '2017-06-26 16:55:55'), ('1526', 'login', '2', '登录', '2017-06-26 17:24:50'), ('1454', 'login', '2', '登录', '2017-06-19 16:15:39'), ('1455', 'login', '2', '登录', '2017-06-19 16:15:42'), ('1456', 'login', '2', '登录', '2017-06-20 09:23:00'), ('1457', 'login', '2', '登录', '2017-06-20 09:24:19'), ('1458', 'login', '2', '登录', '2017-06-20 09:31:42'), ('1459', 'login', '2', '登录', '2017-06-20 09:35:58'), ('1460', 'login', '2', '登录', '2017-06-20 15:18:24'), ('1461', 'login', '2', '登录', '2017-06-20 16:07:40'), ('1462', 'login', '2', '登录', '2017-06-20 16:08:06'), ('1463', 'login', '2', '登录', '2017-06-20 17:19:55'), ('1469', 'user', '2', '修改用户', '2017-06-21 14:48:18'), ('1470', 'user', '2', '修改用户', '2017-06-21 14:48:29'), ('1479', 'warning', '2', '处理设备报警', '2017-06-21 16:58:45'), ('1481', 'login', '2', '登录', '2017-06-22 09:25:33'), ('1482', 'login', '2', '登录', '2017-06-22 10:09:34'), ('1483', 'login', '2', '登录', '2017-06-22 10:09:37'), ('1484', 'login', '2', '登录', '2017-06-22 10:09:37'), ('1485', 'login', '2', '登录', '2017-06-22 10:09:37'), ('1486', 'login', '2', '登录', '2017-06-22 15:24:32'), ('1487', 'login', '2', '登录', '2017-06-22 15:25:50'), ('1488', 'login', '2', '登录', '2017-06-22 15:26:00'), ('1489', 'login', '2', '登录', '2017-06-22 15:26:10'), ('1492', 'login', '2', '登录', '2017-06-23 17:03:37'), ('1501', 'login', '2', '登录', '2017-06-26 14:09:28'), ('1502', 'user', '2', '新增用户', '2017-06-26 14:10:30'), ('1512', 'warning', '2', '处理设备报警', '2017-06-26 16:37:28'), ('1513', 'warning', '2', '处理设备报警', '2017-06-26 16:37:28'), ('1514', 'warning', '2', '处理设备报警', '2017-06-26 16:37:29'), ('1515', 'warning', '2', '处理设备报警', '2017-06-26 16:37:30'), ('1516', 'warning', '2', '处理设备报警', '2017-06-26 16:37:38'), ('1517', 'warning', '2', '处理设备报警', '2017-06-26 16:37:41'), ('1518', 'device', '2', '新增报修设备', '2017-06-26 16:55:39'), ('1524', 'login', '2', '登录', '2017-06-26 17:02:02'), ('1525', 'login', '2', '登录', '2017-06-26 17:19:44'), ('1527', 'user', '2', '修改用户', '2017-06-26 17:45:33'), ('1528', 'appUser', '2', 'app用户修改密码', '2017-06-26 17:47:03'), ('1529', 'login', '2', '登录', '2017-06-26 18:00:45'), ('1530', 'login', '2', '登录', '2017-06-27 09:07:54'), ('1531', 'login', '2', '登录', '2017-06-27 09:09:55'), ('1532', 'login', '2', '登录', '2017-06-27 09:09:56'), ('1534', 'device', '2', '新增设备', '2017-06-27 09:17:56'), ('1535', 'device', '2', '新增设备', '2017-06-27 09:18:44'), ('1536', 'device', '2', '新增设备', '2017-06-27 09:20:28'), ('1537', 'device', '2', '新增设备', '2017-06-27 09:21:09'), ('1538', 'device', '2', '新增设备', '2017-06-27 09:21:28'), ('1539', 'device', '2', '新增设备', '2017-06-27 09:21:54'), ('1540', 'device', '2', '新增设备', '2017-06-27 09:22:21'), ('1541', 'device', '2', '新增设备', '2017-06-27 09:22:36'), ('1542', 'device', '2', '新增设备', '2017-06-27 09:23:00'), ('1543', 'device', '2', '新增设备', '2017-06-27 09:23:19'), ('1544', 'device', '2', '新增设备', '2017-06-27 09:23:42'), ('1545', 'device', '2', '修改设备状态', '2017-06-27 09:24:01'), ('1546', 'device', '2', '修改设备状态', '2017-06-27 09:24:27'), ('1547', 'device', '2', '修改设备状态', '2017-06-27 09:24:50'), ('1548', 'device', '2', '修改设备状态', '2017-06-27 09:25:23'), ('1549', 'device', '2', '新增设备', '2017-06-27 09:26:09'), ('1550', 'user', '2', '修改用户', '2017-06-27 09:34:45'), ('1551', 'user', '2', '修改用户', '2017-06-27 09:34:49'), ('1552', 'user', '2', '修改用户', '2017-06-27 09:35:12'), ('1553', 'user', '2', '修改用户', '2017-06-27 09:35:14'), ('1554', 'user', '2', '修改用户', '2017-06-27 09:35:16'), ('1555', 'user', '2', '修改用户', '2017-06-27 09:35:21'), ('1556', 'user', '2', '修改用户', '2017-06-27 09:35:23'), ('1557', 'user', '2', '修改用户', '2017-06-27 09:35:24'), ('1558', 'user', '2', '修改用户', '2017-06-27 09:35:25'), ('1561', 'login', '2', '登录', '2017-06-27 09:56:43'), ('1562', 'user', '2', '修改用户', '2017-06-27 09:57:00'), ('1563', 'user', '2', '修改用户', '2017-06-27 09:57:11'), ('1564', 'login', '304', '登录', '2017-06-27 09:57:20'), ('1565', 'login', '304', '登录', '2017-06-27 09:57:35'), ('1566', 'user', '304', '新增用户', '2017-06-27 09:58:08'), ('1567', 'login', '342', '登录', '2017-06-27 09:58:18'), ('1568', 'login', '2', '登录', '2017-06-27 09:59:09'), ('1569', 'login', '301', '登录', '2017-06-27 10:58:50'), ('1570', 'user', '301', '修改用户', '2017-06-27 10:59:14'), ('1571', 'login', '342', '登录', '2017-06-27 10:59:22'), ('1575', 'login', '2', '登录', '2017-06-27 11:01:20'), ('1577', 'login', '2', '登录', '2017-06-27 12:57:40'), ('1578', 'login', '2', '登录', '2017-06-27 12:58:24'), ('1579', 'login', '2', '登录', '2017-06-27 13:45:44');
INSERT INTO `sys_operating_log` VALUES ('1580', 'login', '2', '登录', '2017-06-28 14:37:33');
COMMIT;

-- ----------------------------
-- Table structure for SYS_TOKEN
-- ----------------------------
DROP TABLE IF EXISTS `sys_token`;
CREATE TABLE `sys_token` (
`id`  decimal(65,30) NOT NULL ,
`user_id`  decimal(65,30) NULL ,
`token`  varchar(128) NULL ,
`create_time`  datetime(7) NULL ,
`expire_time`  datetime(7) NULL ,
PRIMARY KEY (`id`)
)

;

-- ----------------------------
-- Records of SYS_TOKEN
-- ----------------------------
BEGIN;
INSERT INTO `sys_token` VALUES ('201', '2', '4e12d513ae95affda118acc8e143f33a79af3c21a62fe8715f6cad6e94a68e39', '2017-03-27 11:15:59', '2017-03-27 12:15:59'), ('202', '2', '346138018c0ede71d0d620afdd72a372675c76bfdd0b8a132565eb8263af2e5a', '2017-03-27 16:12:33', '2017-03-27 17:12:33'), ('203', '2', '7eb1cc907db0fba0e294b3ca5429b45dbb9b77e2f35d86df0ea9f03d758aa61a', '2017-03-27 16:33:49', '2017-03-27 17:33:49'), ('204', '2', 'bb2461fae7cd0347ef71e056edd88c55ef893b863dc085a8fe9484b4105e672d', '2017-03-27 16:41:08', '2017-03-27 17:41:08'), ('205', '2', '15c7e14dca96a3f1f9f5265ca8c514b8df79581a916a498fe491c61965942d7f', '2017-03-27 16:43:39', '2017-03-27 17:43:39'), ('206', '2', 'fd109ed821d58f09eb2b51345f349b29966f4de013d28553337f9e220635635c', '2017-03-27 16:44:17', '2017-03-27 17:44:17'), ('207', '2', '8a665ecc2aefd37ece18c6fca01e303048df98e367af858da51f57a4cab4947b', '2017-03-27 16:45:20', '2017-03-27 17:45:20'), ('208', '2', '5e65201805e645f5f6f0b125b5664581640f2d3437fdeee241eafbf85927375d', '2017-03-27 16:47:17', '2017-03-27 17:47:17'), ('209', '2', '4409a41eb378c857fb6cfbff5428171739c4f00f0cd1d074330cfc3f5af7cf2f', '2017-03-27 16:49:13', '2017-03-27 17:49:13'), ('210', '2', 'e93e9da73b31962f88f37b0d646ce8c24f00b3851026d3b96f1485181e5036b9', '2017-03-27 16:51:03', '2017-03-27 17:51:03'), ('211', '2', '6b24dc3d91c50c724463373ca1ae2df52f5ad322b32787c14a32cc67e0e8a87b', '2017-03-27 16:52:02', '2017-03-27 17:52:02'), ('212', '2', '1f30c67d46699085578c773f29f7006931d61b998c7dea608eb4183e0792b737', '2017-03-27 16:53:17', '2017-03-27 17:53:17'), ('213', '2', 'f77ce566c32a42357d0b57bc4557b01bcdcb62d4673dab0bd2ea43b850436e25', '2017-03-27 16:53:46', '2017-03-27 17:53:46'), ('214', '2', '6e3a5b58e3bb1dd8fed1710a8cb6e699aadca1bf78d591ba5cbb9e6de4a629bd', '2017-03-27 16:55:14', '2017-03-27 17:55:14'), ('215', '2', 'e2f1320c229522363343b46c2c7b34d4aa39e65b4bb8c1151cf9d30af80045a1', '2017-03-27 17:10:33', '2017-03-27 18:10:33'), ('216', '2', '2b8f49c0738d2fb48ecea9a622824aaa32d19e67cbf0293fb12395002cf98bf9', '2017-03-27 17:16:02', '2017-03-27 18:16:02'), ('217', '2', 'a1e32f396dd51954bb99e68ffd941615d57421f199b8723a3b5715d0c0311ef2', '2017-03-27 17:18:20', '2017-03-27 18:18:20'), ('218', '2', 'a5dff3e55267d5d8890179f8e137bfbb0b1e375282e52a38460ffb8d48c1142e', '2017-03-27 17:19:52', '2017-03-27 18:19:52'), ('236', '2', 'd5917024cf128bbf64a35964d2fc190f8b2066d8ffc6b65b48001b667c45cf30', '2017-03-28 14:33:31', '2017-03-28 15:33:31'), ('237', '2', '3ddca6260fd70ad6da9ef388cf909b5f18a7a07210500eddb9b1ea469bf48744', '2017-03-28 14:40:22', '2017-03-28 15:40:22'), ('238', '2', '24d5618007d36856ac54011944e378796d1295ba6335b7ad48aa67c9d87cd1c1', '2017-03-28 14:44:43', '2017-03-28 15:44:43'), ('239', '2', 'e4438b4f4a0c80ebba7a64f6408ffc2cac9fca9d860b2db2542032fec0f925bc', '2017-03-28 14:46:33', '2017-03-28 15:46:33'), ('240', '2', 'd84f8d8c419586849b7a61a637f0759a42297d30d3ba71da272c23c4d90d20e7', '2017-03-28 14:51:55', '2017-03-28 15:51:55'), ('245', '2', 'b26ebe99ee14398b2fa835116d9f89612c870fc0690a015d252c8d3f33bd42bb', '2017-03-28 16:48:28', '2017-03-28 18:09:24'), ('247', '2', '2fc1f3fb431538cd3b8c8a957689a952e1589e66fb86baa50126582d04928253', '2017-03-28 16:53:47', '2017-03-28 17:53:47'), ('255', '1', '3bb3836a504344aded540595a5a65ac40af4da5117777ea6e1700f9da18df16d', '2017-03-29 14:28:22', '2017-03-29 15:40:28'), ('280', '1', '1271c5617c5af804ed3b98308d58b119993fde887184ebd5671404e11200881e', '2017-03-30 14:06:32', '2017-03-30 15:06:32'), ('283', '1', 'cfb2b0dd6530bff83cf7c53746ccdfec158d7c206d62d1c2ffebcf8994cb5c4b', '2017-03-30 14:06:32', '2017-03-30 15:06:32'), ('297', '2', '1e6a52719dff8c50344c98408e8b0d4d3a4c1fb39ca7681cb99ea1c74af0d749', '2017-03-31 10:45:37', '2017-03-31 11:45:37'), ('301', '1', 'ea3fd176e67bcf9af58cfed8242f75eaf7eb43b0de917b4364c53efb31dc91b1', '2017-03-31 11:54:39', '2017-03-31 12:54:39'), ('302', '1', '2827e8c9de20db13cd97f4c492a5c6445fc0800d7c29ff4ed90ff17caac523eb', '2017-03-31 13:39:20', '2017-03-31 14:39:20'), ('308', '1', '85f163f3aec032b769e9984163ee83d2ce42f06e84b0e245b88335bbe501387c', '2017-03-31 14:52:00', '2017-03-31 15:52:00'), ('309', '1', 'ee303a4e1ae0c4f6c311bf52f72f4df795f517221bdf7ab3b20911e0ae1cf068', '2017-03-31 14:52:00', '2017-03-31 15:52:00'), ('311', '1', '3b984476b569da8206fe9dc7b8f7e2a8beaa8e141c495d72fd534bea719ed881', '2017-03-31 14:52:03', '2017-03-31 17:19:53'), ('314', '1', '9c30fc734959554c95961498854e0fff90b329e9eb15dcb036d380c0bc36e9c1', '2017-03-31 16:50:29', '2017-03-31 17:52:59'), ('319', '1', 'afe625d90f227fccc02ed300b5d39fd93103b4ac4516053ff986a2d565dbe203', '2017-03-31 17:25:02', '2017-03-31 18:25:02'), ('321', '1', '5f430eb5c59ac4586608f6ccd5be37925099dc1bf605672e449b044ddf272d06', '2017-03-31 17:25:02', '2017-03-31 18:25:02'), ('322', '1', 'c7c6adad64197c01c1bcf32c16f3f8852e8e1696ad8245526969b99c044866a9', '2017-03-31 17:25:02', '2017-03-31 18:49:04'), ('331', '1', '8d4e36e4c226b8f68afb8834b535c423435852c2820f6a91c9f19ec82bdd4a18', '2017-04-01 14:17:00', '2017-04-01 15:17:00'), ('332', '1', '6f2352eb6a8beb26320c9cb023b8b07ce12c72e1d6cc5cb05a590584a8420445', '2017-04-01 14:36:39', '2017-04-01 16:44:25'), ('344', '1', '7b1395efab4597f03c07d2741f650e4cf325770e7e9664bb4dd69a387914c21a', '2017-04-05 13:39:04', '2017-04-05 14:39:04'), ('350', '2', 'a35cdd98b2e7452e6aeb3acd5cca306ee6649dad77f65b37d7377a6edd59bf7b', '2017-04-06 18:46:34', '2017-04-06 19:46:34'), ('355', '2', '60c87f658c95452e7a3e349350191cfad900e84b5c97ce1684b12009fd724057', '2017-04-06 20:14:44', '2017-04-06 21:57:25'), ('360', '1', '9185dc0b9d32531f6065476f01b429032451a55519e7c014c4bc0ae62eb6be16', '2017-04-07 09:57:31', '2017-04-07 10:57:31'), ('369', '2', '33a5616078c855317bbbda0adac102a3b53151248ede6a3f2a4b3941182964bb', '2017-04-07 11:29:00', '2017-04-07 12:29:00'), ('372', '2', '74f5fe15954b0695354b20699c83856a3cd19dad48293ec797cb878a3f6ce91e', '2017-04-07 15:54:58', '2017-04-07 16:54:58'), ('375', '2', '80d6ba3fd97f154eec6ee336fe49579e061db0e444f88728ddfc81b8e43ab9df', '2017-04-07 17:18:31', '2017-04-07 18:18:31'), ('377', '2', 'ecdc9ced469a818c112003414e4c0e1d60bd994b6306fdb41460073e0871c1de', '2017-04-07 18:19:21', '2017-04-07 19:51:33'), ('383', '2', '9b47413529b3584f8f9183354f1e885f465e2261bffb1f3829b0b860a5526500', '2017-04-08 16:16:14', '2017-04-08 18:21:18'), ('384', '1', 'c9da3167451adeda6ffa36d83a12c53f6543bf6326a6b5faf9c5b367f8aae047', '2017-04-08 17:08:45', '2017-04-08 18:08:45'), ('385', '2', 'b05a39c4c5f1a262fcd46ab02f48740f1aee067285462083235217eacc336f96', '2017-04-08 18:00:26', '2017-04-08 19:00:26'), ('401', '1', '732f316876766c33eacbfbff054a35590a149c1c213b6862e495b565bc178b60', '2017-04-10 09:23:06', '2017-04-10 10:56:56'), ('414', '2', 'a14053f60bd25072f28f61ef1dab91b13626e1324587ae5e76d86f4f17307871', '2017-04-10 11:28:25', '2017-04-10 12:28:25'), ('415', '2', '5da1490c4baeb394339fc8cc7640b0a8753f0d23ce9c78a94aebeeb5c9a6fb7b', '2017-04-10 11:29:04', '2017-04-10 12:29:04'), ('417', '2', 'e30f883eefe5870d38fe75d6dbffba806c5d5578bda2dd210c516c43b6dc0bc4', '2017-04-10 11:31:47', '2017-04-10 12:31:47'), ('418', '2', '22ecfa7062dc3edfee1dbc6bcfdb13f71fe3a6da4acf5499cf5907eaadba35e9', '2017-04-10 11:59:41', '2017-04-10 12:59:41'), ('419', '2', 'a18c4a99072f539e6c6f3ac9e4f92eff1c24fa6618ee813f6e28a6786662266a', '2017-04-10 13:02:32', '2017-04-10 14:25:20'), ('420', '2', 'bb55ff36801f20c9baa02b309b9655808ce1c84ddc311f0445be9e71c6abe923', '2017-04-10 13:35:06', '2017-04-10 14:35:06'), ('423', '2', '8447d109e7ab3d84bd1f60fa9935432f61b079ad4dc49f068d0dd3dabe783d97', '2017-04-10 15:48:22', '2017-04-10 17:25:56'), ('444', '2', '16ccddff1d2bda71557822eb294bcc902a93246f74c663ca08f0389a64043a37', '2017-04-12 10:37:49', '2017-04-12 11:37:49'), ('449', '2', 'ac2f9fb66382665de987e163c4c4621d489d75da2c7e56a3e4d865c059f7ffac', '2017-04-12 10:53:42', '2017-04-12 11:53:42'), ('450', '2', 'd8e9981507c8abbf77c6d9a54a33b98bbef6bb1e9365803a516ecb7be720d2a2', '2017-04-12 10:54:25', '2017-04-12 11:54:25'), ('451', '2', '97ff1fb6772610ce611576084fe76ab6257eb00d670da8a7ec45f2cd0cb2956f', '2017-04-12 11:06:49', '2017-04-12 12:06:49'), ('452', '2', '8536dc533d60ee5a40aa6b6a8bf0fc7704022770cf79d71a5bbd755181bab2e9', '2017-04-12 11:15:05', '2017-04-12 12:25:11'), ('458', '2', '722da804674defa5511ac12e6ecb21872449e5fd38467e503649cbc05426d110', '2017-04-12 14:10:23', '2017-04-12 15:35:53'), ('491', '2', '42cb6788e3a7d51252a4e6b272f1f06d96d90ecc22c0bdab07faea19f2dcf414', '2017-04-13 15:09:11', '2017-04-13 16:09:11'), ('498', '1', 'e2c53788ae1e0d636d723c4da97c58acb049ed1dfe3d5a71a945cf5df66eac96', '2017-04-13 15:51:07', '2017-04-13 16:53:50'), ('503', '2', '3af1350953690bbb75b318c1188fe6f578cb537b8c387c939e832f6276758d1b', '2017-04-13 17:45:26', '2017-04-13 18:45:26'), ('504', '2', '26c63beebb2d3fc19246d8b4cc676e07b57541ae5615739dd8b6af78c689a912', '2017-04-13 17:46:17', '2017-04-13 18:46:17'), ('506', '2', '9938fac0b68dd7c96e4c68a5fca8f75140b879f75eccc06edce88f4d587b4ae7', '2017-04-13 18:12:56', '2017-04-13 19:12:56'), ('507', '2', '4c027957ee5aea4845ffaba737e36cf269f01704f943d735f92e39c663052cbd', '2017-04-13 19:10:02', '2017-04-13 20:10:02'), ('508', '2', '66d130874c5cacfd78bfa5b149c98c505cea53604e7021683498eb07453072f7', '2017-04-13 19:10:02', '2017-04-13 20:10:02'), ('509', '2', 'ad8018531982a623e290bd3b82a90d5727e3777ad010e51c3ec792220207bc40', '2017-04-13 19:10:03', '2017-04-13 20:10:03'), ('514', '2', 'bd1cf172e638e21e81324ab457a173aa20e08872c873945c4edb2b291ac78627', '2017-04-14 13:42:40', '2017-04-14 14:46:48'), ('516', '2', 'bac0b48a500c78a80188b2a73ea908ab710fa17964d6ccbef49fea387ec71000', '2017-04-14 14:22:50', '2017-04-14 15:40:01'), ('519', '2', 'e4910945ce7d2e024b1075ea1e9f55e57710354dbb95ca1ff405e8d21465312c', '2017-04-14 15:12:52', '2017-04-14 17:37:48'), ('524', '2', '6a48cf5be685b5b5dee32f5640044a58e2ad7d635284fba0fb4eb1a2fbe00346', '2017-04-14 16:46:57', '2017-04-14 18:32:48'), ('526', '2', 'b5a04e19be04fa584fd5843b6f0ae310897ef682084235d02eb8b0ddef8aec8b', '2017-04-14 17:08:04', '2017-04-14 20:20:07'), ('219', '2', 'f543413d7e9fc0f6e4c46d292f63c14b698b309af3cae3e2a03d5887f00bb947', '2017-03-27 17:47:15', '2017-03-27 18:47:15'), ('243', '2', '7c46a6268f07399c1c34f17f043256a5254b14053092314aec7b25a9d49b315a', '2017-03-28 15:25:38', '2017-03-28 16:25:38'), ('244', '2', '532aef2df0c471702ef3b7a9a81f3d4d81919d8eebc794ca2115308aab0a893b', '2017-03-28 15:44:50', '2017-03-28 16:44:50'), ('246', '1', '0b99ca2e1c1c621ea77692cd37e64d9a0bc46dd6a0a0447753fa9dc0a5ffd82d', '2017-03-28 16:48:14', '2017-03-28 17:48:14'), ('248', '1', '72e93b1ed1391d46d27463e84c4a624ea21b3283cf0fabec02ccb54a2be94a49', '2017-03-28 16:57:38', '2017-03-28 17:57:38'), ('251', '2', 'e07699f5a823c7b2570626c51ac808924e922b865192382aff3af4c980f9b339', '2017-03-29 12:01:14', '2017-03-29 13:01:14'), ('254', '1', '0e51a0480373975588d5f4aa7dac16793cdb294e495c6dbb71c8802897c1b12d', '2017-03-29 13:50:23', '2017-03-29 14:50:23'), ('260', '2', '9acf3c51d6f316e0485925bd0539c2f58b9d6468b3543310a862ba867fa1d4de', '2017-03-29 17:35:39', '2017-03-29 18:35:39'), ('270', '2', 'f29e5906a55b4f49855ee2d9d27035e96e1001eb076569d60e941ca289074c1d', '2017-03-30 09:01:35', '2017-03-30 10:52:04'), ('271', '2', 'fe36b511cf66f242bd0f3fd3916bc503374a279af47717522b730edd87a8fb82', '2017-03-30 10:22:07', '2017-03-30 11:36:56'), ('272', '1', 'a28560e7cd206f29d8420c9665800d7566131f1e36fe3bf47323b5ab00615342', '2017-03-30 10:48:24', '2017-03-30 11:48:24'), ('273', '1', 'fba84fe873df5aa7f8c1b8588d1e80f38310f20e93bd0cc1e08b9ab39a19dfb8', '2017-03-30 10:55:33', '2017-03-30 11:55:33'), ('274', '1', '7c1d992957be31b59c8d43aaea8f8fb5b3a1d01362eefb71d87d1aaf73a6689e', '2017-03-30 11:05:58', '2017-03-30 12:41:14'), ('275', '2', '6c9d9581de47d80e37546e44ea96e6ff8700bd0982d149837b871c507fd763db', '2017-03-30 11:19:36', '2017-03-30 12:19:36'), ('278', '2', 'dc4ac66d6eb9f99c73338f9ca266d5c5f2c35ff208750a354d212b7e25ec8cfa', '2017-03-30 13:57:51', '2017-03-30 15:28:20'), ('279', '1', 'e7b93de7a4e9ee5cbcdc04142b70ac318f96097971459a1d29fa0385f11dce1b', '2017-03-30 14:02:03', '2017-03-30 15:02:03'), ('282', '1', 'f91b061d5fe88b92d7c8024d349e2b15d606aa29b386a9d3971cce7b596c5676', '2017-03-30 14:06:32', '2017-03-30 15:06:32'), ('286', '1', 'f7599eace034a579c46deb477f85c41efa948f9c1b7dc49cece946d14010ba0c', '2017-03-30 14:06:33', '2017-03-30 15:06:33'), ('287', '2', 'da9f92c704d3fb16946864751b84ce0c6e4aa18171b7d5fdc0c250f326e2192e', '2017-03-30 14:59:04', '2017-03-30 16:39:45'), ('290', '1', '42009ff0d2394dc02d58939c75da16fc5dcf5fd2600e034e9b5e4271c35b1e76', '2017-03-30 19:02:05', '2017-03-30 21:02:33'), ('294', '2', '4f9e4462d76e8bb4181263b8aca86cd5c5edb77eb8db51faf9d42c21e94bb25b', '2017-03-31 08:51:35', '2017-03-31 09:51:35'), ('295', '2', 'ce982b9c96a3d69982afbd0abb6e84a1b1a9480b543637aa613083d948ce8707', '2017-03-31 08:54:55', '2017-03-31 11:35:56');
INSERT INTO `sys_token` VALUES ('296', '1', '36005f9149d27b2c3e338ceb029ae91e8e6c0b4153d60dff01eee0946d30aeb7', '2017-03-31 09:01:53', '2017-03-31 12:33:08'), ('299', '2', '41e5d85657438a26dcfab16d2d8fb794905bc0e83ed30ff870e7cfb529bc9010', '2017-03-31 11:31:45', '2017-03-31 12:31:45'), ('300', '2', '68107650799f3a9218c06b0128ed3dbd80dafc75ab8d086d503abd6a9b1de6c3', '2017-03-31 11:38:35', '2017-03-31 12:38:35'), ('304', '1', 'c4ae0a4447f3bc322c10f5d9eefa6a748ea5eeec00cb6a3985b613dc22d73727', '2017-03-31 14:01:26', '2017-03-31 15:06:14'), ('306', '1', '500757576d20ad09175e19be9df5ae59d96147bf6824b17242625d95eed3bbe9', '2017-03-31 14:37:01', '2017-03-31 15:37:01'), ('310', '1', 'bb2e72409de3ca490edb440f108fd18e26108e7c0561fabacec93b4cf7f02c0d', '2017-03-31 14:52:01', '2017-03-31 15:52:01'), ('313', '2', 'f3834f80b03b0de42f123603945314f79a0711fad48d888dad82d0dd58031504', '2017-03-31 16:21:36', '2017-03-31 17:30:12'), ('315', '2', '19a8d1262f311cda96ddfbd1362767f8fa7aa431b1c1ba961622dec474d21917', '2017-03-31 17:00:21', '2017-03-31 18:00:21'), ('316', '2', '5e43832d5342d8cdfcfa9b600b9225187283010d14453884dde4106f8d444f4c', '2017-03-31 17:15:25', '2017-03-31 18:15:25'), ('317', '2', '24ed10a82d3a5ac83b6879bdb70016f07f39ffe5f04b9aad014df4dba6f463e9', '2017-03-31 17:17:11', '2017-03-31 18:17:11'), ('318', '2', 'cbf34c94967893e52fc5670c3f15157003c7b2e968e2802ca2bc47619931feb5', '2017-03-31 17:23:24', '2017-03-31 18:36:12'), ('323', '2', '0fbe197fcb58890bd9457ca8aff35d7097a43b7980bd019d3c5b523c34e2f018', '2017-03-31 18:07:39', '2017-03-31 19:07:39'), ('324', '2', '394649789a3f3e303d117a99324eeb2cc0a57d2d30a5428e00df4f5ebcbf340c', '2017-03-31 18:42:39', '2017-03-31 21:18:52'), ('325', '2', '55d6371e30f4df06aee6b54fe356eb4d59f5e85a8b924af6cbb9115622ee77b7', '2017-04-01 11:39:35', '2017-04-01 12:39:35'), ('328', '2', '37f61aac7465d2f7b195a8f021681bcc0f5ce7c1ffcc6f4a3c964aa4e17f199c', '2017-04-01 13:41:38', '2017-04-01 14:41:38'), ('329', '2', 'a0a934ef39e91044685a8a190c7f8d7e8a38f2ff663adc1ea1b727ed4da04596', '2017-04-01 13:43:20', '2017-04-01 14:43:20'), ('333', '2', '71f12ae985f8d93a221ce10dbe29d7c3e2771b79a9605a1fe6760229474c4fea', '2017-04-01 16:22:51', '2017-04-01 17:22:51'), ('334', '1', 'b810b29990de634dfcc39b8f59f09d84d60c72a1049b8b2cd9ab7b1333897564', '2017-04-01 16:59:36', '2017-04-01 18:31:06'), ('345', '1', '22cd2f95bbd0b8f3555893abfef1c96e2fe74c423e597b40c45e46c8fda5c247', '2017-04-05 16:57:23', '2017-04-05 18:07:42'), ('347', '1', 'e2e60a62da255ccb63bea910ebcdc62050aa2ca1c654bafb06c486236ed8967c', '2017-04-06 15:20:23', '2017-04-06 16:23:19'), ('348', '2', 'd6c6ae857f3b2df1dcca7b91ee9ca3d0d78dd7ccfb3be7b08c91a8ec2f56b1e0', '2017-04-06 16:23:29', '2017-04-06 17:23:29'), ('349', '2', '80dc104117ad3e0827980fcd2b19184172324c468a298e032aca3bc711e723a9', '2017-04-06 17:43:15', '2017-04-06 18:43:15'), ('353', '1', '4b7d015f2ec1f4e588286322c1df4209c8a98cb991b501b06b225ccdafb0f633', '2017-04-06 19:23:26', '2017-04-06 20:39:49'), ('354', '2', 'b244e5f5ed1b6eb843caf332ff32d975b222798eb14ac58001bcc5672cff9955', '2017-04-06 19:52:30', '2017-04-06 20:52:30'), ('357', '2', 'df5a5f71a6d7561479ac1e6d975440630a875777aaa797daa4ec9e4368342bd0', '2017-04-07 09:30:41', '2017-04-07 10:30:41'), ('358', '2', 'b1c7b1ccb70c9081bf8bb1fb95e52aaece0008ad9fb6228c8c1d39378dded944', '2017-04-07 09:53:08', '2017-04-07 10:53:08'), ('359', '2', '03130ecc0f1b7a61bb0a3b567ca572a65208f1269cb1f782098dee33a61666a6', '2017-04-07 09:55:05', '2017-04-07 10:55:05'), ('361', '2', '9c3f265d7e8821ebaada8dca93d446bdf26d24439005f065f855b7918b8d2cb8', '2017-04-07 10:00:24', '2017-04-07 11:00:24'), ('362', '1', 'ba7d6ed0aef2bb49a21e543a62b8fc63c0260c3df8b0d9974da9d4819221a28e', '2017-04-07 10:16:00', '2017-04-07 11:16:00'), ('370', '2', 'e18ada994726d9b4099b1fc4d976fbb74d3e0a7827718a7b83926d7fd4c3f7bd', '2017-04-07 11:29:00', '2017-04-07 12:29:00'), ('374', '2', '03b5f8239045e44002a50a474573051c66dc25fcac85da502eb4bb3b5c1b6d35', '2017-04-07 17:09:44', '2017-04-07 18:09:44'), ('378', '1', '73d53c3437fe79a8bf9e265640137ed58d00ea5d598888a2e105ae0e5b5fe65d', '2017-04-08 09:14:52', '2017-04-08 11:01:51'), ('381', '1', 'f74cf97d5bd612860ae1694cb8ae1f53af2f29631dbd619dd9d85d6de3328f0f', '2017-04-08 13:55:48', '2017-04-08 14:55:48'), ('421', '2', '171d6bab73bcb43c15da652df1b149798f1cec443844403c1639a25c12e342b6', '2017-04-10 14:28:01', '2017-04-10 15:37:36'), ('429', '2', '46d6f26f617f7a3a1fa93ac4d15ad4b0a61d64626f651ccfbe83929e66472641', '2017-04-11 09:36:54', '2017-04-11 10:36:54'), ('438', '2', '1b289d5bf45bbff2c18820877b59c93e3b26d32a0222ffcbafec0d4314b42360', '2017-04-11 18:59:10', '2017-04-11 19:59:10'), ('442', '2', '0554d63f38c01558bd7afce5e0616dd9a7a3c5efac3fe6c6d780b83e15b7f469', '2017-04-12 10:25:35', '2017-04-12 11:25:35'), ('443', '2', 'e06b6d11e37ad6cc55b7e96615468e55a2fd568a0ce20d400f8e111989f7c2ab', '2017-04-12 10:33:10', '2017-04-12 11:33:10'), ('445', '2', 'd0dba893417b8c05519f5361e1252fd377dc8a52aa659d1acb6556fd0b3c8bbc', '2017-04-12 10:38:08', '2017-04-12 11:38:08'), ('446', '2', '96c8c06276ad332ef20115205655277f61e61d2b3ae7d91093960a91cc945882', '2017-04-12 10:42:57', '2017-04-12 11:42:57'), ('447', '2', '3a7f42dbb607a2bdd42a241a0c81494ec5b5f87ba2970a5218e15e2b6d775d8e', '2017-04-12 10:44:35', '2017-04-12 11:44:35'), ('448', '2', '7ba2f6e9985a975d5cf5d98121e557c87157343695ac7f766734f362c0659c36', '2017-04-12 10:46:20', '2017-04-12 11:46:20'), ('453', '2', '6b79d778392416a3921edf580e4b9f183f82c23916c75670c39b361a06118fe1', '2017-04-12 12:00:55', '2017-04-12 13:00:55'), ('454', '2', 'd35a7c8ba477745a4dc7e20c4e286b2e95087d9e334dcfbbdc13fb345892cf66', '2017-04-12 12:05:06', '2017-04-12 13:05:06'), ('455', '2', '260a1af134fdc6e4728da594b8c49bb23e6988f8346e910fc71a148740458630', '2017-04-12 13:16:15', '2017-04-12 14:38:17'), ('456', '2', 'ec4de1080ce2cb5cb08c95ff3688adc973831e5b437989d1261edee85876d6f7', '2017-04-12 13:17:31', '2017-04-12 14:39:38'), ('457', '2', '5af2364e341bb315961142f40d7787cc695e044bab1d75ed7487fe531f8f5db5', '2017-04-12 13:19:32', '2017-04-12 14:19:32'), ('460', '2', '4a155a63f95549fe0f6b4360d05e4cb9f5eee78887b4cccd52a38867b7bb8b47', '2017-04-12 16:05:01', '2017-04-12 17:05:01'), ('461', '2', '5a8ed7553820034f0541acee324cda73a6b09a50327b79ed86bdb7309d2d8499', '2017-04-12 16:06:21', '2017-04-12 17:06:21'), ('467', '2', 'f164dd11009ea5c5673a1b439109bcb61a07025e7aa5117fbe76a64b45b617d8', '2017-04-13 09:56:11', '2017-04-13 11:46:51'), ('468', '2', 'f6a4ad8eec8c933d33f2a6afcf1664c997d5a487505b8759ecf6ad13ab7de7bc', '2017-04-13 10:31:59', '2017-04-13 11:31:59'), ('469', '2', '71b0fb0a59608cd553af5525f141ba44d3b2e4edf55e0ab4216726d91eb085bb', '2017-04-13 10:31:02', '2017-04-13 11:31:02'), ('470', '2', '09cbb0814289fab9911cab974e085c18335a64f39c6c11b30a4538b5fab3e953', '2017-04-13 11:39:12', '2017-04-13 12:39:12'), ('471', '2', 'e3be83b9c458dd22baf287501a80cd1e7ba720ebc88eb7ae0b0f0cf5698e1534', '2017-04-13 11:39:22', '2017-04-13 12:39:22'), ('472', '2', 'b2aeea592b293c733dc1915a5aedbe0c6809f6df8e96d242d4db74cc146d527f', '2017-04-13 11:39:46', '2017-04-13 12:39:46'), ('473', '2', 'ec62cea91492e87d18d1c87e246861b642dcb936d2beefbd9e8db5191c52e9a8', '2017-04-13 11:51:03', '2017-04-13 12:51:03'), ('235', '2', '2782d24b4ff5ca9a609789d90983d5ea14c0bc2acbc3e5c25c1c3b6412fbf538', '2017-03-28 11:09:48', '2017-03-28 12:09:48'), ('241', '2', '80df46e65f2e55733ce1e73b476e6c649332bce48dd8d0ea4dc95e8178cd5303', '2017-03-28 15:15:02', '2017-03-28 16:15:02'), ('249', '1', 'fadd17f6056f2014ea7fa01d9b86ff009f063da17c25ae7424b22518fb4b678c', '2017-03-28 16:59:20', '2017-03-28 18:11:59'), ('252', '2', '27c000b04af33a6bdf7a4750010d587003711152a57447d1409645241d9a7de4', '2017-03-29 13:44:21', '2017-03-29 14:44:21'), ('253', '2', '96c7bd7ee4dfca0170bb8b4caaf5f71b6cd5f7d3cdba6b2215b8d337c60ae609', '2017-03-29 13:44:23', '2017-03-29 14:44:23'), ('256', '2', '97d53adc5d37c92ecbe74718098cefab7c6744e2984028f4ee3ce0d0da068d22', '2017-03-29 14:39:47', '2017-03-29 16:34:55'), ('258', '1', '894beb6024ae659d2853b9346bfcb8d45bd8bc36451bca653b253af3207e75d4', '2017-03-29 15:16:39', '2017-03-29 18:34:20'), ('259', '2', 'fc4dd5e6a6988e1b029f2186a58d3e3ae1b5176de0de00d973f4f3734abddc14', '2017-03-29 16:05:18', '2017-03-29 18:02:07'), ('261', '2', '3985b82653e69bc27f9cfdadeb2552817e7270046ef8abddfae840c85a3f0302', '2017-03-29 17:41:53', '2017-03-29 18:41:53'), ('268', '2', '3fce32093d4b6006ca0d79f038d3eca17752b2b27fed9b92227870250f8feeb9', '2017-03-29 18:21:29', '2017-03-29 19:21:29'), ('269', '2', 'fa6083cd5f14e8a4cf5fcafb540e8f56e5c2a02ddab66308ce5be7b5be3f6520', '2017-03-29 18:22:44', '2017-03-29 19:22:44'), ('284', '1', '7726bdd4a7d1244ab72d2cb1c3287baf89eeef4ab02061d8da567da8914ee435', '2017-03-30 14:06:32', '2017-03-30 15:06:32'), ('285', '1', 'd9f319c9d2b6598d7fabaeda643603371837960d9ddfb8980bf3273a6cfbd08d', '2017-03-30 14:06:33', '2017-03-30 18:24:54'), ('320', '1', 'fe522ffb85e43905d01cd6ec987685e977cfa10afc564af4dee14418a204cbd3', '2017-03-31 17:25:02', '2017-03-31 18:25:02'), ('371', '2', 'cd17e47dcba065d3819b2deb7e621d4e1fe6d13ec8986d9616f43ad4895d62c1', '2017-04-07 15:09:03', '2017-04-07 16:09:03'), ('403', '2', '0e538cacee7fb60b8ce62ad7e9a29a8c47030ff173786348fb3f434c479465ee', '2017-04-10 11:11:05', '2017-04-10 12:11:05'), ('405', '2', 'c6874da11c64915ea30b930adf145ab2f9e87b9bf3245fed72ef33538d23f745', '2017-04-10 11:18:15', '2017-04-10 12:18:15'), ('406', '2', '172731d283c26a3784ad0ba1f2a3ea7cfde011b987ff570fcebfac69b9e44e5c', '2017-04-10 11:18:39', '2017-04-10 12:18:39'), ('408', '2', 'eec47b30a26ea1b3a9be53b7f04522c72ce7a1f35ee687c65a5a86abdd05aab6', '2017-04-10 11:19:37', '2017-04-10 12:19:37'), ('409', '2', '5a5253fd5da7f6495780e0fbf3e2c7a9abb5ce8db9fa211a11c6165bc892e3c7', '2017-04-10 11:21:36', '2017-04-10 12:21:36'), ('431', '2', 'ea7f71337e8c9855d0c4d65daf0d6e964e22a76b8be0b872e627040ca29ba54a', '2017-04-11 11:25:05', '2017-04-11 12:25:05'), ('432', '2', '9ae0211e5085593604bf3b2adc0db8def2195a4bf05da1f77cad377bd0f5ced7', '2017-04-11 13:32:21', '2017-04-11 14:34:10'), ('433', '2', '18b12d2a68ce17a4d48b4615ea7320521ddb3618bb02e05b52799b481704d61a', '2017-04-11 14:12:46', '2017-04-11 15:12:46'), ('434', '2', '70a25db7df6fd8c76dd79d918f09c8121bea8afca26091b10d52c92365290825', '2017-04-11 16:33:13', '2017-04-11 17:33:13'), ('435', '2', 'a918d6887282ddbb821fc9eec5cdd27867ad989663de7d190f5fdefac975c755', '2017-04-11 17:06:45', '2017-04-11 18:33:50'), ('436', '2', '8431677e0074d9421603ccbf85606e75303494ce61c12783a44219353aed75ca', '2017-04-11 18:27:09', '2017-04-11 19:27:09'), ('437', '2', '8e3a935ec265e7d2f0e17f1ee28b1e18520553c8f703e04a8c4293ec35a9ca49', '2017-04-11 18:55:15', '2017-04-11 19:55:15'), ('439', '2', 'd40fce67066d5cf032d4fec87db78f27f7bba6311821dcd96300b76ab7c4ac77', '2017-04-11 19:03:14', '2017-04-11 21:56:18'), ('474', '2', '1c42f16c541d2914030c897c4cbd0a08d2fd1db321b22ff7d15563752dde99b3', '2017-04-13 11:52:03', '2017-04-13 12:52:03'), ('475', '2', 'c3132f10f5d82aa798a1e94d85063e99dc0078115d1d1f2b254b76eb7fcd6755', '2017-04-13 11:52:55', '2017-04-13 12:52:55'), ('476', '2', '7d887c3bffa8fc980a44711ac003df9eb49c059d3c5f1434918038003688e72a', '2017-04-13 11:52:57', '2017-04-13 12:52:57'), ('477', '2', 'a9470dc79fe3fd07fe0e4b40161e726f3b36aaf709745358b9d3c052bb04cc97', '2017-04-13 11:52:58', '2017-04-13 12:52:58'), ('478', '2', '5ea4342a6034e57611ff4b41fbaafb7d1d1f709ec2cf0e260ec202c22c00bc62', '2017-04-13 11:52:59', '2017-04-13 12:52:59'), ('479', '2', 'caaa84e387d6aa75f6810f840844f599d48e853d2bb999c5a01208ca85ffe544', '2017-04-13 11:53:00', '2017-04-13 12:53:00'), ('480', '2', '2ef2531c63c4254866eea1da57ac7c64907b2afe68388d696ca40859eef8937e', '2017-04-13 11:53:00', '2017-04-13 12:53:00'), ('481', '2', '90908943c51339eaba05ca117b0f02ed76976aec07ccd52d88f90bd84f6c5668', '2017-04-13 11:53:00', '2017-04-13 12:53:00'), ('482', '2', 'a2588e7365ce575add64674e2de1dcc609e20ebb2aabde1d01c2af3290d6b315', '2017-04-13 11:53:00', '2017-04-13 12:53:00'), ('483', '2', '7a2603fa71c1bedc2722e2b9d94c6e6bb55242c8519a3dad9f3372312928a1df', '2017-04-13 11:53:01', '2017-04-13 12:53:01'), ('484', '2', '4ad08fbc0d9a57ffbe87badd51438929770451a7c05378fbadfa47fddc6e867d', '2017-04-13 11:53:01', '2017-04-13 12:53:01'), ('485', '2', '714e2dbb4cd15972642b32e6a94ec6e7064223e8609d4c9d4c5148e1f4de0b56', '2017-04-13 11:53:01', '2017-04-13 12:53:01'), ('486', '2', 'ba82efff38b93c434bcf48a40a4c35a207cd51781ea352af6dcda85bf0154eca', '2017-04-13 11:53:02', '2017-04-13 12:53:02'), ('487', '2', '16523a7df38046b3440a51ff48029ece776b8c61cca1119c9beb3579333d844d', '2017-04-13 11:53:47', '2017-04-13 12:54:15'), ('488', '2', '13b2e65713e019eb955c4b9c822432d1adf51ec0a9455825144dbb9df792fe07', '2017-04-13 12:22:33', '2017-04-13 13:22:33'), ('489', '2', '7be491bb93197a4eeffcafd10d5a773754702f2b51458782cefdd95a779e7d55', '2017-04-13 14:22:55', '2017-04-13 17:03:45');
INSERT INTO `sys_token` VALUES ('490', '2', '9b48804c451a1c1912ded022850044cfb50332693036ebd778c028103a4e9c33', '2017-04-13 14:34:31', '2017-04-13 15:34:31'), ('492', '2', 'ae67b8dda038af80c6f177a9166c69e0c637a4412431509f4c313e68985ac76e', '2017-04-13 15:19:14', '2017-04-13 16:19:14'), ('493', '2', '2df95416a62845c4a8252cc3dd371cec6563b9c4349fe72b039e5493b0a31563', '2017-04-13 15:28:45', '2017-04-13 16:28:45'), ('494', '2', 'cdf5ce13cf962b0dfbad00b004b807f833fa5d26dcfccff08c19604ce9900d69', '2017-04-13 15:30:05', '2017-04-13 16:30:05'), ('495', '2', 'e237d4f2a4ba0664a89734c1b7d514c549fd1fc6d041eaf5e67fb28019677eee', '2017-04-13 15:32:37', '2017-04-13 16:32:37'), ('496', '2', 'e22a68109a3b24fe4bd1596683341d0fa9783f858fe6c9c23a354851124ae8ab', '2017-04-13 15:40:39', '2017-04-13 17:09:22'), ('497', '2', '88d32a28b86dad1745bc7ce26b2bfd4581c8d2554b1ad1b5469e04fd6583751a', '2017-04-13 15:39:31', '2017-04-13 16:55:36'), ('499', '2', '5e5024d5cab1ee58bfc676fe4a17cdbdc49719c9513937b517bf00ffc3088f5a', '2017-04-13 16:27:59', '2017-04-13 17:27:59'), ('500', '2', '22a1882e9187e8f22dc29ba83be653f4df6d41c8dde62c486ce3bebb4627c5ce', '2017-04-13 16:44:37', '2017-04-13 17:44:37'), ('505', '2', '504e4f77e6351a243e0dfd35dd4534cf3ca904b6ad5254934fb384dfa9de81d1', '2017-04-13 17:59:46', '2017-04-13 18:59:46'), ('510', '2', 'a593a2444db7e5b67bd47eff64ebd0f800c1b2f8c9a0d9a4d62c01c1232d764f', '2017-04-14 11:39:25', '2017-04-14 12:39:25'), ('512', '2', 'de36242bca5d1e4e736106db4fcef6ad72b3d5d5c73d19e3b02e565839938e55', '2017-04-14 12:10:46', '2017-04-14 13:10:46'), ('515', '2', '7a738364f7e2074f5f790664f6f82017f1a39ddba0f3f0b1d970d6606ac8cb32', '2017-04-14 13:48:02', '2017-04-14 16:50:00'), ('517', '2', '071c815f87e2b53d3b0800077fcabec803b613c785825a73d5aa224a430271cc', '2017-04-14 14:34:30', '2017-04-14 16:21:15'), ('518', '2', 'c1337d575f0d23d4dd769e5bf4556019354c3ed3bd091a18283c1207ae90e6d7', '2017-04-14 14:40:13', '2017-04-14 15:45:58'), ('520', '2', '3c21f1b4828f7dd83622c8408f22d80584f87e13e85e29f7b4302b2c93c11300', '2017-04-14 15:13:53', '2017-04-14 17:20:33'), ('522', '2', '83f99e116c6b30b00f7350bff26f977cb1daf405cd2f44c0f1eac89182e60152', '2017-04-14 15:59:26', '2017-04-14 16:59:26'), ('523', '2', '8b56c875534ba333ddc280e136a7d61ad2263fd274ed6d3eecdd11bfb664bb3b', '2017-04-14 16:39:00', '2017-04-14 17:39:00'), ('530', '2', 'a3f9e3ff397029d70a524ac4641b62470251538c4f603bea9d5328800976afbc', '2017-04-14 18:38:15', '2017-04-14 19:38:15'), ('531', '2', 'd76f3e7b7fcfd1f80199097a4a939e626f8ef464f8459bb5963cfdebdf549cf2', '2017-04-14 18:38:43', '2017-04-14 19:38:43'), ('533', '2', '1ef4c9f5ac5e0d094932a51876949535d9f7a1b21ead004466b4df153d84ddc9', '2017-04-15 03:07:22', '2017-04-15 04:25:56'), ('539', '2', '67804cb18e2a95289f77d3b13634b1b7a3215e2262a9e6cb536bbf985db25c48', '2017-04-17 09:47:07', '2017-04-17 10:47:07'), ('540', '2', '67eba7c7a7684e7d1a16475f0970b2b08c06ea8a50297625decb7fac031f83be', '2017-04-17 09:51:05', '2017-04-17 10:51:05'), ('541', '2', 'a073911ffefbb276c3982d378305fa6a176eaea685ca9a1fc83970d4ad3b0855', '2017-04-17 09:53:24', '2017-04-17 10:53:24'), ('542', '2', '4d0cbf0059e2182d4ef2f0042ee628d6bf78c60b4fc65210abdca6a92ae00622', '2017-04-17 09:54:32', '2017-04-17 10:59:56'), ('543', '2', '9b48a9a7454597968f7b885ecfb1cf317334af29ccd228af30314ee4e5f75525', '2017-04-17 10:08:28', '2017-04-17 11:08:28'), ('547', '2', '3f30311f4b4e72cb0b53be8fb655140fec1fea74005ee24ee76eaa26f8fbd492', '2017-04-17 11:30:48', '2017-04-17 12:46:28'), ('549', '2', '0bbf6a78861a21354454ca2b57fd555ca42005f6dff308a4992522867fe6bcc5', '2017-04-17 12:16:22', '2017-04-17 13:16:22'), ('550', '2', '8e72feae384585d40f34aa93c33a0061a4bc390d21dce2d7e2655d406cd05ac4', '2017-04-17 13:11:49', '2017-04-17 14:11:49'), ('551', '2', '7c36dce1ff05b75c9e75d28d3998e7039f18347acc044f16365236b1ad57b953', '2017-04-17 13:19:42', '2017-04-17 14:19:42'), ('552', '2', '91ccac33e1db9d1e3cbb7cd9ec2f360714bade03bf30f4084b9fcb0d77853305', '2017-04-17 13:23:17', '2017-04-17 14:23:17'), ('553', '2', '6ab4125cee3fa7ae98a0d8af996730fd957ebc2375096e07dcc3bd1c4cda8da1', '2017-04-17 13:27:14', '2017-04-17 14:27:14'), ('561', '2', '01c53a994e559932c5226ea8747fecbb3c3380e25791a9938077ab872d19748a', '2017-04-17 18:16:23', '2017-04-17 19:16:23'), ('566', '2', 'c894cc9fee1a88fcbfc0145ae0b6bd4d571274bc4b6740d35bd9382bf27b3c10', '2017-04-18 09:02:36', '2017-04-18 11:37:36'), ('220', '2', 'df26dcbf92d660f5a436873596e94380117b10bfad2af0895a258dda3bbbe9d3', '2017-03-28 10:01:57', '2017-03-28 11:01:57'), ('221', '2', '96913469f84549b28117dfe7a120ace98602863b2361976c44adaebc92c4bcda', '2017-03-28 10:03:25', '2017-03-28 11:03:25'), ('222', '2', 'f3a661c26d50dfe8bed18fe88e0f7dfdef717ef433d56a0baf1029de90b5cfc0', '2017-03-28 10:03:48', '2017-03-28 11:03:48'), ('223', '2', '450b06f793ad33fc7697c5abb4e67df21041c28cd4fb53e70b94c788ec7f5cd0', '2017-03-28 10:05:58', '2017-03-28 11:05:58'), ('224', '2', '26a4f2169ca037eb2c12cb4d11ebbae2b43ddb567a55c9eb5af063f722a1c724', '2017-03-28 10:06:53', '2017-03-28 11:06:53'), ('225', '2', '76e3c7f2e490671cd2808ca8503cfd4095fe7e0c99e3989925d5480200fdb192', '2017-03-28 10:07:19', '2017-03-28 11:07:19'), ('226', '2', 'b86b83abb96251fb21369231fd4eda574b2fbb3f37adbe99d4a58874a1eac94a', '2017-03-28 10:17:03', '2017-03-28 11:17:03'), ('227', '2', 'dc3254bc68f9a9e933ed38ed3d2e8440bb08b5b5f0ddad2bb3d5afdb01bce1cc', '2017-03-28 10:24:31', '2017-03-28 11:24:31'), ('228', '2', '5fed50a993346b8f7e73ef801d9ab60de801fda405aed78146c902f1f8973660', '2017-03-28 10:26:12', '2017-03-28 11:26:12'), ('229', '2', '53f5c35bac073e0cb843b658f3aeaff871abebc5397f7ec59ba5d15211d92a7c', '2017-03-28 10:36:35', '2017-03-28 11:36:35'), ('230', '2', 'e4c987214b3f605f3a60f264c9a30b59a3604bf142ff1ebff635852d36980122', '2017-03-28 10:51:15', '2017-03-28 11:51:15'), ('231', '2', '12efde75aa82635ec6447d1546ace0837a30fb68abe5440577ce625d7fd09e92', '2017-03-28 10:51:18', '2017-03-28 11:51:18'), ('232', '2', '8e02532effbb6348583bfac71ec0ca878b7c5501dfb0ba0850e9c6a3d21a83ec', '2017-03-28 10:51:25', '2017-03-28 11:51:25'), ('233', '2', 'e6ba34b8e54b287907de27ab748063d8927bd478c8afd3c88cdad2a71d83b826', '2017-03-28 10:51:36', '2017-03-28 11:51:36'), ('234', '2', 'aad780a9ab5e6b482436d58f056b2fa4909f38c54146b39aa5be38d2ed31787c', '2017-03-28 10:51:56', '2017-03-28 11:51:56'), ('250', '1', '62f82fefca2a3fd2977925840837904d94050dde3471c4ae4c7deaa739c13c98', '2017-03-29 09:21:36', '2017-03-29 12:16:12'), ('262', '2', '4acae3dd922864957d8ea1ab7bf5861b3fc76d0328e8b06d5817d40d268433ee', '2017-03-29 17:42:39', '2017-03-29 18:42:39'), ('263', '2', '8a1ed4efa11bb42c16a8428179e47114eda5a5fa3ccb13fdb5fa1cc16189f5e7', '2017-03-29 17:44:00', '2017-03-29 18:44:00'), ('264', '2', '46ebb9ad59f97bfb93fb60a97f947e47f1f72fe003d49ccd3359df41fba67f37', '2017-03-29 17:59:28', '2017-03-29 18:59:28'), ('265', '2', 'b3c8d744a8e2bc4c0c8f670c9c4afa02f3b4b985ef383c1da6cccb137e01008c', '2017-03-29 18:07:15', '2017-03-29 19:07:15'), ('266', '2', 'd6b5ae0ee8af341ba7737f0e5ab901497c62e63bf60b93c34fcd3835895d0840', '2017-03-29 18:16:46', '2017-03-29 19:16:46'), ('267', '2', '7b39136881a657cef5c405e4f417508f3fca8924a97d6373e0930ea75d5ed2d6', '2017-03-29 18:16:57', '2017-03-29 19:16:57'), ('276', '2', 'a84449269b4eb821a432bc44eb22f14e26befa5e32e498b4232cf0657a641a78', '2017-03-30 11:20:11', '2017-03-30 12:20:11'), ('277', '2', 'e451053886e60c162e0c33fef0e85cd2b6c411acebe12437184fbad3e3bddba2', '2017-03-30 11:20:54', '2017-03-30 13:41:05'), ('281', '1', 'c3d59349e190e19f285a6e283e5da846baa1f06e77f22a2974df1a3dbc27a0e5', '2017-03-30 14:06:32', '2017-03-30 15:06:32'), ('288', '2', '1b586fad32af729dc79d92799f1b6d0e87b3772f7fb47f718386a7a574f7d303', '2017-03-30 16:10:23', '2017-03-30 19:09:08'), ('289', '2', '2e8d85b19965d7a03d4a554febe6cfa24acd7aff81cfbe54790ea89002c09191', '2017-03-30 18:41:43', '2017-03-30 20:06:16'), ('291', '2', 'e819a1e7e3f72d79e3d84e7a4c44ec1f33331dea5781875b912bcd51aa900066', '2017-03-30 19:36:55', '2017-03-30 21:38:15'), ('293', '1', '7dfec5a2e9e33b5146c9835ae475d8b6db2541a50fa6436df42fea02bccc1f10', '2017-03-30 20:40:06', '2017-03-30 21:40:06'), ('298', '2', 'c91e6ffb0804cc6d660096c2f25accc5443ad648c31a168f017eccb2a611edaf', '2017-03-31 11:10:42', '2017-03-31 12:10:42'), ('303', '2', '1afa9cc83f9584483b480990c635140c53a839638025850ac7cb48434baf211c', '2017-03-31 13:55:28', '2017-03-31 14:55:28'), ('305', '2', '60d44c375f3535399745d4a7db72247bf06d110a41bb1bb3e6811d843295d531', '2017-03-31 14:09:16', '2017-03-31 15:09:16'), ('307', '2', 'd410a83dec531007be7b3f7ec220bc82ba49b75d424b04bb14843ce8ec455fcf', '2017-03-31 14:48:26', '2017-03-31 15:48:26'), ('312', '2', '321bc2604d0d393af3dec85399d043cda91f945e9188c4767a6af953376d7416', '2017-03-31 15:39:08', '2017-03-31 16:51:25'), ('326', '2', 'fb47f82220d7c0a48f5a2c614f59074c2aead456fb21c5c8f2def3cd5d124ab5', '2017-04-01 11:55:42', '2017-04-01 12:55:42'), ('327', '2', '73df9c443d7dfd18d2b10ad7bbe095322e5f805714928eb95211f02c7348bd13', '2017-04-01 13:39:44', '2017-04-01 14:39:44'), ('330', '2', 'e19e6ef68ade49787927bf74b7856f7de816687b60c1947fb9212c06507bea9e', '2017-04-01 13:56:39', '2017-04-01 15:08:20'), ('341', '1', '6945b45870f1419051445baa2e7169b95b1a74307caaf422f308c56b6b3d7b83', '2017-04-05 09:21:20', '2017-04-05 10:21:20'), ('342', '1', 'a11560f2634f0cce410404c618aab47019083e55d0d5e15cd75b546f7a84bc71', '2017-04-05 09:35:11', '2017-04-05 10:35:11'), ('343', '1', 'd5cc5267633140f4960030d21d325476a01aea86625f48388f954268d5b0e34c', '2017-04-05 09:35:14', '2017-04-05 12:25:51'), ('346', '2', '665b9d0207a19bcd52d268746189f18bc9ca3dec01259ef2430ad07fafb76be6', '2017-04-06 09:53:25', '2017-04-06 10:53:25'), ('351', '2', 'e9ef8403f2698940b48821a5095bf000955f7bec46b260ab606ee2a285b22c47', '2017-04-06 19:21:31', '2017-04-06 20:21:31'), ('352', '2', '52a85cb07c38f50ac814093195bc29671ec7b4ffe0ccf8bc659aa4d159ba8644', '2017-04-06 19:21:31', '2017-04-06 20:21:31'), ('356', '1', '38234fb74d8908ee41e55c24ab6317a7bef003c96baabbb089cda9f06faf7016', '2017-04-07 09:16:52', '2017-04-07 10:32:04'), ('373', '1', '9bdfacf21e90ef00896f0d133d6124cbee76399b801e1a3f0f4f95e1ab7d31ef', '2017-04-07 17:06:31', '2017-04-07 18:45:01'), ('380', '1', '36c4dd9a304bed528a9d80cbad5df1200d759dc5f8b145e554a27bb01abdd94d', '2017-04-08 13:51:20', '2017-04-08 14:51:20'), ('382', '2', 'eb92c4185d0948f6b1408ed604a191352c5925f60fc3ca308a5bc2f0078cda2a', '2017-04-08 15:24:48', '2017-04-08 16:41:33'), ('402', '1', '8807d11ddda3eb930ce94820559f84d9c40a387bb2760582da6df5ed2bd23147', '2017-04-10 10:50:00', '2017-04-10 11:50:00'), ('404', '2', 'bbb7e58cfb2e61813e3f52a9ce47d368a430a126a46081b1090a3dbd70745385', '2017-04-10 11:16:15', '2017-04-10 12:16:15'), ('407', '2', '9afe3becfd75bf38d57ddcef2c699fa539e2db4ddef4ead65c04612e62049398', '2017-04-10 11:19:07', '2017-04-10 12:19:07'), ('430', '2', 'e846b19e8ec65daa7d77d903f91d91ee4c10c7a010c70604e49147baf2010683', '2017-04-11 09:43:47', '2017-04-11 10:43:47'), ('440', '2', '489df7ac5278bad9211987a66b8fc9b8b0def2c9f9234c045de829b316056af0', '2017-04-12 09:59:36', '2017-04-12 10:59:36'), ('441', '2', 'a4b9644fe11e85b06fa480394390ba57021e146592bbc9cbf57d5b233e460490', '2017-04-12 10:05:50', '2017-04-12 11:05:50'), ('459', '2', '671b6dd3f7ea8c66b6565f7d2a45fe8435c247db2e72d47812a325fe3de14c0f', '2017-04-12 15:24:23', '2017-04-12 16:24:23'), ('463', '2', '34e818065e42bdcc40563593fd6d18e94824949515451b9034e638357bcc229d', '2017-04-12 16:35:28', '2017-04-12 18:44:20'), ('464', '2', '59d9c62ee050aefd4b867af20f56eba3f499a11b777ae60c12a1549d8e05d22e', '2017-04-12 16:35:29', '2017-04-12 17:35:29'), ('465', '2', 'a6fc19b3f27906791872fd9735f90fcc249f47dddc6065de0aff7f3f2eabf88d', '2017-04-12 17:14:56', '2017-04-12 18:14:56'), ('466', '2', 'c1345bde244b002e0e13b7571bba575ef6f27c6f0a4ed7d1143320e018e0dac5', '2017-04-13 09:29:09', '2017-04-13 12:08:57'), ('501', '2', '22b8c2b8064d3ee64aa55630f804a67a3451b4b14f08377e0f40663a51f3834d', '2017-04-13 16:50:05', '2017-04-13 18:39:12'), ('502', '2', 'd17ae42593887bf307a3ed0eb5c41f98421ecd09453e043428617444fe4fb8cb', '2017-04-13 17:11:15', '2017-04-13 18:11:15'), ('511', '2', 'e661a1d35213914499de611fddb22db336fd0600cb01919f9805eb686bab6b22', '2017-04-14 12:09:46', '2017-04-14 13:09:46'), ('513', '2', '9573a3b5b9e02b6a80ea509b23933f629a779c2aab96c1510750b7eb730cc64d', '2017-04-14 13:40:54', '2017-04-14 16:49:55'), ('521', '2', '598e2c1d82ebcc92c2536a88f5ea228f6f570041071851b8a321c0e302207dae', '2017-04-14 15:27:09', '2017-04-14 16:27:09'), ('525', '2', 'daff38de4097aadd6106b10c50c56119937a295528f944e4a4fabc9bb6da7717', '2017-04-14 16:54:33', '2017-04-14 18:33:36'), ('527', '2', 'd1a1677c463c299027a5f3996904447120a52247da915b0eaaec5283aa6642d9', '2017-04-14 17:09:32', '2017-04-14 18:20:08'), ('528', '2', 'bf0e8c1b9c76d5425c20ba52da025f36f6c52608d8919ea673303098fcf06cc0', '2017-04-14 17:11:28', '2017-04-14 18:11:28');
INSERT INTO `sys_token` VALUES ('529', '2', '10a30a91ee2a3e2a12f74c04308904f997dcd71fa12b7fe907fc4d7b5bcd4bb3', '2017-04-14 17:14:42', '2017-04-14 18:14:42'), ('532', '2', '864c4c4860d7d0e4234c40396564afd19f5d2847cf946036fe7c7c97cbda2cfb', '2017-04-15 02:36:58', '2017-04-15 03:36:58'), ('534', '2', '968f901d61d7ffcaf23ea6689f085343c9c0fc216eb2d9028a1b2bf83dd450d1', '2017-04-15 14:34:16', '2017-04-15 15:34:16'), ('535', '2', 'd40ce3d0d4645d5c88502b5376834139d116b19138e841cd0c83aedcaf923cb6', '2017-04-15 14:34:16', '2017-04-15 15:34:16'), ('536', '2', '62cca614900d33d412aca327ea52ec209790eff3631af05f76fb35714b76a5c1', '2017-04-15 14:34:16', '2017-04-15 15:34:16'), ('537', '2', 'a6e28691acaf7777843c9d9f7a3dc133d3d977449f5a1055dc2ceb7ea2d225f7', '2017-04-15 14:39:59', '2017-04-15 15:59:09'), ('538', '2', '8b80f783896f76864cd39f4ed75d0bb0c4f4d42e4eed04256f86ac5d367f5f84', '2017-04-17 09:23:08', '2017-04-17 10:23:08'), ('544', '2', 'af02f3d47e034439d2facb698fb124a839ac9d1f498efbd9dd20cd8c49f86cd7', '2017-04-17 10:20:05', '2017-04-17 11:20:05'), ('545', '2', '45f39edde315a553a754c58cb502fb90907480c3701504f389c35a83dd5bc6d4', '2017-04-17 10:32:21', '2017-04-17 11:32:21'), ('546', '2', '5a81d2be1d60f38e7d8ee13c095e4c4b02d0972bca38c6852cc0fd914e6488b7', '2017-04-17 10:33:30', '2017-04-17 11:33:30'), ('554', '2', 'dfec9181b774f5e8e5f015e0da8b84c56e6877e4270926460e50003da50fe017', '2017-04-17 14:16:05', '2017-04-17 17:06:16'), ('555', '2', '3675adae112923cbbd95646a8ef8b1e04613b736bbd5e948e971462cd07b1144', '2017-04-17 14:46:35', '2017-04-17 15:46:35'), ('242', '2', '64b81e7301a2638a12d1c6df888a68e6651fdc6177ddb03e51f5d91f2e319249', '2017-03-28 15:21:28', '2017-03-28 16:21:28'), ('257', '1', '048c2b4b89f7a7a51e0074dfcb352dcd3105af3b11ada93102c32fabf51977d2', '2017-03-29 15:16:34', '2017-03-29 16:16:34'), ('292', '1', 'eaee1e74f5fc95557c534984b366b4910a53422dd0c5ac9f404331c996899920', '2017-03-30 20:40:06', '2017-03-30 21:40:06'), ('364', '2', '03c580abf004cb17abcc05900d2a85259b5ec6c5415123bd813d84711952e60b', '2017-04-07 10:35:03', '2017-04-07 11:35:03'), ('376', '2', '7c9a38fc96029d90985d00f8d5b89ab002f376a8a064ff15914590ce144dbbad', '2017-04-07 17:27:57', '2017-04-07 18:27:57'), ('379', '1', '8e0e39b26161d69f58685d3eb890c5f0e7d45126388911b16a7f52fe547529d9', '2017-04-08 11:30:09', '2017-04-08 12:30:09'), ('416', '2', '538c5f0d6638e946507ee60d3b04b18722f9d8b138547315112df4d9a62bd621', '2017-04-10 11:29:22', '2017-04-10 12:29:22'), ('422', '1', 'fb7e46a7347ba214e72d14fdaeb3a2aabcccff5210afdd3c4df981510dba3f50', '2017-04-10 15:08:08', '2017-04-10 16:08:08'), ('424', '2', '0aa3d6368c5090e2016c0885cfe62bd7ac8e0594e111288b3952cb622a8113fd', '2017-04-10 16:58:04', '2017-04-10 17:58:04'), ('425', '2', '9a75dc6a18a006ba848ad4a82c81b895df7a048e66d51ecea066f3d0672efdec', '2017-04-10 17:00:21', '2017-04-10 18:17:59'), ('426', '2', '26e98a2d57b05302197db28fe5b3657d7e4f18b3c7261a35be0e72e646de0f46', '2017-04-10 17:04:02', '2017-04-10 18:04:02'), ('427', '2', '96bb9289b7e516557ce32df992f3cc62e984af638c8cd0827b0b3dfc88332d4c', '2017-04-10 17:49:06', '2017-04-10 18:49:06'), ('428', '2', '8f3c097b5d0952036f6ae300d043c3b88f502c826649c51a55219641fce94a4f', '2017-04-10 17:49:30', '2017-04-10 18:49:30'), ('462', '2', 'bcf406019b84f8dac5707b38b6bfa583b86f302a1988cd1df3323ee8e9ff96d8', '2017-04-12 16:10:26', '2017-04-12 17:10:26'), ('548', '2', 'd585fffc1047e13f732f5d413fa1a6f1cb0562b6fe0188ddb1199715883f55f2', '2017-04-17 12:17:30', '2017-04-17 13:17:30'), ('556', '2', '37715007275b7790bec3231d585bde611838bb148f71e2675ddf268bf31cb1ff', '2017-04-17 15:17:16', '2017-04-17 16:17:16'), ('557', '2', 'e3dcac11af85061577d1c2868dd86040544deb6d6665db4e36036994f8ccbaa8', '2017-04-17 15:45:06', '2017-04-17 18:04:45'), ('558', '2', '99ae6e3ccd33ba4210407a9dff39e4c5a785c8cfecaadf8db38b8f3c5cd7bfb3', '2017-04-17 16:40:45', '2017-04-17 18:45:41'), ('559', '2', '5b84d6b1f9431336e4e01b7d0a0fafca271ffeb5d9a90d12adff3a5f94b1108c', '2017-04-17 17:36:57', '2017-04-17 18:36:57'), ('560', '2', '28c9c2fe5273a164d2319ad9c8ee6f918fa2009e8d05a1046bbba39cb63a058c', '2017-04-17 17:37:01', '2017-04-17 18:44:01'), ('562', '2', 'd84230b7ef0d7863af432d15eefeac94f53566ec31dff3c51ce00ffba237a428', '2017-04-17 18:39:05', '2017-04-17 19:39:05'), ('563', '2', '999062ef240bfd68e1174e228fcec464b0601c776d7f1aabb76d2abe48089e04', '2017-04-17 18:41:00', '2017-04-17 19:41:00'), ('564', '2', 'e6ac0624653abb6401f99bce9d0fdc0b960b30bd12002137b5559342c6ef40cf', '2017-04-17 19:48:41', '2017-04-17 20:48:41'), ('565', '2', '8cf210cf54199df88417471a548848c66fc7c017ad18e4cd4466080916e0486b', '2017-04-17 20:22:47', '2017-04-17 21:22:47'), ('567', '2', '627de128a3a1120abe2a3cc41b3c72bc9b3d908d1b1832a6dee9538d9ef0e6bf', '2017-04-18 09:09:37', '2017-04-18 10:09:37'), ('568', '2', 'cb910013ad1af43bad9d7b79c642888732dfbde2fd965f9fba72d41992f88c97', '2017-04-18 09:37:51', '2017-04-18 10:37:51'), ('569', '2', '40f494be0ecb76fdc021179ef6d016a8dbafb63c609e5be757b985cdc580a2d2', '2017-04-18 09:51:20', '2017-04-18 10:51:20'), ('570', '2', '1ec03716035f8b09cc120ae1eaa4d5967ab4fae33f0c10a857bec048a813b790', '2017-04-18 09:53:25', '2017-04-18 10:53:25'), ('571', '2', 'ca9e955d85fe943ab4e5711b1d65b62f444dab24669dd92b2b726025a339cd5f', '2017-04-18 09:56:25', '2017-04-18 10:56:25'), ('572', '2', 'efd5ce316fafe23646382231aecf55c7bf0d2f40cb24e01cac4c839417c3068e', '2017-04-18 10:15:36', '2017-04-18 12:29:37'), ('573', '2', 'be91f8fba53a1968d8320a7df6ec44925b531c6f1faaf47012a300a9a5cc3710', '2017-04-18 10:48:49', '2017-04-18 11:48:49'), ('574', '2', '4c3f8d272197415e0a91516722ce03db583ecec2fed844d7fdacbaae1e864af4', '2017-04-18 14:31:06', '2017-04-18 16:00:43'), ('575', '2', 'e9b9de35a0df678e3e0eabb63202d4b7b6390273bfcbd867732d3831e4206c16', '2017-04-18 14:37:02', '2017-04-18 17:05:45'), ('576', '2', '27f8ace2525b19a6d8870bf00d2c879cefcbffc741e21b237eec99cfed60b2b0', '2017-04-18 14:59:04', '2017-04-18 15:59:04'), ('577', '2', '1e4063d8e23f2445295342ad17c31853ac2d90e99ef637af866ea619e9b147eb', '2017-04-18 15:31:31', '2017-04-18 17:49:58'), ('578', '2', '7bc893145fa5279fb1dbd4c46752fc0a2e5277ec97e0de0e049f6bdd268302e7', '2017-04-18 17:17:46', '2017-04-18 18:17:46'), ('579', '2', '177cb6aa5a3612e6bfba5f9d3a981577001fca4582381dd3ecbd098acccc4c3b', '2017-04-18 17:20:30', '2017-04-18 18:20:30'), ('580', '2', '7c064b6c13bbc7494d64e4d25a749e177efaf555171aa7c181d2ee455bd1651d', '2017-04-18 17:25:39', '2017-04-18 21:08:56'), ('581', '2', '5025f6c2a988a6c9fbe105e9f1eca6b7637a57f2e22b629ea8a5629817333421', '2017-04-18 18:38:23', '2017-04-18 19:38:23'), ('582', '2', '8469c2a867aeb8caf204a144233a7e31b55bb4245c52d866c109bf5d77131d96', '2017-04-18 19:44:39', '2017-04-18 20:44:39'), ('583', '2', '56d9ce5784ff37dea3ce7c76b71406d55220eca4e9a8458e8034b9ca8dedb386', '2017-04-19 10:02:30', '2017-04-19 12:26:25'), ('584', '2', 'd51dc68032daa37cf424b90f5459d5034605e9ecd0bb3e3b02681ddde4098ced', '2017-04-19 10:09:39', '2017-04-19 11:38:04'), ('585', '2', '47c00d3066f581bc0abf9a0ae4fe9b5bc23690f24f17c79cb6460b175fc50fab', '2017-04-19 10:18:08', '2017-04-19 12:19:52'), ('586', '2', '9e1948216b6147e1e69a48965d8e59f600e3536bfb007d93ff0b4e9dd89e836f', '2017-04-19 10:46:48', '2017-04-19 11:46:48'), ('587', '2', '3181aa4e67efe2b50af437ee9d547ceb18063a32a35b1a3c1d3e5b9f3beb2661', '2017-04-19 13:45:37', '2017-04-19 14:45:37'), ('588', '2', '871bc534fc50820f68431680773101da739716756d76095ba8d9578b991d3b25', '2017-04-19 13:56:50', '2017-04-19 14:56:50'), ('589', '2', 'dc697da1b010b3ffc8f6e5a321b53bd38acdab38f01bf0955598be869f650c00', '2017-04-19 14:03:15', '2017-04-19 15:57:11'), ('590', '2', '764eb2c68603d9033cedc5e0e884fed1af5d68a2bff3746403d17067f0ea946b', '2017-04-19 14:17:18', '2017-04-19 16:08:31'), ('591', '2', '82adc31bad627bc51372ea1412d3ce9dad54b042d57e8f0d5c1156ba8137b9e7', '2017-04-19 14:19:40', '2017-04-19 15:19:40'), ('592', '2', 'c4ac1d38b0c36cbc107b2b9125d4d4d150b666d3491e36bcd831017e89d37a07', '2017-04-19 14:20:27', '2017-04-19 15:20:27'), ('593', '2', 'fb821c493e74f6a45f65a44ad124e3daa986a60cd2d36d6b28a67332486626d2', '2017-04-19 15:39:09', '2017-04-19 16:39:09'), ('594', '2', '6c1d8502d1152fbe610b4dc7309c403c048c564d3bc849251d24db83192b5efa', '2017-04-19 15:45:18', '2017-04-19 17:08:39'), ('595', '2', 'ecc99b745c6de0dd801a04881878fd089be64955e26f36eebfe67454155dfa4a', '2017-04-19 16:05:38', '2017-04-19 17:05:38'), ('596', '2', '63b3ae6f56a2ca4ed3c67ad7226d712518e882592ca7156595798af9ada934d2', '2017-04-19 16:28:57', '2017-04-19 17:56:47'), ('597', '2', '9a12e06f32b8291440b40cb691d7591f770d75c31184a4c96c236faf8fb045f7', '2017-04-19 16:40:10', '2017-04-19 18:05:45'), ('598', '2', 'ea6519ecef7ff123b46a786607752829974ed9aa022dafc4a9764a2e17573ea4', '2017-04-19 16:42:51', '2017-04-19 17:42:51'), ('599', '2', '419fdb5b80d4051e92f7593f28d228daecd4d3e17891c99aee9b12fef7f3c125', '2017-04-19 17:13:55', '2017-04-19 18:13:55'), ('600', '2', '48329493e3f6f848187ce0918f7acdfe39dcfa494367993084a04959d2b00039', '2017-04-19 17:22:52', '2017-04-19 18:22:52'), ('601', '2', 'd636debb525239f05ce2c4b74bed63f04532ced08ef71fbc9bcef0c2c1f3405b', '2017-04-19 17:25:53', '2017-04-19 18:25:53'), ('602', '2', '53bd89a3daa12d057bfb1e91380a65c34717aac96f9ce7651aed3801a4aa8fe7', '2017-04-19 17:29:35', '2017-04-19 18:42:03'), ('603', '2', 'e3b33c741b95d55ea9027b2da11a52d9d64e5da14003d6644c378e43fe5bf408', '2017-04-19 17:46:45', '2017-04-19 18:46:45'), ('604', '2', '2dabc0ec1e71cb6b0131ce2f5e65ff42bd235c30a1a28518a47bea9264617b28', '2017-04-19 18:17:41', '2017-04-19 19:17:41'), ('605', '2', '16066734bbdf309a72ac16172746807a6b15b63e5671424cacd160f4ad7099db', '2017-04-19 18:26:52', '2017-04-19 21:41:45'), ('606', '2', '06b1d0b22a00cc85368cf6e0e5f3198e5759eaf12a31d2624952954a6b92f6e0', '2017-04-19 19:47:39', '2017-04-19 22:36:41'), ('607', '2', '6f0e2b92d99407e0cf239f6a24ab35872207f3c4bd2538021c8ba733fcaf04b8', '2017-04-19 20:28:58', '2017-04-19 21:28:58'), ('608', '2', '34d6e58e13e2a05b48aa4fc60144f9bb22985e673cb0d92c4080b7b7b91bc77a', '2017-04-20 09:48:46', '2017-04-20 11:52:27'), ('609', '2', 'e8fd908748fd950a7a085d07b54ef7285dc45f194153f5b6f71218ce140596fa', '2017-04-20 09:53:04', '2017-04-20 10:53:04'), ('610', '2', 'dc3fef648cca6551ef74676552252b0da0ab5ab75bbe3ab063c8ad8a74c5c032', '2017-04-20 09:53:05', '2017-04-20 10:53:05'), ('611', '2', '68c1b53840a9e8f2095311d4423f7cf1c9c6773ba0117bddefb08d7af1040e09', '2017-04-20 10:57:57', '2017-04-20 12:00:35'), ('612', '2', '6c8f17f0a2fc7a174690c5aad6e8ee9d42a6ec0cf24d4a99e9013d3070105704', '2017-04-20 11:17:16', '2017-04-20 12:17:16'), ('613', '2', 'bbefaabfe757ed209b346a607ecc566b290694e3ef5f2ffc5427d1ea6530a123', '2017-04-20 11:17:17', '2017-04-20 12:17:17'), ('614', '2', 'd95e331218b7f8cb1a50ff47fdfe95af26a8b33095f577ce1ed37f928934e31b', '2017-04-20 11:30:50', '2017-04-20 12:30:50'), ('615', '2', 'deb17ff4f720b0148e9f2015b6b18c76f40119970c7b7eec530867739ce8b35b', '2017-04-20 11:48:28', '2017-04-20 12:48:28'), ('616', '2', '267b8361fac3ad7ae8c31de4bcf7635addcdbb4fb21ec85987b1a61bc769961e', '2017-04-20 13:41:28', '2017-04-20 16:08:57'), ('617', '2', '2bbc3ed5516bce120c5da15648627f44a6a4361e8f64edcc8537716dc373f641', '2017-04-20 14:14:10', '2017-04-20 15:14:10'), ('618', '2', '1ca3c1760d473978c336d83c1851515ee16ec71981f67e5d2708befdf3359ad3', '2017-04-20 14:18:00', '2017-04-20 16:16:13'), ('619', '2', '86bd1706e373319e9e13925ee3e159ee83367ac5a5d57d15dc2641bd0486fc56', '2017-04-20 14:54:35', '2017-04-20 16:13:02'), ('620', '2', 'a3a4140f46976cfc6c649adb4f185d72f902fbba0ebcdc33edf542c84853fd78', '2017-04-20 15:54:02', '2017-04-20 17:16:50'), ('627', '2', '6eacb04121aeaa1a74dc0e8e9e397f14985a310b8b9342c5356efbfa6fb15b1c', '2017-04-20 20:52:05', '2017-04-20 21:52:05'), ('632', '2', 'd63681211db9ff4ed67401db3a2f653c10a70c8ce1a3b2a256b8ba84b8fc1790', '2017-04-20 21:20:46', '2017-04-20 22:20:46'), ('633', '2', '4a13bca75f941c1d9c0b08311b439e1ac0108f7aecfb7b6e1143d33a6f032e42', '2017-04-20 21:21:16', '2017-04-20 22:21:16'), ('636', '2', '0f168fe5ab50f1d228877993726749ca217d2d17461daa012d40d12ca917927b', '2017-04-21 09:57:22', '2017-04-21 10:57:22'), ('637', '2', '2641064ba4eb9cdd2cf99a6eb46316f19b790d076a9f0921c7c0faa370c07445', '2017-04-21 09:59:36', '2017-04-21 10:59:36'), ('638', '2', '0820433449b51a576e0d192c60eb2830eca165daa018fd9c76c52d2bf6fbc0c3', '2017-04-21 09:59:39', '2017-04-21 10:59:39'), ('639', '2', '61f51ce364f075f098b4e189645475ecb2029ef2c8af07b713fa19430a0232b2', '2017-04-21 10:01:46', '2017-04-21 11:01:46'), ('642', '2', 'c072ea0fa85763050c166b185b842116b4b2ca3aba5caf7950d10ade252809af', '2017-04-21 10:36:35', '2017-04-21 11:36:35'), ('644', '2', 'af66d13940c26a260c5ed63b1ef7dc5aefc67e503c4c34a5894512f47fd50437', '2017-04-21 10:44:27', '2017-04-21 11:44:27'), ('649', '2', '1b94e4041e04f06a2f08ee581d110156a40b2dfe56fd83c6a0e4124ba6fe9b83', '2017-04-21 14:00:54', '2017-04-21 15:00:54');
INSERT INTO `sys_token` VALUES ('650', '2', '5defbc85461c62faeb13ee188b8ecdd40c316780a5ce996bc2d067989803cab6', '2017-04-21 14:02:36', '2017-04-21 15:02:36'), ('654', '2', '0f447b0e1498bf4d6f64dd5d7f42759963ba134c80f257089fea3918cd83b541', '2017-04-22 09:58:06', '2017-04-22 10:58:06'), ('661', '2', '4ac66dd17fadc95fac967083e53a5b69a84d3cacf4a03e7938370d59dac3389f', '2017-04-24 10:03:36', '2017-04-24 11:03:36'), ('662', '2', 'a92d486f5a79f1c4ccc84eb2020090499808ba6dbb32a604ecfe54bc0fa1f0a5', '2017-04-24 10:26:08', '2017-04-24 12:08:30'), ('671', '2', '2a2ad174251e8cd101905f5add24430a33ef66416a8d7e367cc4846d4ddd8b70', '2017-04-24 17:50:07', '2017-04-24 18:50:07'), ('676', '2', '9d199cddcb573430ca9a732fc23495bf775939b4497178c9a443725ec18b472a', '2017-04-24 18:15:20', '2017-04-24 19:48:23'), ('690', '221', '7ea69139d7b6b40a76863c5be438c0800d89a83910d5303fb08b408297b9379a', '2017-04-24 21:10:02', '2017-04-24 22:10:02'), ('691', '221', 'ca74633327f189fc96061c5416ced90c9a50ec24a0a443d2bd276706677918a1', '2017-04-24 21:10:09', '2017-04-24 22:10:09'), ('693', '221', 'e5e6fd92b453bb25ce11fdcb4e3ca3aaaec06f60c46a5f32c517147b43751b7f', '2017-04-25 09:43:12', '2017-04-25 10:43:12'), ('696', '221', 'a9e99aee5fc386d7e805ac8f6b0cb85aebf8f977f3b4005b0cfc7d312c438003', '2017-04-25 15:24:41', '2017-04-25 16:24:41'), ('698', '2', '0a7ad4c31191780bf8dc5cdbf7bdc9b636ca40fa69cc446a5cdc84698c53cd02', '2017-04-25 15:54:55', '2017-04-25 17:42:52'), ('699', '2', '48c39ab92d9a69e59dbe661701fe546a23601b19c0753ae8102e6fea421cb523', '2017-04-25 16:09:20', '2017-04-25 17:09:20'), ('704', '2', 'cd35bf1e5c2e6390e61e92c9d19bcb003d45dbd5c7575f9a1bf4488ff0fddc80', '2017-04-26 09:46:00', '2017-04-26 10:46:00'), ('706', '2', 'ea8415b33704403491b94e67608456b46fcd46affcb5b48842d927a0b4249227', '2017-04-26 10:51:24', '2017-04-26 11:51:24'), ('710', '2', '9c48506d4819ff460b7ddcf57e1937a43a34438ff61d4ff77de0c81c769c742c', '2017-04-26 15:19:51', '2017-04-26 16:19:51'), ('716', '2', '5a1fcb8a1389051386fdd45ff815adf66cbfd83547a76386cd781ac70521e617', '2017-04-27 11:56:49', '2017-04-27 13:19:23'), ('727', '2', '8d0d2517b8b286ebbb2643a57d079e9d42b2a05a3b6086b61a0839f13c1978a2', '2017-04-27 16:49:25', '2017-04-27 17:49:25'), ('728', '2', 'dc3b4ed3650ebf0d013f87f544f30e052b7bc2213f03fe3514b29aae1330b8e6', '2017-04-27 17:07:44', '2017-04-27 18:07:44'), ('732', '2', 'b087c3e5d03cdd1e2d6c95b20e65ac7ccbe00b2b337230858cba6fb176ba0d7c', '2017-04-28 09:27:43', '2017-04-28 12:05:41'), ('739', '2', '4968bff0dd08bf8ba71a8a286beaf2b8709e2aabd6664d612eaaf21a57d1f0d0', '2017-04-28 14:10:02', '2017-04-28 15:27:22'), ('742', '2', '1c5556ba4f916ac4764b496b579abda3296fb72df673291d5fd0a892b275c792', '2017-04-28 14:53:16', '2017-04-28 16:27:17'), ('743', '2', '56b8dc3de3c2f426598595d8017b96893a6030413cfd18d4e7acfce8a499313a', '2017-04-28 14:57:29', '2017-04-28 18:04:44'), ('744', '1', '52ee03e45cfb77c9dbe573d125bcce016ea5617c55085a0f1eca10a8c186dd73', '2017-04-28 17:04:11', '2017-04-28 18:04:11'), ('746', '2', 'c8fead09fee5a06c578bd9c6452204432341f4fdec60c35adef7d753793fd804', '2017-05-02 10:56:40', '2017-05-02 12:28:32'), ('748', '2', 'cacb96e185d54565b19315e0fcd3a3204a3273e3dfc048d7e0316a040725b095', '2017-05-02 11:39:49', '2017-05-02 12:39:49'), ('750', '2', 'f023d63ad314b815bc66dde0fd3dd843bda18812b5c9fba3577b6506ef013841', '2017-05-02 15:47:35', '2017-05-02 16:47:35'), ('774', '1', '6065aaab790c84af6449ee36edb27c97004a1e835d3b4e6f01c157cb21768187', '2017-05-04 10:48:33', '2017-05-04 11:48:33'), ('775', '2', '4d372a22cc3df29f2addf8e561f266aad835727f783af47519dae3c7d8707c87', '2017-05-04 10:50:59', '2017-05-04 11:50:59'), ('776', '2', '0641032773d14973074449b2edff44a97c3c0520cccd1c4fd04074327527cdb5', '2017-05-04 10:52:30', '2017-05-04 11:52:30'), ('777', '2', '45605ebac0c2df37f09190b04750948b67ab9de6f9420b07a7f4b2bedc241229', '2017-05-04 10:53:24', '2017-05-04 11:53:24'), ('790', '2', '59efb844286944275cfebbe7ebc35be4a72b90f39f0c68567281af75e37b07bb', '2017-05-05 09:27:42', '2017-05-05 10:35:29'), ('791', '2', '0766a87aaf0cc9dcd8f1abc661f8b3d8a5d5601ab41f4de8598425b6e4c870d2', '2017-05-05 09:53:46', '2017-05-05 10:53:46'), ('792', '2', '1df0bc8af894f0b0924bcacd501dff147c58f2a189354d3b49fafbc5519d3754', '2017-05-05 09:54:28', '2017-05-05 10:54:28'), ('796', '2', '86ec91b7f5136c113aab8e878dca84e872cc1f39d4cfde6a8c90be66585e8c3d', '2017-05-05 14:58:43', '2017-05-05 16:22:52'), ('798', '2', '24abe6abc990f422a7893b0b1c6ea9327f82558def18e92ba4a980e6abfa2c08', '2017-05-05 15:30:28', '2017-05-05 16:30:28'), ('805', '2', '2153e780a183a99cf7d56ff39100197a4f464e7c803ff3dcda1c1878a7db723d', '2017-05-08 12:11:33', '2017-05-08 13:11:33'), ('807', '2', '4dee798d9d8c4de86d0c7b1bbde195e93f5922fa755e3a3030ac59855b31271b', '2017-05-08 12:59:49', '2017-05-08 14:23:33'), ('808', '2', '3e0643ca6498a1218a6e89cd2f3a3c41f4d72e54fd9678de4f854cf968fb38e2', '2017-05-08 13:39:37', '2017-05-08 14:39:37'), ('809', '2', 'e319fc65746296c89e60c4eb78c1dc64730ee58cf3cccc6302cc85821a705817', '2017-05-08 14:07:29', '2017-05-08 15:27:35'), ('811', '2', '8dc77020f3d7940bd5c3400a29c00ae9de8c8390230d820c60649aef9f457a77', '2017-05-10 17:38:05', '2017-05-10 18:38:05'), ('865', '2', 'c38cd3746de261e6dc460caf0b04a73d8261121b5e560240d79c41014efc1acf', '2017-05-11 16:50:31', '2017-05-11 17:50:31'), ('869', '2', '6759e8b8b919480e063b988c72560a6c5fbd9f7be33c9c3e92c939528f216fee', '2017-05-11 17:14:37', '2017-05-11 18:21:23'), ('871', '2', '6b0a09bcff8557e4deb0d111ba5a5d69016a07a0002df6e0fbf2fc70fb0eb0f7', '2017-05-11 17:42:26', '2017-05-11 18:42:26'), ('875', '2', '09d22ec3d4c44e5cf7f13f5c1e310b3187ccada6583fdeb3eacefffe79fd4146', '2017-05-11 18:19:56', '2017-05-11 19:19:56'), ('877', '2', '44188e186a1ed9c64e7c5c567e6f3ef46c1a937c4bc2c5975b492f36fe0c396d', '2017-05-11 18:26:56', '2017-05-11 19:26:56'), ('878', '2', 'de806e1b70df7dc94544a712a4167e95c35e2ecfba4c0f6c01ebe1d8c48c7339', '2017-05-11 18:39:22', '2017-05-11 19:39:22'), ('881', '2', 'f96b50120e9f7bb8ee6afd7e5386dbe42e496c1a1e53d2f1770772435a19796a', '2017-05-12 12:30:02', '2017-05-12 13:30:02'), ('884', '2', '008128b5bfba333c0a820df82616a32125d6c3753fccb2a51ff0245f5c265b1d', '2017-05-12 15:16:40', '2017-05-12 16:16:40'), ('887', '2', '43d2f4f83e7fc4396bc5e6fd7a47e17a0d5e12386a454a36b9e84c0538fd9b44', '2017-05-12 16:03:30', '2017-05-12 18:21:42'), ('888', '2', '9826c09ee596bf65fc97c144b2621ab9252adf9313e2c13b119d8bf3cd5f5373', '2017-05-12 17:05:39', '2017-05-12 18:05:39'), ('889', '2', 'f4e848b66a191359e53110dce46fc6fe7145e2fdefc5df37e76a20eca1eb17a9', '2017-05-12 18:18:27', '2017-05-12 19:18:27'), ('890', '2', '06f7652b04aadb9233c1ea69a087552bad8af27ddb2606e8f7df630ec9902ce0', '2017-05-12 18:19:05', '2017-05-12 19:19:05'), ('901', '2', '5eaf3174673504398a64f21a6e8856dc194f987f60d17e1ea0446bf8d5394a95', '2017-05-15 09:35:00', '2017-05-15 10:41:35'), ('905', '2', '11ac09ae23bd76e3d8f3702a84026c7c1652da50095ef9081737383d9c6d7021', '2017-05-15 12:06:32', '2017-05-15 13:06:32'), ('906', '2', '087bdc903669e1161d3e2f55e0b143e33efe96359e60e4ef976b99151aff0849', '2017-05-15 12:16:11', '2017-05-15 13:16:11'), ('937', '2', '272d2c4cc08bfd0c1a6e14367dcc567818f46da73a6a583a49673ea741f995e0', '2017-05-19 10:15:04', '2017-05-19 12:00:36'), ('938', '2', 'db5e4c610827fc6f3719b90e096ac36e3ea41e8fe99167faad2df6acaa19f76a', '2017-05-19 10:15:32', '2017-05-19 11:58:45'), ('941', '2', '34a8592eb4e5c45d9dfddefef47c05b43b7aaa4f524aceed960a10d7588cd459', '2017-05-22 09:12:32', '2017-05-22 10:12:32'), ('942', '2', '626b961f5a3f1755026092e70fff1f982b8ced3c0c2aa982ca4a4aac480800f0', '2017-05-22 09:22:45', '2017-05-22 10:22:45'), ('943', '2', '20fef67ddf4f7f50f011381ae74198bfcdfbccd2004f01d696d14bb11e187a9e', '2017-05-22 09:29:37', '2017-05-22 10:29:37'), ('949', '2', '69d235604757eadf4c75df82ffe37b53190e493dda5b4d012f035ffe005c3c05', '2017-05-22 10:00:55', '2017-05-22 11:00:55'), ('956', '2', 'bc76b865cf36e8c6c11f26de9c612f81fc682873163b11e1d914878b52f45e1a', '2017-05-22 10:08:41', '2017-05-22 11:08:41'), ('960', '2', '0f3b94746dde6d1aba2397964c46e190c74815bac78a7870f2324d72d10b73b4', '2017-05-22 10:31:40', '2017-05-22 11:33:15'), ('976', '2', '27684d26c39ef16af6340404b5edfe6c024627ddde5afdd79b018a6436347150', '2017-05-22 14:56:05', '2017-05-22 15:56:05'), ('977', '2', 'b67536b4336eb68e0b34f106046dfd173d6b5716046d0ed885fcaa83be854f93', '2017-05-22 15:08:57', '2017-05-22 16:08:57'), ('997', '2', '412320db9e0fdaf3997795359cdd765235d8924db2b9cade1fb5253e88368949', '2017-05-25 17:45:52', '2017-05-25 18:45:52'), ('1002', '2', 'b2f0186bdcc2bc321839f426a57012c790a4c5a2ce2f5e36456c46ee26cbe8f1', '2017-05-26 08:56:54', '2017-05-26 09:56:54'), ('1003', '2', '47e26dcad58730b440dfc42539da9854c85dd2a7d39d0f9a3d9bf24b33154d4b', '2017-05-26 09:15:41', '2017-05-26 10:15:41'), ('622', '2', '998a91eb6f7b1be3723e1ee3b42ba55b3c4ffc5bb6ee0cbaa6aef9acea54ffc0', '2017-04-20 16:18:37', '2017-04-20 18:44:47'), ('745', '2', 'd525b23c085a0494c695035422d6dddaa35efa6fc370b4d16f24d46d5788fee9', '2017-04-28 17:36:34', '2017-04-28 18:36:34'), ('784', '1', 'a35616ac0bb14c5e2fa878be00cabc03aacaf614e5b3e4c11ae41d8407d97c04', '2017-05-04 14:24:02', '2017-05-04 15:40:14'), ('803', '2', '0852e8f8c034ae2b6a88493d66de32c53ac6a627b81297d8f105173a135c9c66', '2017-05-08 11:05:50', '2017-05-08 12:28:29'), ('978', '2', '8422b49a42aac7d2d941aa87bf90649eb9399696811eecf184b7a65429c4d139', '2017-05-22 17:04:20', '2017-05-22 18:04:20'), ('979', '2', '9fc5954a05dda977302066ce243ce2ea08f1a1e1add16631848eaa0081a9653d', '2017-05-23 09:36:00', '2017-05-23 11:12:33'), ('980', '2', '0f2735eb9f5396b984bbeb012347f5b26e4e8548223c64475bd0440d9b6eb7b8', '2017-05-23 10:41:42', '2017-05-23 11:41:42'), ('981', '2', '2964d19bc12fb1006832f8748db2ec2ff0ab7ce0b738d2328f80f4572bbda2c4', '2017-05-23 11:52:21', '2017-05-23 13:01:15'), ('982', '2', 'f50e4c2266e572273bb8a7d3681023c16bdacd2f9590106bc28b7ef5001aa31a', '2017-05-23 12:27:54', '2017-05-23 13:27:54'), ('983', '2', '5bf7fb429434c89f8dcf849b8748996c52b3f9f6dd1d62729b0e062d640d8389', '2017-05-23 14:08:08', '2017-05-23 15:08:08'), ('984', '2', '8437a316fa9c856e24adfced98aa9423c692008b563c22f48110361cd5e59e26', '2017-05-23 15:16:42', '2017-05-23 16:16:42'), ('985', '2', '686c364531a06535486575e0c5e00411b77cebd079e6a933f6f86b4afce989cf', '2017-05-23 15:17:05', '2017-05-23 16:17:05'), ('986', '2', 'f08f73c168fbd22c77ebf08184b5427a14893b36f084b455bd59c2ed7e841621', '2017-05-23 15:17:37', '2017-05-23 16:17:37'), ('987', '2', '47e64b852cbb20c085cae7d43a54bce6f9ca2e6b93bd8c59e364322f242523d9', '2017-05-23 16:35:03', '2017-05-23 17:35:03'), ('1004', '2', 'b97541863aafcbe0d18eb85193d6f32c97ecfdb9a00ca703bf1ca12367e29596', '2017-05-26 09:29:02', '2017-05-26 10:29:02'), ('1025', '2', 'f59dc3ddd86ac3b15a20f00299315baa904e3f62028497d99731fcf8edefa504', '2017-05-26 18:31:39', '2017-05-26 19:31:39'), ('1133', '2', '4240f50dadcb268b486e7df9788e824321f353c64b8f0b85552706d2b2186ce1', '2017-06-05 18:30:29', '2017-06-05 19:30:29'), ('1144', '2', 'e2275fe059768a4b98f184437ed8e9b29767a10c9435e67361217993600d1766', '2017-06-06 11:18:33', '2017-06-06 12:34:19'), ('1149', '2', '9c42148fcfbdfafef18c7f3763619abf4f99223fb36cb299532f234eb6fb2684', '2017-06-06 14:42:17', '2017-06-06 15:42:17'), ('1150', '2', '1479d8642739ecdd112ff4d0377088f75994c9054bad30e5b21201d3a1e0c083', '2017-06-06 14:43:16', '2017-06-06 16:13:51'), ('1152', '2', '9817a61883021a373d0ee0d7c939ca188d43af4dc41ee20fabbf7327bc0352fd', '2017-06-06 15:44:15', '2017-06-06 16:44:15'), ('1157', '2', 'b748999a40ece0f7ccc2cb4ceea55c50d90d429ecf7476a50be02b87ad5756d2', '2017-06-06 17:59:28', '2017-06-06 18:59:28'), ('1175', '2', '13e11f7ab4370bc51f5eb9ee1c43d36f407af13c00fca185271dd5ea9bae1390', '2017-06-07 09:58:50', '2017-06-07 10:58:50'), ('1178', '2', 'f9267816e7006a2963cc59079976a4539bf3a56aa6435217fff647276e83ae6e', '2017-06-07 10:05:58', '2017-06-07 11:05:58'), ('1179', '2', '09601656e5a40436068408e4680e885365f85708c4c78097a3f316b6171324a5', '2017-06-07 10:07:52', '2017-06-07 11:07:52'), ('1180', '2', 'deee704f03fd4265be7b4ea5501c8fa099305a50543f9e67d05eeb67363183d1', '2017-06-07 10:08:22', '2017-06-07 11:08:22'), ('1181', '2', 'd23b25b7287ad9abb63f9f674e1198a6e47c9bb8b4d7505366b5dde9e4a317f3', '2017-06-07 10:13:13', '2017-06-07 11:13:13'), ('1182', '2', '90892ca14230f4fa2a3a1972d7b768117283834aab907ed6b5056008c5b95134', '2017-06-07 10:24:22', '2017-06-07 11:24:22'), ('1183', '2', '386499bb741da62cc15b9d822488bd9004f9048aad4a26b1b0d45e4c0ce2b021', '2017-06-07 10:35:35', '2017-06-07 11:35:35'), ('1184', '2', '9ecdc1809dbc75e1a30f20c0c699275de4531e430fbc4d4a943f6d81e3e39e4b', '2017-06-07 10:44:05', '2017-06-07 11:44:05'), ('1185', '2', 'fdef95efc76ad32a21afab4c30978a66a031dc523f46a7571281b65c2eed0ae4', '2017-06-07 10:45:01', '2017-06-07 11:45:01'), ('1186', '2', '15693e09925fdd42e3f59302ded28d2e5b27aaf3b9695c6c4522e23d026048ca', '2017-06-07 10:45:53', '2017-06-07 11:45:53');
INSERT INTO `sys_token` VALUES ('1187', '2', '7a153d81516884afd7f634075bb7a5e2a136ba305268da724f30612ae24acf04', '2017-06-07 10:53:02', '2017-06-07 11:53:02'), ('1188', '2', '2b642ac4a0c7188acef41f06d8f0c8a5b54606259b1ab1081e52b73bf95070ba', '2017-06-07 11:02:38', '2017-06-07 12:02:38'), ('1189', '2', 'c2d1b98591b21358eb458bfb6ff95c4155ce632fe3dfd7db620c9945e7055f8c', '2017-06-07 11:04:15', '2017-06-07 12:04:15'), ('1190', '2', '3022e2eba06f0472530de7bb7837e73c5ddc1464a24113b9c8950d13c1c60aac', '2017-06-07 11:06:24', '2017-06-07 12:06:24'), ('1191', '2', '848d501635380af39f0e1a494cc026ce876694df8fb174c0d31c51272aa056b7', '2017-06-07 11:08:12', '2017-06-07 12:08:12'), ('1192', '2', '935863a9222296f113af7911ef15b5daf6bff156f6a1c1c811ef740869e85035', '2017-06-07 11:32:25', '2017-06-07 12:32:25'), ('1193', '2', '93b9b5f8bcb2523d510be2ba91f190924a2a1bee2819821721b4ac7e6ff03dfe', '2017-06-07 14:02:22', '2017-06-07 15:49:22'), ('1194', '2', '8b85ab5a87dac067100564821ccd60258cf076f5d8c6fd0416f2dc79318b8d1f', '2017-06-07 15:18:40', '2017-06-07 16:18:40'), ('1195', '2', '6352cddced1e1b483a9db712e20a327ed1fd11aad426f92cb1bf2b048b2c3a5f', '2017-06-07 15:22:31', '2017-06-07 16:22:31'), ('1196', '2', '815331715d7e2f896f4a1807fde9b38e648ef6ebd3a33392a2a67f1165855ae0', '2017-06-07 15:22:59', '2017-06-07 16:22:59'), ('1197', '2', '1347407e977e2846eb853d61fb75c39d8f155f8045b4be1c0871b54f36ca43b0', '2017-06-07 15:23:31', '2017-06-07 16:23:31'), ('1198', '2', 'f6384e9c8c901cb3dae9b363106f8c62da3218253aecb9131845076e793ea27d', '2017-06-07 15:47:13', '2017-06-07 16:47:13'), ('1199', '2', '9407f55af8b062e20b3a83a5e4aacc4728b0cac8c37cc0869ccf7481610ec459', '2017-06-07 17:01:54', '2017-06-07 18:25:47'), ('1200', '2', '70f3ebddb9bca41dac811658da45ad6a01e5af97f6c4507d9983049184190cbb', '2017-06-07 17:05:45', '2017-06-07 18:05:45'), ('1201', '2', 'c00bb79741dafceddef08f6176d695784d4b266e88949ab88b846d3635bcc40a', '2017-06-08 09:45:47', '2017-06-08 12:40:26'), ('1202', '2', 'fcafd6fd65c4bbec8f49168092ff5985276e180998156eecbcccde2eb9caa3d0', '2017-06-08 10:14:54', '2017-06-08 11:14:54'), ('1203', '2', '03aee0098dc7df7ba49afea1461701ee79391d8b32983e9459b16ee42fe6c241', '2017-06-08 13:36:50', '2017-06-08 16:53:06'), ('1204', '2', 'f4326c1c409eed71bbcbeb07b35c4a7a3e37897340569060d6283e1e2e67170f', '2017-06-08 16:23:10', '2017-06-08 17:34:18'), ('1205', '2', 'bb82aa5692010a5ee56705697756ea87ba3833ef7e171d0d2f93a5938343a8f9', '2017-06-08 17:06:48', '2017-06-08 18:06:48'), ('1206', '2', 'a5ea6dd6b5e90175f38ad23abd699b5e439f087ddd8c7635ca0fa5775a1389e7', '2017-06-08 17:06:48', '2017-06-08 18:51:03'), ('1207', '2', '1a91651d533ac0ac39a9673faa577b82b29bc06c70f5ee2e624c9761cd4657d6', '2017-06-08 17:57:01', '2017-06-08 18:57:01'), ('1208', '2', '9629f0112f5924404a48a453276abfc3d4cb99171ae35442ac43065c1435b562', '2017-06-09 09:04:51', '2017-06-09 10:04:51'), ('1209', '2', '8e25e927e232c4b08434614678c8038faae1131967161116c34cc46d0e46a840', '2017-06-09 09:04:51', '2017-06-09 11:03:57'), ('1210', '2', '9e2bcc17c3ab9679a1feef11b12abee6d1dee63e6f7356351480d3778d2b4441', '2017-06-09 10:47:46', '2017-06-09 11:47:46'), ('1211', '2', '5a0447e9c414d481b49e3857ec5829dd6b27990fad40b3a5c4fc59b9ea8e025e', '2017-06-09 10:47:46', '2017-06-09 11:47:46'), ('1212', '2', '3f75e3ef08fc74a77d5cbfbd0554a70643a790d53659a16df950c15e594d6077', '2017-06-09 10:47:46', '2017-06-09 11:47:46'), ('1213', '2', 'a8df02b2ac193065f33eeca31305e8bf8a908c4be3d3c84e4ef48f54fe243e9b', '2017-06-09 10:52:46', '2017-06-09 12:27:34'), ('1214', '2', 'bdf44a53fdf4bb7a0fb8f39f2fcf09bfe885d517bf95cb7eede682da8a213f85', '2017-06-09 11:41:57', '2017-06-09 12:41:57'), ('1215', '2', 'e9c331978fc23db043ac97ceb0e09e27f5fb6d3970932588d6d27bbb46fd5af4', '2017-06-09 13:34:56', '2017-06-09 14:34:56'), ('1216', '2', '2ca2c65c284ea7fd0b0198f664cb8368d1c36ef26345e8204d4837c798200211', '2017-06-09 14:02:03', '2017-06-09 15:02:03'), ('1217', '2', 'b3d3085c2ff2838db040ee1b9c4778667fd730d90149722d726e976d3a341bc2', '2017-06-09 14:20:30', '2017-06-09 15:20:30'), ('1218', '2', 'c3e987fad18b6e2fffde30639116544ee8f868d16084f89cd7ddbd02fbdafd69', '2017-06-09 14:47:06', '2017-06-09 18:15:11'), ('1219', '2', 'd6cb378305dbfe3f2751df3042203b7065bda2920d3eeff1c1d319bdd7cba148', '2017-06-09 16:22:01', '2017-06-09 17:22:01'), ('1220', '2', '008760bd6c8dea7b74ce1fee93d3526357403e75c202420c3fa79d74a946b42e', '2017-06-09 16:22:01', '2017-06-09 17:22:01'), ('1222', '2', '66f3969e8aa7a2988fa20c838d9bcda1865b8c2a5b08a1fe412c80db2d17715f', '2017-06-10 09:06:30', '2017-06-10 10:06:30'), ('1223', '2', 'efe92d2335e2aaffe9e21427b9e1d7dc9053bf62ecbec3ff9cbfe699867a73a6', '2017-06-10 10:15:54', '2017-06-10 12:37:25'), ('1224', '2', 'd0949f50583180b47cf15fcf18ad6c7ea40fd98c187974050a7f355e3ce58793', '2017-06-10 11:00:46', '2017-06-10 12:00:46'), ('1225', '2', 'f83d1b4eef63fed1e9a1062077d52884fce0927493f76a9e91c5872ac12aa522', '2017-06-10 11:11:37', '2017-06-10 12:11:37'), ('1226', '2', '53253658e729e39b62fa34d5e22dad566e9f02d7a1ecff08df66126d30c4ce00', '2017-06-10 11:18:45', '2017-06-10 12:18:45'), ('1228', '2', '06eb1c41208cf5a9f481a0f30a76eb153cec98bff0d9c4b7ce51aa72cf0b96d6', '2017-06-10 13:52:06', '2017-06-10 15:38:41'), ('1229', '2', '796ff7912ccfbc7bb6bea11e834a38841cc332d013aa2a9c7b2eb0ced787dcb1', '2017-06-10 16:06:18', '2017-06-10 17:06:18'), ('1230', '2', '29b7ca6e8e605a70005cbefb701f884a3731f63eb71ceb0b997f1ffdd4e61a49', '2017-06-10 17:15:57', '2017-06-10 18:21:19'), ('1231', '2', '030840a40a8a77374f8bd85603d66ca24ec6c31ab9c9863756a0f12dcf5b1c8d', '2017-06-11 12:58:08', '2017-06-11 13:58:08'), ('1232', '2', '03a864450bc5cacb477903bbb2116a959219ea2f902387e9e84026328dc8a28c', '2017-06-12 09:19:28', '2017-06-12 10:19:28'), ('1233', '2', '963e9d72a27912efc8742f238babe7744b6982e113214ce640828cd0b67b597e', '2017-06-12 09:19:58', '2017-06-12 10:40:06'), ('1234', '2', '901dba94ef06de4b6039778a025bf0454e34fd060136e5792f700e46cfae3e52', '2017-06-12 14:16:53', '2017-06-12 15:16:53'), ('785', '1', '996b191433dec83168afa852e79835a99d3e6682f76da6e89492081694336753', '2017-05-04 16:01:55', '2017-05-04 19:02:10'), ('837', '2', '2d37af4345c41caaca72576331a595bd2c7c8887350dd6155ccbe342452709e0', '2017-05-11 09:54:32', '2017-05-11 10:54:32'), ('838', '2', 'ebd6bd2730189e7e9ffe0cf594f29dea74d520e504639ed89bae03a4d608083f', '2017-05-11 09:55:36', '2017-05-11 10:55:36'), ('839', '2', '37331eff2671897b0c137ac88f22f11acdf82fc8266703ced5b2704ee9f69be6', '2017-05-11 09:56:07', '2017-05-11 10:56:07'), ('840', '2', '0f855763ed57f1633346ef6174d40ad3a6d1e0f6d49188126400b3f11374f8da', '2017-05-11 09:56:40', '2017-05-11 10:56:40'), ('841', '2', 'c9cc81ed3fe64c4b97a503d77bf7ad2330bf77b807cd09ded2cad92213f84fd3', '2017-05-11 09:56:41', '2017-05-11 10:56:41'), ('842', '2', 'e2325cceb8cd7943fb53815214468236ede4dc52b93f2a1b088e9a75dc04a0cc', '2017-05-11 09:56:44', '2017-05-11 10:56:44'), ('843', '2', '9acdf983c91172f181c1f6970ef26992a207c7eef08ef1c76017015bba323936', '2017-05-11 09:57:58', '2017-05-11 10:57:58'), ('844', '2', '798b6257d04989340eb3f690820e8b8cfb1209d5ae7c242b9ec540cc831d45b0', '2017-05-11 09:59:09', '2017-05-11 10:59:09'), ('845', '2', '953d5600cbbe4f4907a5cbabee080b772c183660811e1e494ef976e41406a678', '2017-05-11 10:00:45', '2017-05-11 11:00:45'), ('846', '2', 'e0a31c84e33fa13cea36966326a7601301ba4df311e43888ba738dc29c172d01', '2017-05-11 10:06:12', '2017-05-11 11:06:12'), ('847', '2', '7252b5a55e7674a7d4abb9a942386017a448d3e1f1a319eb558bc8442608c02b', '2017-05-11 10:19:35', '2017-05-11 11:19:35'), ('848', '2', 'c30a0b51199dd3156bce66b9722f458cdf5c0868e60604d04f43e62b77d27c42', '2017-05-11 10:35:18', '2017-05-11 11:35:18'), ('849', '2', '5c31d139c1a8c6345cde6dbbaaf5d4834539e8c250c1ab1ef33778356f11ad70', '2017-05-11 10:35:25', '2017-05-11 11:35:25'), ('850', '2', '1fa2ded3bd3ce1cdd9876cb33c5edf3ab77afae8dce14b748ae1b786326fe70f', '2017-05-11 10:35:27', '2017-05-11 11:35:27'), ('851', '2', 'dd0b5986f738828de0aec133ee3703a16f43efc340e748efee3fc62fe194c1b9', '2017-05-11 10:35:39', '2017-05-11 11:35:39'), ('852', '2', '751b10e5ec9f18350ad1cf565ac8216d55ca4e25f8e11f5c0dbac48ff8e67934', '2017-05-11 10:35:40', '2017-05-11 11:35:40'), ('853', '2', '9403b127b09b1ff8f575fb3820d920c9c4114cea826ada2418bf42aea317afc1', '2017-05-11 10:35:40', '2017-05-11 11:35:40'), ('854', '2', '2bd5a7e9a570918463c42f21172f01c03aa5be72bf639e7182c3700b33f6d2bc', '2017-05-11 10:35:41', '2017-05-11 11:35:41'), ('855', '2', '8cded1c6ed4bb213ffa939801930faad3f58451981bf5ce5aa050bc8a897531d', '2017-05-11 10:35:41', '2017-05-11 11:35:41'), ('856', '2', 'daba538a26f64df2a79312812a8b2d21a3a1673f424c4711b3e258b5a371a80d', '2017-05-11 10:35:41', '2017-05-11 11:35:41'), ('857', '2', '6ba51d624762d80d3f314c2d3ef255b816cf3f07803ac48a87858789a695a1d8', '2017-05-11 10:35:52', '2017-05-11 11:35:52'), ('858', '2', 'ad205d13bba5f3ea1672b35dc0a5897007e8bdc5a64d2b63a0688606ec5dcc7f', '2017-05-11 11:38:08', '2017-05-11 12:38:08'), ('859', '2', '2d38fa7e62d31733ac9c190e8d7c4bf2449601ac6a108b8e73e4fe148bb5f7d1', '2017-05-11 11:51:52', '2017-05-11 12:51:52'), ('860', '2', '2aa646ae78c82cac751eac7300b17d10aee73c0356385a2050f1af9e1f7d53dd', '2017-05-11 11:52:03', '2017-05-11 12:52:03'), ('861', '2', 'b1bd8b87a9a289604f18414a2b222661acd3d9d4c53aca0e9b653f41c24d0f5e', '2017-05-11 12:59:48', '2017-05-11 14:48:05'), ('862', '2', 'ec2ad6afabd5ed6c3bf7842097ad6e63470951afd50f6bcd1032f6734b07f728', '2017-05-11 13:25:15', '2017-05-11 15:25:59'), ('863', '2', '09877c9d0f9df419d8aa9424f9a4a6001ae756e7d935e0296590a5a515aa0855', '2017-05-11 16:23:50', '2017-05-11 17:23:50'), ('864', '2', '050ed92b005bf65507c2f0eb962ae9f9f5d89a2ce665eed88f29821acd13fc58', '2017-05-11 16:24:56', '2017-05-11 17:24:56'), ('866', '2', '3af0c0bc24666bfb680322311f7315897332b41a7f428b1f20272aec0a0ec5f4', '2017-05-11 17:00:50', '2017-05-11 18:26:49'), ('868', '2', '7e7e8309a6c28a211fac048de7703adcbf1d04ad53b76941041530c1f4e88bc2', '2017-05-11 17:16:49', '2017-05-11 18:16:49'), ('1039', '2', '9054e74369c6997c5286eb4acfb26e0d7a65df59c9fcbc1335579c7a3e09c1d0', '2017-05-27 13:55:37', '2017-05-27 14:55:37'), ('1101', '2', '54c6c07ae416ca4565fa5c16aa41f3d48f4dd5baba2ab0eb7deafa89ed2e8ff8', '2017-06-02 17:13:54', '2017-06-02 18:13:54'), ('1147', '2', '70a7baedc08eeb78b3022004259e2d99e280c6caf58a309d6857426aacb8fcfc', '2017-06-06 13:51:21', '2017-06-06 14:51:21'), ('1148', '2', '031a6e58e2d4c4317ff152f1e994d2cbf0878f5f4cbb02f942913eeca92f84e5', '2017-06-06 14:07:35', '2017-06-06 15:12:15'), ('1221', '2', 'ad0d0479c5f7b3df0f444d78d0be69cf08b3c0743c358f304b3620ab2f9a1952', '2017-06-10 09:06:30', '2017-06-10 10:06:30'), ('1227', '2', 'c8ede95f60a0b2b90b96aa13d02ce983c510e7f5473fcc1ed6c29009d91a0469', '2017-06-10 12:07:50', '2017-06-10 13:07:50'), ('1235', '2', '87fa88c648b296f819ff26040f7f1a0fa2ee96e15074437ded3902e53b111643', '2017-06-12 14:28:44', '2017-06-12 15:35:09'), ('1236', '2', '739439f1dc25f48d818bf646c1f03cde405cb53c16c74916c59c34fe0abbe293', '2017-06-12 15:46:01', '2017-06-12 16:46:01'), ('1237', '2', '34c607a2fa3f42f52a5a235ad2d0470a9d727fbe490170f130092fef0016cf50', '2017-06-12 15:50:02', '2017-06-12 17:46:02'), ('1238', '2', '7f6114381a19799614dea0967a00e47160bc3c614d943e6fcaa2ef10c381b0f8', '2017-06-12 16:17:38', '2017-06-12 17:17:38'), ('1239', '2', '0f62e27559688643e5d7d8ee90274a3152d0b03573a2dceddc623bab2d5b2f47', '2017-06-12 16:34:11', '2017-06-12 17:34:11'), ('1240', '2', '927d8f1f7298d3475a3530525ffc5ffb8bcfddcb30413edd347f582c7cfc14ef', '2017-06-12 17:52:11', '2017-06-12 18:52:11'), ('1241', '2', 'eb000247c5a66e6aab1fbdf4886ec9d23ac78657b98f8bfffdb666af143159e3', '2017-06-12 17:52:11', '2017-06-12 18:52:11'), ('1242', '2', 'c41530ec99dea759233bb617d8780593fe30c744d09e6702e403777228c59e59', '2017-06-13 09:05:54', '2017-06-13 10:05:54'), ('1243', '2', '58604dd7cbf9dcee991b3b72f39caf6cccc10b0862e7edf66cf8b5aa42308b06', '2017-06-13 09:39:51', '2017-06-13 10:39:51'), ('1244', '2', 'baca15830d540778c500d45c84917881b296755732a268ddbc9167fa1c4a311e', '2017-06-13 10:02:36', '2017-06-13 11:02:36'), ('1245', '2', '957d2a848a75fd9afdbbd4550aee7d9d4e9852e1648445452c707e4dc784a267', '2017-06-13 11:08:11', '2017-06-13 12:08:11'), ('1246', '2', '22416eaf4ce0bc459f8c7f938a41b039822fad7b871081ad3943f98fa2443cac', '2017-06-13 11:08:11', '2017-06-13 12:08:11'), ('1247', '2', '98c5b2e1470c5d0d2edf218e1b6d51c6d152e1afa6b0ca14dbf160f1619eb97a', '2017-06-13 13:44:04', '2017-06-13 14:44:04'), ('1248', '2', '50820e42ca5238edb831fd5394c0a0d553a0b8c72a475ea6fc43cd20b1b907aa', '2017-06-13 14:45:37', '2017-06-13 15:45:37'), ('1249', '2', '7ae3ac9c10bea69e618dc58ed36412548065e56328c0f9a2b6a798b3fb5c5c0c', '2017-06-13 15:24:54', '2017-06-13 18:01:15'), ('1250', '2', '2a940ee689db5fe2c45c43662a3e48d9960c9d8ef06b0c5cfd2f7a87e854dd9b', '2017-06-14 09:14:58', '2017-06-14 10:14:58'), ('1251', '2', 'b0c252577df610921575563e47eab5edc3a4bd4ca3ef69a98786b9912dc04ce0', '2017-06-14 10:35:31', '2017-06-14 11:35:31');
INSERT INTO `sys_token` VALUES ('1252', '2', '9b1193959182d76363a8867b3e69019902095c3b8386a09613f9afa25025ffbc', '2017-06-14 10:36:31', '2017-06-14 11:36:31'), ('1253', '2', 'f11ed54226e386ee8c4a7146fd33a695b1e31f1be5625f95bb1dbd0b9d30a9ec', '2017-06-14 10:44:08', '2017-06-14 11:47:17'), ('1254', '2', 'cdf8a7e9d8e2c22200e25d9e3cc7c566d00937928677fecaab4a34d3e6928f79', '2017-06-14 10:43:32', '2017-06-14 11:43:32'), ('1255', '2', '68e546768dd6c865316200634f7fbffbe6a1569ce9373108673e23491877e8bd', '2017-06-14 11:19:09', '2017-06-14 14:23:42'), ('1256', '2', '08f2c9dd050f2a7555f76bb619a2b573b0d92847790ef406b26be2bdae9ded31', '2017-06-14 14:33:27', '2017-06-14 15:56:26'), ('1257', '2', 'ec12dcc1b1a9a9e6c49c0236d8d980823c97839768bdfc30bb138b9220ffe792', '2017-06-14 16:10:54', '2017-06-14 17:10:54'), ('1258', '2', '7d5607e586d23ab9e8156d97eaefc60c7b30bb15c04c40fb4397079ce11c86cc', '2017-06-14 16:31:08', '2017-06-14 18:39:45'), ('1259', '2', '8007a9b625aacdb2f41579391599e492c4a5243f05590c9738c8507c2a9169b2', '2017-06-15 09:08:56', '2017-06-15 11:42:59'), ('1260', '2', '67b2a6826c16862deedd4965df42edf9133d18c19193df19785a1dc8d106bf5a', '2017-06-15 11:13:08', '2017-06-15 12:16:20'), ('1261', '2', 'c1336cf90e5d5a93c6b55ed53bf2846270be8c2a41dc22c0f3f7b8ab52562e8b', '2017-06-15 13:38:06', '2017-06-15 14:38:06'), ('1262', '2', '150ad8b88efef7a724a611f87c35377d80a990264e9e4b8047a5b428735cbfd8', '2017-06-15 14:44:18', '2017-06-15 15:44:18'), ('1263', '2', 'de854b28b1634aabecb03b68ecf237df96d378a1088cd4428a6205a949d25740', '2017-06-15 14:45:35', '2017-06-15 16:01:12'), ('1264', '2', '2d20306ca84ee6b7894cb555c4cf9acdc497506b9735d406df79be2756359663', '2017-06-15 15:31:41', '2017-06-15 17:56:31'), ('1265', '2', '4410444406a38ca04d9f5ea90d514f22c0a2c8d3efc0789ddbee19e1008aaee8', '2017-06-16 15:37:54', '2017-06-16 17:05:39'), ('1266', '2', 'c9b78a9769c92dd9a8ec2876b7ffab968b78c61f902ca57444e8d4717ff0c89d', '2017-06-16 16:35:52', '2017-06-16 17:35:52'), ('1267', '2', '68b22cfd2ef145883bd8b37fea919992e4432092f594b4b30e5c276b33cf30ef', '2017-06-16 16:36:56', '2017-06-16 17:36:56'), ('1268', '2', '92512c4bae4f300ba5e6129cab879289f09609f2dd801887310d53d0e157286f', '2017-06-16 16:37:09', '2017-06-16 17:37:09'), ('1269', '2', '9b66edd03435f68c8406569de34eac23e3e95fe0108b95984d24b53114918c71', '2017-06-16 16:39:19', '2017-06-16 17:39:19'), ('1270', '2', '76454593345fc6aa82c3685aedeb4d4d08b34ea781cec5c9f3fabff41d3a21d3', '2017-06-16 16:39:23', '2017-06-16 17:39:23'), ('1271', '2', '226d69d0ec487d13fc5ac1ca167e9174c67ec9fa1baa3bf8408e61c45928b93f', '2017-06-16 16:39:28', '2017-06-16 17:39:28'), ('1272', '2', '6a72807f80c6e99a30c938c444eaf44064ea5a7ef97450cbfd23da51cfff1b6e', '2017-06-16 16:39:59', '2017-06-16 17:39:59'), ('1273', '2', '191129e6198ca01b3f3c35ca1b3552185e13490529484cf0753354b010bd302d', '2017-06-16 16:43:17', '2017-06-16 17:43:17'), ('1274', '2', '52d69721fbdabc86971b1f971a04749da6a83e840584288b767e109553d3cdd0', '2017-06-16 16:48:18', '2017-06-16 17:48:18'), ('1275', '2', '8d1a69a45a612490abd62b0085d7a197175146d23e9774297b12d59ed14604a6', '2017-06-16 16:51:22', '2017-06-16 17:51:22'), ('623', '2', 'a5c2acd6e628fbbb229453aa902d026b2e5a80c81c4942c84b1c4309c1f841e8', '2017-04-20 17:25:27', '2017-04-20 18:36:27'), ('652', '2', '21023d8f4ca51b27744780cec17789166c13a6ccf03044792b463d24203ba64f', '2017-04-21 14:22:16', '2017-04-21 18:33:34'), ('677', '2', '907cad24265c9c6f3250132082de85742ccfcfbf47951da3e0d3ba93f2d1d436', '2017-04-24 18:32:00', '2017-04-24 19:32:00'), ('692', '221', '56a6cba028b8a8725ccdbe0e82d76cb9b0b5521e601085f61332241360f99ed5', '2017-04-24 21:10:24', '2017-04-24 22:10:24'), ('694', '221', 'c078b1b3139a0af03f100d75c899de6d54e830c052031a9c9cb3e145b49957ab', '2017-04-25 09:44:16', '2017-04-25 10:53:11'), ('695', '2', '168bd9c923144a3d97911cbfc1bb681b4e92b59a30f6cb4e1663872d06d24b68', '2017-04-25 15:12:49', '2017-04-25 17:08:11'), ('700', '2', '09baef80ef8e847b7005b4370d5b663cf5203f4e7bcdc280a85c2d18e4d40554', '2017-04-25 16:28:34', '2017-04-25 17:28:34'), ('701', '2', '3da1d99e5b777777cb6c146bac681c9ab77809e653f3b11fdb317e80c29fcacb', '2017-04-25 16:28:50', '2017-04-25 17:28:50'), ('702', '2', '5e4c8625663ed90c9328e760279f9860ab967ea3130e1117ee1ae6f10a941b36', '2017-04-25 17:58:48', '2017-04-25 18:58:48'), ('703', '2', '1e78f615411fe56867041cb2cf247d855bb6275d8d134d6262016336a44aeff4', '2017-04-25 17:59:06', '2017-04-25 18:59:06'), ('715', '2', '814f2741fb1cffb5d676153dbf05f05fe3783957f6d7a23fdc08e933ed529edc', '2017-04-27 09:52:31', '2017-04-27 11:41:29'), ('718', '2', 'f9238383b4b1850ed0fa5c7e604cbdb3a11ed261fae7855d7060800d20b01d64', '2017-04-27 14:34:58', '2017-04-27 15:52:18'), ('730', '2', '4a5b1320ad5522253dfdf813ab08d2cf6d1fd571b670f1a2334d4fae5bd53f7d', '2017-04-28 07:35:02', '2017-04-28 08:35:02'), ('736', '1', '14c30afecc5319312ac88164864032cf0527e361e4b19997def9684c63f1edbb', '2017-04-28 12:21:18', '2017-04-28 13:21:18'), ('737', '1', 'c834f547e05bcebe25f40195ec5d61feaeb84c36ecc4e254dffb61aa4429fd90', '2017-04-28 12:23:06', '2017-04-28 13:23:06'), ('740', '1', '15cd4ac9fd72f0102e6a320ad14357db18bc125479bb209effc428662335e7f3', '2017-04-28 14:33:07', '2017-04-28 16:34:37'), ('773', '1', '8d2b9fbc1860af04580ab3f0fed41002484aa878757de8adbbbb0eb93866fcd3', '2017-05-04 10:29:25', '2017-05-04 11:29:25'), ('781', '2', 'e6a10214a4ab1765a574c192d459ec5b6149d471a59f1fb97b83ed5d35e2fbfc', '2017-05-04 11:52:55', '2017-05-04 12:52:55'), ('782', '2', 'c2db231b66f799f3df8155cf6581738c3e3bebab0bd78395e71b1af7de2c2929', '2017-05-04 11:52:59', '2017-05-04 12:52:59'), ('789', '2', '66298382c623c815ba24e9dd53a78995c12ad4c30c4cba7740dc5cf465a5ed8a', '2017-05-04 18:28:55', '2017-05-04 19:28:55'), ('793', '2', '2b5baae2df05dc3f341f1a6d0eee804ba88ede455f07af30f0fa010d511a0106', '2017-05-05 11:38:23', '2017-05-05 12:38:23'), ('794', '2', '4e8d172f059073dcd6a47d93b339b3074725037e021479bcec9cad70985abb78', '2017-05-05 13:37:40', '2017-05-05 14:37:40'), ('795', '2', '5ec4adb934dfd35ea593b17c35d817aefdaa1a2113bc8435e32c6d5c5f54a704', '2017-05-05 14:19:01', '2017-05-05 15:19:01'), ('799', '2', 'd69faabb567919e9d93ea4012bc6dbe72d8842a1f0ea120629e256f4a543b48d', '2017-05-05 17:05:29', '2017-05-05 18:27:14'), ('928', '2', '72014c6a3a20ef9e4913812af69e72b79d5942ba672e70dfaf1ab13c4dc90501', '2017-05-17 09:31:15', '2017-05-17 10:58:22'), ('929', '2', '9f6f431a66206d4be2e47f99d76330a1fd4c46357da3f2c96f2eeb6571996a88', '2017-05-17 10:36:09', '2017-05-17 11:36:09'), ('930', '2', '6f92f8ad43b017a3889070b888e94c045396122bd3ff7409b8b75a1d9748f128', '2017-05-17 14:01:38', '2017-05-17 15:19:10'), ('931', '2', '02bdea698080d9a9d4ec72db72727de260b73cca14378e799446639bbc341c8b', '2017-05-17 14:04:50', '2017-05-17 15:04:50'), ('932', '2', 'eb21ab0be57124508828c5439ff76bfe9c91e52b990ba6e441d88ea42965a095', '2017-05-17 16:13:52', '2017-05-17 17:13:52'), ('933', '2', '3aaae311884bea97545040c58aadd2cc51ba567d9780b5b4dfcb2181e0d1b7e8', '2017-05-17 16:27:38', '2017-05-17 18:33:55'), ('934', '2', 'bd5f57132db5e8d444c997c434f2f9c6263f138beb540fd493703007286d4a45', '2017-05-17 18:02:10', '2017-05-17 19:02:10'), ('935', '2', '46c1f796f11fd576232c89e34696910b9d5ea0b37805ebb872150052d2d91036', '2017-05-18 10:03:53', '2017-05-18 11:18:46'), ('936', '2', 'a4a6d5a8e9c5d8cb36807f53fbb3c1e49f21615892f595354850769c04affbd3', '2017-05-18 15:05:31', '2017-05-18 16:05:31'), ('944', '2', '2ecba28577fbc6fceee45a753de194a838ba5f4751607aa4a491e4e2458ef696', '2017-05-22 09:43:59', '2017-05-22 10:43:59'), ('945', '2', '5cc4c0c30c168b906662611fcca0ce61dbbefa7677a2149dd84182709510ff54', '2017-05-22 09:47:41', '2017-05-22 10:47:41'), ('961', '2', 'ef3b357ff45fcd3951bca33e11193ea7cdf16fcf125d8ce14316f0c77e33bc53', '2017-05-22 11:10:16', '2017-05-22 12:10:16'), ('962', '2', '749be8049464f4ef2a8a87b8258d303a6bd207eb3f1fa16ceae64dd922398275', '2017-05-22 11:13:24', '2017-05-22 12:13:24'), ('963', '2', '7a36d59e12642e6238c14af44b583080f85b59568313e4c4e4e2a994373e9a70', '2017-05-22 11:17:01', '2017-05-22 12:17:01'), ('964', '2', '50719c4fd312ce20441a3992fc9fcf915e05a8f89bf8eade14ab31859ca556bf', '2017-05-22 11:29:46', '2017-05-22 12:29:46'), ('965', '2', '26b127a0fc519d72a5b170a47cc8efa56eb146407c7e6324f62a063a0ced02a8', '2017-05-22 11:54:30', '2017-05-22 12:54:30'), ('968', '2', 'cb468299a0b04f1bcac57d38ced26c45fbd028830b59161ead88bb21adcfa5d0', '2017-05-22 14:04:00', '2017-05-22 15:04:00'), ('969', '2', '8e687604f13f1b78c2be62ef213e5d1a8359744c7f82b0e6341427ad0e4428c6', '2017-05-22 14:05:01', '2017-05-22 15:05:01'), ('1016', '2', 'bbcf955930992b90e6f741457e4c2d022a40a24006d5dc9a557364f84d1890de', '2017-05-26 15:33:29', '2017-05-26 16:33:29'), ('1017', '2', '106a738c29049f389acb4f2b0354974ff26f6f2142c0d14af384d4f2f221c80e', '2017-05-26 16:22:46', '2017-05-26 17:22:46'), ('1018', '2', '5a2e163e175e84508a74102e21eec01fe1829a7d6584c46e930f76863eec561d', '2017-05-26 16:32:31', '2017-05-26 17:32:31'), ('1019', '2', 'e78500a8e7453fe68e2b9f193e20e0ce5e6b9300661208b43adb69d58636aabb', '2017-05-26 16:58:49', '2017-05-26 17:58:49'), ('1020', '2', '8f87369cfbe6c9bb88a1598f1a9dc4c6d4ab69bd18400392e06ae34fcf3285d2', '2017-05-26 17:05:41', '2017-05-26 19:00:15'), ('1021', '1', 'b431bd8b2a2259ae0a91aaaf6ee8e8953d14cc43749de77553c937e441414308', '2017-05-26 17:14:47', '2017-05-26 18:14:47'), ('1022', '2', 'c27c42160db504fa17ef32af2dfd42ba50f5b7750ee3d938fd92e7cd1eb710b1', '2017-05-26 17:18:42', '2017-05-26 18:50:06'), ('1028', '2', '01eb599e3874ec1628814fa03a86f687f1b09277a50c232257863f4ea87271dc', '2017-05-26 18:31:35', '2017-05-26 19:31:35'), ('1026', '2', '8002dba4e31c495eef9216dca297f697e1b4c59b886a9e821b0acce58a480f61', '2017-05-26 18:31:35', '2017-05-26 19:31:35'), ('1029', '2', '471b38e969fdbc96941be646ee78eaebff38b6e0a7b821a2e27118611c3d42cb', '2017-05-26 18:31:35', '2017-05-26 19:31:35'), ('1034', '2', 'ca38c209e3830f703917e7f3f9dfc41dff73646658a086834363cde453faeadd', '2017-05-27 11:09:04', '2017-05-27 12:09:04'), ('1035', '2', 'c2eb0edade595ec74e7f6248767e7213756378ae34472bebfbbd520dcca79bf1', '2017-05-27 12:19:52', '2017-05-27 13:19:52'), ('1036', '2', '28d6dd7962f3aa63c848b5abf1ed00403dd4b4021377f4240640c32ab64d2e86', '2017-05-27 13:34:44', '2017-05-27 14:34:44'), ('1037', '2', 'e5069187240a9f3b068ad0da85a6541c750fbe1ba04e4e8e684cba9eedda672f', '2017-05-27 13:41:33', '2017-05-27 17:19:38'), ('1038', '1', '543ddf460dbaa42e95febb1a1c2436d4a3c71cb335adefb3d6cdc88c630ad9b1', '2017-05-27 13:57:41', '2017-05-27 15:20:34'), ('1048', '2', '96459bddc71f7a9ffcc0c63f710661f50ff97c457b444d64b8ebf8e1c7e8a600', '2017-05-27 18:14:53', '2017-05-27 19:14:53'), ('1093', '2', '0ccc1d837c5aed9a8e6215db8ee13ab92173c8f4c8a96010fab7972efdd19419', '2017-06-02 12:24:36', '2017-06-02 13:24:36'), ('1126', '2', '1cac48d011908113b9344eca71c13b0354093e5707ed73ff26be8844f13141de', '2017-06-05 14:37:59', '2017-06-05 15:37:59'), ('1127', '2', '9e2a2625e52ea0ba7c138c24e95efe02623c16ca64064dd8a52e9521913d7751', '2017-06-05 14:38:28', '2017-06-05 15:38:28'), ('1128', '2', '7cd5fc67cbb66314e978f8eaf65172e90d203aa308f58a2b195ba5ca0e54e4d9', '2017-06-05 14:45:21', '2017-06-05 15:45:21'), ('1129', '2', 'a5baae882d2c656b0475c1350ef570c776302468dc4c1d513ff93b88055f6cc4', '2017-06-05 15:10:25', '2017-06-05 16:55:45'), ('1130', '2', '4b5be8a54f27ce4379ec6a09674901e3154a684f8661cae76db64806b7b4ccae', '2017-06-05 16:01:44', '2017-06-05 17:01:44'), ('1131', '2', 'dffc920ee42f55b458ff70c6c2c5e8d71ada3d2bec392647ec3bcffe6a6b9676', '2017-06-05 16:46:49', '2017-06-05 17:46:49'), ('1132', '2', '9e127022ed69b319505c3cf8f02a81cd30d593d1e99720fcc40a3485929f2ec5', '2017-06-05 17:07:29', '2017-06-05 18:23:35'), ('1134', '2', '54a9550b4b6ef0236c41c78642d966dfe6e4bbcb317c983576d0af6e5f6a9bd7', '2017-06-06 09:06:50', '2017-06-06 10:06:50'), ('1135', '2', '501acddac7ddb9f7766f3b0b5c531cba226202acbade4ae365725abcdf6c2715', '2017-06-06 09:07:13', '2017-06-06 10:07:13'), ('1136', '2', '685d9805c2391c45fd5971b8aa1adb57a040165b519c8b21d9041a7f2b68d404', '2017-06-06 09:07:13', '2017-06-06 10:07:13'), ('1145', '2', 'd8c2918bd8ba5abc894b4110ff8faf225262a46c85d8f534f65f22b0c3b735ec', '2017-06-06 12:52:42', '2017-06-06 13:52:42'), ('1151', '2', 'f57d2b590632cfea46c6b8db41b2eea41d696f9644a2e336e2e96b8743e30b0a', '2017-06-06 14:52:36', '2017-06-06 15:52:36'), ('1153', '2', '9609c3956fe8aad549f2ea38b764ad0a25a465b71161bf965b8b4d6c7f4b28a6', '2017-06-06 15:50:44', '2017-06-06 18:27:47'), ('1156', '2', '2f78ecc1bf3fe565e26013a1e98c9ab4bafd0128c067090b83bf314da472d681', '2017-06-06 17:29:21', '2017-06-06 18:29:21'), ('1162', '2', '1a9447c95c86a80cf68c5d81aa0e235300cea040283707a6e898c1e28f9cba4f', '2017-06-06 19:05:26', '2017-06-06 20:05:26'), ('1163', '2', 'e5130f7c15bc5d03e43a64961cb97cb47206c254ccc2f58ebf7a1f8ebb069c2c', '2017-06-07 09:11:16', '2017-06-07 10:11:16'), ('1165', '2', '360f0c8f65e2396ad2153f57ae0bd890b0beff8e80fbe21cb756b82d482b422c', '2017-06-07 09:40:33', '2017-06-07 10:40:33');
INSERT INTO `sys_token` VALUES ('1166', '2', 'e3aa772e00ed0ba64f1902aed8f0f68171e699998169f577d52f987fdac100a3', '2017-06-07 09:40:38', '2017-06-07 10:40:38'), ('1176', '2', '7cf01013d73e884629c67d0762880caa1c08da36ff3387b78f2e8676b36d97c2', '2017-06-07 10:00:42', '2017-06-07 11:00:42'), ('630', '2', '532ba6fe95a6b783ad924f94343500005a428f25a9000ceda612505713c5c75c', '2017-04-20 21:16:25', '2017-04-20 22:16:25'), ('631', '2', '6ab413506105aeaf4079075a845555da8807e4f3f8c7846ba3957ab5ff798959', '2017-04-20 21:19:42', '2017-04-20 22:19:42'), ('641', '2', '25cfafe8b00093af015b424d15a15e2769310af390b22f638532a707a22fd536', '2017-04-21 10:35:41', '2017-04-21 11:35:41'), ('646', '2', '0b651ac4a674acfd2cd3798cf01040f60580e1acc96b07eb892e91aa80be23be', '2017-04-21 10:53:23', '2017-04-21 11:53:23'), ('647', '2', '8314fcb2f37beaf0c546d734ad3a2c565813ea79d22938637f9068e33433d1b5', '2017-04-21 10:57:59', '2017-04-21 11:57:59'), ('648', '2', '08a1f5fc39bc5a852455d1db3ddc9a2a22b3354e3910bb67959febae0b1501cd', '2017-04-21 10:59:17', '2017-04-21 11:59:17'), ('655', '2', 'ed738fc4f79e837b946d2a177bb147a903ebd9017d57c6ec905f79654ae03fa4', '2017-04-22 11:29:31', '2017-04-22 12:29:31'), ('664', '2', '11c278bf711ba1cd5ab468a5135015d6f96acceec9e7ce33ae97f0fade690e39', '2017-04-24 14:07:02', '2017-04-24 17:47:11'), ('666', '2', '814dcf2a079cd58a158145a122ca1786c8fa5e67a7b5a80ba31c4d648b94a137', '2017-04-24 17:17:48', '2017-04-24 18:32:50'), ('673', '2', '65f69b421521e0d847ae16c60ea7d5cef14fdef11a972145e18836b13466ffe3', '2017-04-24 17:48:45', '2017-04-24 18:48:45'), ('674', '2', '62fcbd09bbd784f72a48fdeb123acac1c99de14757a8f0b6f4a745fac7bba8b4', '2017-04-24 17:50:50', '2017-04-24 19:10:18'), ('684', '2', '7f3a3d1ab5cbc2218509746c9fbe524fdbfa891b4176036b794d1491a2c2806c', '2017-04-24 20:36:49', '2017-04-24 21:36:49'), ('685', '2', 'f52dcefd68cec1c2bf5f2220275c3a1a05692dd015135b98cb0fdf98625b5e6b', '2017-04-24 20:37:49', '2017-04-24 21:37:49'), ('689', '2', 'c1c488e414da8e520e5af4e9541095fe9d5ad2c83ecb6c277ecf9c8805df8390', '2017-04-24 21:10:30', '2017-04-24 22:10:30'), ('697', '2', '9325ffe1cc0759991053dd91fba6a2bb061de5b3870ef4dffb97053dbd474849', '2017-04-25 15:43:13', '2017-04-25 16:43:13'), ('705', '2', '0419151157d17a4286529288660312cad018ebf661ffd8f533eb0f92003c89fb', '2017-04-26 10:23:57', '2017-04-26 11:23:57'), ('707', '2', 'a905538f3b38b14bcd7bfa82927b6a6402e0e063983c174698ab17b43ea54d8a', '2017-04-26 11:11:26', '2017-04-26 12:11:57'), ('708', '2', '47c3bf359c96488e25dbf67efa58c9a40bea69301197ff3351dcbdd8ab30a895', '2017-04-26 11:30:00', '2017-04-26 12:30:00'), ('709', '2', '42fcf81ce33f15ec65fc8f09b580db518b7bd6430ce7772272042e306ede76ec', '2017-04-26 13:43:00', '2017-04-26 16:53:47'), ('714', '2', 'd4eb5772d6e33611ba23b8ce6dd183aeabce21d8fe0f97d871fd6f2b251d2dd3', '2017-04-27 09:52:08', '2017-04-27 10:52:08'), ('719', '2', 'd8aec69789ffae8427971a2db90bc527f6f8bcfeec6bc4e4c69d3aa0cb12c6c4', '2017-04-27 14:37:13', '2017-04-27 16:28:46'), ('720', '2', 'a7493a2544b1255a7b22b0c8f61cac4e0592d3ca1cf6a4610dd21d8622bc0c06', '2017-04-27 15:09:48', '2017-04-27 16:09:48'), ('721', '2', 'ff112067c2ac346f30b3f728cd290b8fd885604f66f63e275554e5110ee82fdb', '2017-04-27 15:11:08', '2017-04-27 16:11:08'), ('724', '2', '2a1b6128ec59e1fdd155e9acf39ab5bda0c983f92595af3f7a604124bb5628a8', '2017-04-27 15:56:01', '2017-04-27 17:06:31'), ('725', '2', '5bdf6c21acb69fe4f32739d1f12df402b74efe4ff491dc6b65cb07effc9f7f5d', '2017-04-27 16:15:43', '2017-04-27 17:38:34'), ('726', '2', 'e5b5df1387d7f521461b69b862b038ad26b01afdc3ecbc800279aeb95fb5d2ca', '2017-04-27 16:39:53', '2017-04-27 18:27:29'), ('738', '2', '3eb68cd5a229762e3b3ed3abeaee3bfbe7508e5eecb3ecbcfc45859240c4239a', '2017-04-28 13:37:56', '2017-04-28 14:37:56'), ('749', '2', '57cc7a44aae48b6718106985bb99d677eed503afb17ab6451b4dbf8a3949bc31', '2017-05-02 13:38:27', '2017-05-02 14:39:44'), ('753', '2', '5fa8791c4973b9c8f59d621ef3e58ff8c9382a28e925e5d09c3d054fed9dd91b', '2017-05-03 09:15:50', '2017-05-03 10:15:50'), ('756', '2', 'cddf5d481aaf415a13314524757ba900743afd80539db5ab64df88b661cf51ea', '2017-05-03 11:09:12', '2017-05-03 12:09:12'), ('757', '2', '39c91693fe0ac9e0742b957c2e28341eb51c7771577640e893314ac9794556a4', '2017-05-03 14:14:02', '2017-05-03 15:14:02'), ('759', '2', '46e669fa7cbc6e9c48ba0e92d377fadf425fdd8aa6b8bbff89740836839e7b87', '2017-05-03 16:02:42', '2017-05-03 17:02:42'), ('760', '2', 'b3075ae770bf7fdd4e89e01c67408479593e659a4099f2faa18103ff4c9c7cd3', '2017-05-03 18:31:28', '2017-05-03 19:31:28'), ('761', '2', 'f3052eb1df4152973ee01416a8411935790d8bffc3934fc184345127abfed443', '2017-05-03 18:36:55', '2017-05-03 19:36:55'), ('762', '2', 'd6893d255f7a30e628f1ea5e2b32a2e2e028e862d7a3f9aff53a033570be291e', '2017-05-03 18:37:26', '2017-05-03 19:37:26'), ('763', '2', '6d9757ee173b148cd60e255b5ed81b16298ce5cd22db5ab8a8e516329f9639f6', '2017-05-03 18:44:52', '2017-05-03 19:44:52'), ('764', '2', '15f45c69c717066ac091bad438e8546b79b7751fc013f4a2dbe30665e9845673', '2017-05-03 20:13:31', '2017-05-03 21:19:45'), ('765', '2', '2fd387f5d8959d99bcea9ca945f131267d54b5fb320cdf8af737061dc4374024', '2017-05-04 09:20:44', '2017-05-04 10:30:46'), ('766', '2', '9943cd6752cece025d4369b2905abc91bb9899bbd7b26e4d135f6a639efc0939', '2017-05-04 09:39:08', '2017-05-04 10:39:08'), ('767', '2', 'ace5d92f5ba88d34064136adc4c383c567d548e8f403d9db73a0f364ad42f1e5', '2017-05-04 09:39:38', '2017-05-04 10:39:38'), ('769', '2', '7c7396f34086515f62a77bd129fd1edf81ab71e6831d8bcd7ffe2f81bf0acd90', '2017-05-04 10:11:57', '2017-05-04 11:11:57'), ('797', '2', 'cbd6af4a21b19a67ac118bde88ac37ebe95fc980e7512d9941746769515e80ba', '2017-05-05 15:09:43', '2017-05-05 17:42:54'), ('812', '2', '0c57f8a342570b073d8b04636befda795f24b52fcd0e46a024e6711f066baf47', '2017-05-10 17:49:49', '2017-05-10 18:49:49'), ('867', '2', '3e330d939b850bfc3cd9ad0510c6547003946f4d524c030ede16b5950279af99', '2017-05-11 17:11:36', '2017-05-11 18:11:36'), ('870', '2', 'c618bac42d416524b48cb27f0e7578631d2777d67c8126d4ee71fa2dc7fba659', '2017-05-11 17:37:58', '2017-05-11 18:37:58'), ('872', '2', 'fdfbf9879ac7d3268eb7532bb85677adf96ce6eaec9c2a83b8f4269993a99bb4', '2017-05-11 18:00:46', '2017-05-11 19:00:46'), ('914', '2', '4ab388318ae1db023e21a8b9e2faae16f2b36af1de80e0e47a9e44bc6393fcbb', '2017-05-16 15:20:21', '2017-05-16 16:20:21'), ('915', '2', '8cb1afeeca6bd8bed7291b34417fb718d80585edbfc13a241fe93d5563fdbc66', '2017-05-16 15:20:21', '2017-05-16 16:20:21'), ('916', '2', 'd044302fc4f25987ed7f0a037943873bef041e726c482e4ed75330897b4f6daf', '2017-05-16 15:20:21', '2017-05-16 16:20:21'), ('917', '2', '7662c2e650fccacc5661c6b7c2c38b939bdf82c85aa7801932323061689ce181', '2017-05-16 15:20:21', '2017-05-16 16:20:21'), ('918', '2', 'fdf88a39452f7a90ff664e75e716c56db9de3afdba6b980c1b51a5163d8aa518', '2017-05-16 15:22:30', '2017-05-16 16:22:30'), ('919', '2', 'a10e1edb44f3ea847b2ea846e13e0220d36fe0b20a12732f34cfef6b542382ce', '2017-05-16 15:29:47', '2017-05-16 16:29:47'), ('920', '2', '46282064dde57e2f55b2b7986a3604e1d0a917c09542b02764a2cae347b2627d', '2017-05-16 15:42:23', '2017-05-16 16:42:23'), ('921', '2', '152e400487e3f165a5c46a90c4db05cd42eba17dda302dfbb5f9ec449b89b143', '2017-05-16 15:49:34', '2017-05-16 16:49:34'), ('922', '2', 'c13809ed4c3f51e4e5a1abad6dd6ac597211eb7cfd776a66aa4df41f071939f9', '2017-05-16 15:50:30', '2017-05-16 16:50:30'), ('946', '2', '18d4a58c4cf09f61c4f4df9b73eb659220a6582cd93323daaf05d8ae0be8a28b', '2017-05-22 09:52:45', '2017-05-22 10:52:45'), ('947', '2', 'c7cdc69d71d2de8bc5e334e6293225d5399e4852f599df789de67517aaaf0da2', '2017-05-22 09:58:53', '2017-05-22 10:58:53'), ('948', '2', 'cad601e183b76bbdb62ec0d98a204a016653d70d3edc9ecfe2d76f673fa4504e', '2017-05-22 10:00:10', '2017-05-22 11:00:10'), ('950', '2', '61d81854dce70df9291359ff3b106598a45cc03dbe2934768281397ea2e8f552', '2017-05-22 10:05:21', '2017-05-22 11:05:21'), ('951', '2', '7ee4b575b3edcbd9ad3c3e04389853789849e2f7a5c2a136cb344633d5ca88d5', '2017-05-22 10:06:04', '2017-05-22 11:06:04'), ('952', '2', '8cc7257806d2c5a869dd7947e0bcddb12c48a326531beb7ca5c6b31f885ae772', '2017-05-22 10:08:15', '2017-05-22 11:08:15'), ('953', '2', 'b4c5706b41b7b6e719598fb7c52a5794e0dc23b8f586ca0d7f900fe7b61efb37', '2017-05-22 10:09:02', '2017-05-22 11:09:02'), ('954', '2', '2f09e4ce4e7aba9a0e50540f36a456ee76f045976bf800776ecd09867d57a303', '2017-05-22 10:09:14', '2017-05-22 11:09:14'), ('955', '2', '663ce6880097ddcddbd5dcb66bc2c1b7346ca9207b329535d16377c71e01cd3f', '2017-05-22 10:09:23', '2017-05-22 12:17:47'), ('957', '2', '55c9b4834a7904d9a7e98b6a74c601d16e9c426e11345babafaba7fa13cd3aad', '2017-05-22 10:18:43', '2017-05-22 11:18:43'), ('958', '2', '429ebf48c6ef751ea0667a4cbc086544b37d051b932bf4f1d9581ebcff7a79c7', '2017-05-22 10:19:08', '2017-05-22 11:19:08'), ('959', '2', 'fcd0cf8c77537a59d3b3458b53283218aab5afd62848f9507a9d731485584c46', '2017-05-22 10:19:10', '2017-05-22 12:07:25'), ('966', '2', 'fea1f2cec15785b7efb84fce1b299816ca695507d41f22e9e2c9bb540acadaba', '2017-05-22 13:48:04', '2017-05-22 15:36:15'), ('967', '2', '889f255e11dc68822f9c12e87bf33e0fe0cd44fcfcd994b287904cebab009c41', '2017-05-22 13:49:30', '2017-05-22 14:49:30'), ('970', '2', '38ec7e52589dcd1a245ff6c37ecbc8370cdcffc29c962956416afe66795743ba', '2017-05-22 14:14:40', '2017-05-22 15:14:40'), ('971', '2', '9d901fbec291ad7abc1390ab948f323a012a67646d86f9e3c8e98f876fd17d44', '2017-05-22 14:21:40', '2017-05-22 15:24:27'), ('975', '2', 'c22652267e3cd52bb5f699273d4c614f6c424cb8b6a7937438f1340b5e4bf8f4', '2017-05-22 14:54:32', '2017-05-22 15:54:32'), ('1046', '2', 'b8b20ed6a5ffd2389a281df486f25e659fb9d955f6cce87f3ff7686f5af3ea27', '2017-05-27 17:55:30', '2017-05-27 18:55:30'), ('1047', '2', '9bf9b7474049c8ba1051a614608e8ff4ef2fb410e60727771d24eeb1ad200759', '2017-05-27 17:55:30', '2017-05-27 18:55:30'), ('1061', '2', '4b02e821f3f05042965ec0160879e26529518d4a1981accb6282584fda75b6ec', '2017-05-31 09:16:07', '2017-05-31 11:00:12'), ('1062', '2', '43f5929621d616c7aa732b4e3e575f5f785ad8b8f820e79dc9fc0e040cfd779e', '2017-05-31 09:18:56', '2017-05-31 10:18:56'), ('1063', '2', 'bf2ca11eb4897cf259290ab4d3cb0e64b1467c202df2794ee6243d7cb65d2395', '2017-05-31 10:25:20', '2017-05-31 11:25:20'), ('621', '2', '20fe287f864cc72c41e858e081e8e9fdf866ff2da8bf3bf0d5931417b6dc6843', '2017-04-20 16:17:38', '2017-04-20 17:17:38'), ('626', '2', '144d6fc91d5329d94ab18953668daf0b15c0047ffcc3cfd8e87fe255112d3eff', '2017-04-20 20:29:13', '2017-04-20 21:29:13'), ('628', '2', '83362e9418d0cec76ea5ff22fcaaa7527d17338b616aa1c41530fa87d6eac980', '2017-04-20 21:01:16', '2017-04-20 22:01:16'), ('629', '2', '0f7aabe9fc82ccb00d6d2495d4266b3388c7f8c40f69818694b3a75f4ebcdc82', '2017-04-20 21:07:56', '2017-04-20 22:07:56'), ('651', '2', 'e69006653a08eca38cd835c8bf62a442822028b579cb105e77a69704b112bae1', '2017-04-21 14:12:03', '2017-04-21 15:12:03'), ('653', '2', 'd26988a2eb3046b948f14e85845a6893a290a0be9b39ee7acf94e1d878e905a3', '2017-04-21 14:27:37', '2017-04-21 15:27:37'), ('663', '2', '6e650037d11da5209e9cb5c5941e29364ac3ee0be8cd35b532806435e1079b71', '2017-04-24 11:42:21', '2017-04-24 12:42:21'), ('680', '221', 'b05ca5f8d33499df252213a07abcd8963535062a6f17616462a87e19becf87cd', '2017-04-24 19:33:23', '2017-04-24 20:33:23'), ('681', '221', 'de80aed162560fa271a01af68bd1718081373240de182e4b40721317bf11cf57', '2017-04-24 19:33:59', '2017-04-24 20:33:59'), ('682', '2', '91948d339c47cb21bda0f00a265b4d556f912a7f34ca2d45c0a65e7c483c459a', '2017-04-24 19:35:16', '2017-04-24 21:06:34'), ('683', '2', '67b61fac8e3860b929861c93885ef9d475e147cd952725a33da9420bab870b43', '2017-04-24 19:40:40', '2017-04-24 20:59:25'), ('686', '2', 'f39d12ff703a04fd36808706c1d608caea82bef12876a4612076a62e8914d198', '2017-04-24 20:38:24', '2017-04-24 21:39:08'), ('687', '2', '7801409d7fa17c7e1ed1cd548f1b508e588ddbfa1fd989e6391cfd878f1d840a', '2017-04-24 21:08:49', '2017-04-24 22:08:49'), ('688', '2', '2919edfa3e7fbdb472ecb74f315af8df67967be6c2f783338bd5537ea3041c87', '2017-04-24 21:09:15', '2017-04-24 22:09:15'), ('711', '2', '98eaae0dcc567e868931afaa5d116a2b4533269081631c7cba8fb8b224cc45c2', '2017-04-26 15:26:34', '2017-04-26 16:26:34'), ('712', '2', '8c29ab4d7bb7f46a3b8d63e430f57f2d425cc32dcf5f9bd1f5495aa54dcd3f05', '2017-04-26 15:26:43', '2017-04-26 16:51:04'), ('713', '2', '7eb5734cc4cf87e8f90042f5011aa34d7bdeabf1326b55d76a63b38f5f2e8b06', '2017-04-26 16:57:17', '2017-04-26 18:27:47'), ('722', '2', 'ff90cb732311dc9139a5d798c755913aa6e245fb876ed6c832bdcae91bfb8a43', '2017-04-27 15:23:06', '2017-04-27 16:23:06'), ('723', '2', 'f4e41618bcd8b6ef5c13344a8e794b4a531cb83aa002b34fafcc5d8b51bd355b', '2017-04-27 15:23:38', '2017-04-27 17:19:10'), ('731', '2', 'a64f2f472932250b64d4cce56265ee930bcd1633fe3ec36eeae8df888c01dd25', '2017-04-28 09:13:40', '2017-04-28 11:23:47'), ('758', '2', 'dabf3640460dfb0f261ac6e17420db226d0f54b449b414919955af00e5509e32', '2017-05-03 14:31:25', '2017-05-03 16:24:19');
INSERT INTO `sys_token` VALUES ('768', '2', '2836e7ec40863236ce1b38590958a15c5e126270c015efcce926425068ca8155', '2017-05-04 09:40:25', '2017-05-04 10:40:25'), ('770', '2', '1134426b5462bb8eb696aa91bc0f26e623b4ab97c4a75531d8d1e324c6d53814', '2017-05-04 10:13:05', '2017-05-04 11:13:05'), ('771', '2', 'a94730bf6b37806b36f97be15682c3505e54fd85558298597cd9c99c7bca9295', '2017-05-04 10:14:55', '2017-05-04 11:14:55'), ('772', '2', 'de9d200b80c784b35ccdf40383eaa2350201fb931fbd4de5046b7fd86a181b01', '2017-05-04 10:25:53', '2017-05-04 11:28:38'), ('783', '2', '5d78e9b542690cd0e00d9f8c6ffb8e8a7bdc3eca8292eac4598cd238afea7263', '2017-05-04 13:38:37', '2017-05-04 14:48:21'), ('786', '2', '2421ff32c187e1ffdae1a67eb6386206c4662169897638695dfdd62f61b5a660', '2017-05-04 16:36:11', '2017-05-04 17:36:11'), ('788', '2', 'e8b250bedcd9adf0913bb21af313eb05f32523105954b3a85bc643129513c211', '2017-05-04 17:06:49', '2017-05-04 18:22:37'), ('800', '2', 'a2f35c8646cff80e96623a535e35c4c8069c3f8a677bd4fa71e8425a68149146', '2017-05-05 17:47:54', '2017-05-05 18:47:54'), ('802', '2', '66faed495e342e6838672f1cac0d411d66d6ed9d3cb09ef90ba7c631d91c1e9f', '2017-05-08 09:29:22', '2017-05-08 10:35:52'), ('873', '2', '62064beabea9ab00eb86ee1baa2c011d15a37538e8c823c94bc5c4f95f2363d2', '2017-05-11 18:07:09', '2017-05-11 19:07:09'), ('874', '2', 'ab8b40d01786776dace6b98acba702e5eef9b292aeba2b82aabfff0ce0c31889', '2017-05-11 18:10:00', '2017-05-11 19:10:00'), ('876', '2', '7774dbda8504d7a8a52b16ad4e3c2bb2db82add1f4a3383bf1a0961ea36876c3', '2017-05-11 18:21:43', '2017-05-11 19:21:43'), ('879', '2', '45b4d95e6bbf1a4d6d09eaea5d98e2722d0d7d899a5a8f563aea04eb63ddaccb', '2017-05-12 10:35:03', '2017-05-12 11:38:08'), ('885', '2', '680cb02a296f23e2bf808dc67c8c5a5430f9609ddd1b063e070778a26dda614f', '2017-05-12 15:22:50', '2017-05-12 16:22:50'), ('923', '2', '09e6f11930b52b05c9b4bdd62aac6f23f79138921e6b415bb41cf96f2d072f09', '2017-05-16 16:01:25', '2017-05-16 17:01:25'), ('924', '2', '2b05f3837f7fbaec40745a4185e97b96efa9286cfdfcaaec3bc77f6ce16787a6', '2017-05-16 16:03:30', '2017-05-16 17:03:30'), ('925', '2', '0b87322d35a82eb977e2fe3d2b1b80c255111b882e0d452baa7743af5730cce8', '2017-05-16 17:42:17', '2017-05-16 18:42:17'), ('926', '2', '80da8d09cb3ca40e40a0c3d344634f18c0755d8cc13e1edd1e28f8163285fb85', '2017-05-16 17:42:17', '2017-05-16 18:42:17'), ('927', '2', '44ce35ec16d8830d9770d2721804fe01b26e06469eea7dfcc75acaf4c47672dd', '2017-05-16 17:44:16', '2017-05-16 18:44:16'), ('1005', '2', '359268c9ac7f1aa76c49422b062c924cff9492e313dae1f46077dc7525477b72', '2017-05-26 10:01:57', '2017-05-26 11:01:57'), ('1006', '2', 'a4276e9d1fae308888f3e9c1c95064a7231724c393afffc9fa520bbb43802a1e', '2017-05-26 10:27:43', '2017-05-26 12:48:20'), ('1023', '2', '03e3fafac89965ad8e5b8e00e6c207b8394e3dec0164c5fdeed0df023c50fa68', '2017-05-26 18:26:06', '2017-05-26 19:26:06'), ('1024', '2', '83a73ad5057e9a7d82bf0a147fac034fc37d06c835c0d24cde455cabb283a231', '2017-05-26 18:30:45', '2017-05-26 19:30:45'), ('1031', '2', 'f12f57fd38a056f1f821ee5956efc353c3b2da0573a25835dd866057065668e9', '2017-05-27 09:20:23', '2017-05-27 10:33:41'), ('1032', '2', '0e7fb9a0d3997551b222f1b6020ff5398339bbff868e3b3555ee45b1f0952b9b', '2017-05-27 09:49:34', '2017-05-27 10:49:34'), ('1043', '2', 'a6c940f2d3e4c6f5264cd334708140fd4faab0899bc77ef4a6dfc2c5e8dc59aa', '2017-05-27 17:55:30', '2017-05-27 18:55:30'), ('1044', '2', '23feecdc50dc9105677f77730326514d234972955ff95027fc2e87475a417319', '2017-05-27 17:55:30', '2017-05-27 18:55:30'), ('1045', '2', '7cb1d034491940d138e969fbe4198372ef738f63ba15b92fb950f13950d43b65', '2017-05-27 17:55:30', '2017-05-27 18:55:30'), ('1064', '2', 'bdc5f3ef542a503cdc7e439834047a9eb8582095bd808c20ca5587ea92bfb975', '2017-05-31 14:57:00', '2017-05-31 15:57:00'), ('1065', '2', '8932e0160424578f35546364678cc12a668279be442b010299e83aec254aabfc', '2017-05-31 15:02:08', '2017-05-31 16:02:08'), ('1066', '2', 'e7c3e96df86683df48028e342e647b0df05396db6e541c5f1b98261b735d738d', '2017-05-31 15:02:12', '2017-05-31 18:47:41'), ('1067', '2', 'cfe613222e19e19eb3e10f33244d912cd56bb125fc704a631e2e9dddf29ec492', '2017-06-01 09:16:28', '2017-06-01 10:16:28'), ('1068', '2', '57a73166ff9638ea96b5b5e34babf3c98a813a580da1ec06215fe3914ac22561', '2017-06-01 09:18:05', '2017-06-01 10:18:05'), ('1069', '2', 'f153cf8d4e8348171b5a42da58e8e0265cfece498a40bfc8ca6bdc3ea3b47f18', '2017-06-01 09:20:35', '2017-06-01 10:20:35'), ('1070', '2', '3b9b5a6336be7beda2f1ffd6ad71209206d850bf0adb17e5bb49f31baa2e8316', '2017-06-01 09:20:35', '2017-06-01 10:20:35'), ('1071', '2', '4e1768e1aaadb6baa557c419b73f7b08d6d78640b7014e6dcd55bb7f4933b7ab', '2017-06-01 09:20:35', '2017-06-01 10:20:35'), ('1072', '2', 'e62dfd3de10f872ebe3cfa308d375328bff0610a798ddf3d966fa70cb987cc2d', '2017-06-01 09:20:36', '2017-06-01 10:20:36'), ('1073', '2', 'f1e9762b7167fbeae4bc1a1633a545b488b44f9914677b052a97fa38a98d73cb', '2017-06-01 09:20:36', '2017-06-01 10:20:36'), ('1074', '2', 'b22672498dd1d19aed4e55829cb409be40fc1054e4c6386676f72984eebe6ebc', '2017-06-01 09:20:36', '2017-06-01 10:20:36'), ('1075', '2', '4abf04d01db863378bf7ebdafcde2bc12ff9f87b245370077fc57d0364f0eaf6', '2017-06-01 09:20:36', '2017-06-01 11:27:10'), ('1076', '2', 'a60e6fad5fcb8e16fd4f7cdbbd81c2b578b4c364a1a1f627e4ec400781e05090', '2017-06-01 10:35:55', '2017-06-01 11:35:55'), ('1077', '2', '845e5ce9ad0a06c251f8eb911c5f5fc9657b5df17d0998e2ecaae091dc3b581b', '2017-06-01 10:58:29', '2017-06-01 12:16:41'), ('1078', '2', 'b12afc63b0947e661a5ff5385b13701959f9ab40b99ec8bcf9a02a6cdc9bccfa', '2017-06-01 11:48:00', '2017-06-01 12:48:00'), ('1079', '2', '962f57f837296b282cc3b14e1a3fa3ca97a3c2ebc98edc993e93972d0b0ef515', '2017-06-01 13:37:36', '2017-06-01 14:37:36'), ('1080', '2', 'd63656d16f98bf53770f91a1bb5beb2d7d5dd7413041cf223440bb3e80faf1f7', '2017-06-01 13:38:14', '2017-06-01 15:41:26'), ('1081', '2', 'ed66ff4bc39150170bca7a0b3d43c7a8527c9b1e0b10caaf890ca1bca2a117be', '2017-06-01 14:26:04', '2017-06-01 15:26:04'), ('1082', '2', '9d884ceabbdeca7dc883552db7592a97a82dfe8cfaad4448c9246bd1bef544f8', '2017-06-01 14:46:00', '2017-06-01 15:46:00'), ('1083', '2', '135fde799328c7bf586e3bf62db61c0a008f68a6022875deea5402d39f85a890', '2017-06-01 15:51:41', '2017-06-01 17:09:51'), ('1084', '2', '0972061302000919a012d90e867a9961523d577af0b6968a076c4d86906ea66f', '2017-06-01 16:42:38', '2017-06-01 18:45:01'), ('1085', '2', '58da84d4adfbed2654858c95e58b451a097aadf2665ae8812e8424cde3f64491', '2017-06-01 17:25:31', '2017-06-01 18:25:31'), ('1086', '2', 'f30eeffa05d32843972a709878720d4efaae0198043d60ea84761f1ef895945f', '2017-06-02 10:22:48', '2017-06-02 11:22:48'), ('1087', '2', 'eb7a8741881aa33721e4ae7ff0c82ed14701f9095b1180f3bf4105d214f399e4', '2017-06-02 10:22:48', '2017-06-02 11:30:02'), ('1088', '2', 'f2a5b2f27bc92a1684dc77834f5e630ebf873fba677f71e4011d6ef3c6f4767b', '2017-06-02 10:45:05', '2017-06-02 11:45:05'), ('1089', '2', '37e57d660b7de87784cdec105cbf76dc2aaf5ec2e81fe6e9c97d53eb5576cdf0', '2017-06-02 12:00:19', '2017-06-02 13:00:19'), ('1090', '2', '4e2b412a6d62fd3a4c3ccdcffd0ea55f0969d10dbfa6bc3b846174776c1f71f2', '2017-06-02 12:00:19', '2017-06-02 13:00:19'), ('1091', '2', 'f9fb71f72d113fc4fc129b233172e49a9cc112d614c12144a08bd87967945568', '2017-06-02 11:57:37', '2017-06-02 12:57:37'), ('1092', '2', '11206cbcaebb31dea5b74be64af303a1f24ada81b418a0525c167eab5bab42b0', '2017-06-02 11:57:42', '2017-06-02 12:57:42'), ('640', '2', 'a9221d378e915069f560b2f69c73b9d27edcad723b186fbb3a6291a7d45116c1', '2017-04-21 10:09:58', '2017-04-21 11:09:58'), ('645', '2', '16ad1b27b935636c898629b45130c4b1903c15c5cb9b0a4fd4b64951d034597a', '2017-04-21 10:55:38', '2017-04-21 11:55:38'), ('717', '2', 'cdcaaf0b76cfbdf33998b9ce4347c453524e7dc1d7604b0dc8367f1e6476b255', '2017-04-27 14:07:21', '2017-04-27 15:07:21'), ('741', '1', '0b1e010eec970ce6d34a6ab96b94168fc5792396a25c93a2632f895101d5d964', '2017-04-28 14:52:52', '2017-04-28 15:52:52'), ('747', '2', '35cf6d75e139b3138bf0a3f1aa9fbb8a434ea619d928f5fc8cefa383110b5520', '2017-05-02 11:00:20', '2017-05-02 12:00:20'), ('751', '1', '050a4b1f92038d7d803b7b345a14afd62e161ed444ea8833d74c9bc7e4b3058d', '2017-05-02 18:00:23', '2017-05-02 19:00:23'), ('752', '2', '2150bfa8c7d45d2576eeb27f01301a5676c8e57536a9befbaa6dbcbcacc2f24a', '2017-05-02 19:46:40', '2017-05-02 20:46:40'), ('804', '2', '52da0b1096555a0f2b67bf2cf4ca32b64621dd51d417703d23a231eb8aafdf12', '2017-05-08 11:57:01', '2017-05-08 12:57:01'), ('806', '2', 'ffb94f675ef34dc553201afb715c5282852a311440503f9079b387095b47cd5c', '2017-05-08 13:03:34', '2017-05-08 14:03:34'), ('813', '2', '9479e0764db302ebb359be2dcdc9b01114641ab555cc8ae70af85e8eeaad15d1', '2017-05-10 18:01:59', '2017-05-10 19:01:59'), ('814', '2', '9d7e4971a04cc200a572b5b27ecaa1498f5d4b3854b453cf822f7953ca1fb1df', '2017-05-10 19:01:16', '2017-05-10 20:01:16'), ('815', '2', 'a486f8bc1ed16e43398e8fce6c356387ec15203aed353cd77e245c586ac3d1e0', '2017-05-10 19:02:10', '2017-05-10 20:02:10'), ('816', '2', '5d940ef8dc566a06a6d160ff97bb14306fa64f6a3dd119d405099f70bdde978b', '2017-05-10 19:02:48', '2017-05-10 20:02:48'), ('817', '2', '92ff651fc8bcd63e2d46a68f50230334be22ff511c6c5c8f6fb7b4e797474da7', '2017-05-10 19:04:59', '2017-05-10 20:04:59'), ('818', '2', '78f987742d895c9df6594e12cdb555ef6797884c2e66aec4ea45038e52bd7da2', '2017-05-10 19:08:51', '2017-05-10 20:08:51'), ('819', '2', '0ae5708efae66ab5adc585609cf3ab369153f0f4fddce9433069dc802bfecd3a', '2017-05-10 19:15:38', '2017-05-10 20:15:38'), ('820', '2', '6ba6c2673e02943146e83010a27ec2302093974c32c1834f58882440c9053173', '2017-05-10 19:16:21', '2017-05-10 20:16:21'), ('821', '2', 'ab3d5ca779f85ed9b9cfa775d9544267a3dc8bf11d3901c2c1ce9219b87bad05', '2017-05-10 19:22:14', '2017-05-10 20:22:14'), ('822', '2', '8f7b5ae808d3f25f95275e3f6701c6e13592f678f8309a71715ea03af4bddd06', '2017-05-10 19:22:20', '2017-05-10 20:22:20'), ('823', '2', '1844aa4bdffcaa393d35bdea84dcc323803338123535be5c20c039de7d4671b2', '2017-05-10 19:24:32', '2017-05-10 20:24:32'), ('824', '2', '86f97ca74d58fc855eb9f4f7420b641d0caf8a574d2f42c5846e7b55de086dac', '2017-05-10 19:24:37', '2017-05-10 20:24:37'), ('825', '2', '1b7cbf75a16f7328584d3a75562ba6f2c27ca508aa35be179de94d94119a57ab', '2017-05-10 19:24:48', '2017-05-10 20:24:48'), ('826', '2', '1c564cb5cf9472b8bdc3ff5b738cdb8841c4dad63962207896d814c22eadc012', '2017-05-10 19:28:13', '2017-05-10 20:28:13'), ('827', '2', '280f65e299e500f2bee2dab6f548d148c086269f9e7aa4260e33d9290ca34cfc', '2017-05-10 19:28:37', '2017-05-10 20:28:37'), ('828', '2', 'fd0e19278a73bba198e437134974bc9c1fbfc9921464bbc241f024cd4d29fc16', '2017-05-10 19:29:03', '2017-05-10 20:29:03'), ('829', '2', 'ddf05c43151f9a6aeffdaa5cebec3fe1878959ae93152bd5852fc82d1be490d6', '2017-05-10 19:29:47', '2017-05-10 20:29:47'), ('830', '2', 'f7b117c6b5a4eab146c7abdf3df2ae13712c91b47afcbc0e698e02fa20fbc859', '2017-05-10 19:30:58', '2017-05-10 20:30:58'), ('831', '2', '981d53cb747cde1e65a3406f7d6cba215161801976508adc40ae97b989516a02', '2017-05-10 19:31:11', '2017-05-10 20:31:11'), ('832', '2', 'b520a5ef6319b852a70dd6abae42a897624e95545d970ea4b95a5894dd5a9335', '2017-05-10 19:31:33', '2017-05-10 20:31:33'), ('833', '2', '8d40bf69fbc0dc2bec653ade678323e7e29af55513a94280ac2ecbce16fa5ab1', '2017-05-10 19:32:04', '2017-05-10 20:32:04'), ('834', '2', 'a7a7b631c557ff9d3fe14a15167258ec09bdf049dfd892598c826a253b6da2e1', '2017-05-10 19:35:24', '2017-05-10 20:35:24'), ('1040', '2', '2f443eaf33b37881dbc4307266fa3451d7375bbf1a39fdf0299f05ccb983fe21', '2017-05-27 16:18:25', '2017-05-27 17:59:15'), ('1041', '1', 'fd22d3dda45f18712aa420fdb614965105d2f072559107b4cd54a27bb7d89fb7', '2017-05-27 16:37:33', '2017-05-27 18:31:47'), ('1094', '2', '9b4116d352abf4451718ff8ddf4523571178c1514bfa4d400842327dc42654e8', '2017-06-02 12:33:15', '2017-06-02 13:33:15'), ('1095', '2', 'ad5c6b949ba6a65be1c1a337f2d07e69a8e7aa096c6211603a300df4f1956c86', '2017-06-02 13:53:40', '2017-06-02 14:53:40'), ('1096', '2', 'a7bb14d8a34cb95d78e6daabecd1ad78e258743bb58d6643bd38b776bc6e6be9', '2017-06-02 13:53:40', '2017-06-02 14:53:40'), ('1098', '2', '9dd302238def839f287a0cd940defbbb3085572f958ab85ba0114c0050b72896', '2017-06-02 14:08:40', '2017-06-02 15:08:40'), ('1099', '2', 'cba9bcd58a05a0d1d4aa7a3b702fd3125c3e21403e799f6d145f21162a7509c2', '2017-06-02 14:08:41', '2017-06-02 15:45:33'), ('1100', '2', '8647134f7b0a1d1ccff4445488c45c8756f6fb9dd782ce5dd2bb2079790a3012', '2017-06-02 16:01:45', '2017-06-02 18:17:01'), ('1102', '2', '493f478fcd31487414cc514859702eb78c14e6c651abdf53c9480d23707331bd', '2017-06-03 14:52:34', '2017-06-03 15:52:34'), ('1103', '2', '1f5fd8cce1fcdced439642a9f190e8563cbdb4ea2fcef5c839b3f3479dcb1d9b', '2017-06-03 14:52:34', '2017-06-03 15:52:34'), ('1104', '2', '817bb5ebec291424e26e115d12724c60ff7c12cb3a3cfb68f0d3acdb2244ebb1', '2017-06-03 15:20:18', '2017-06-03 16:20:18'), ('1105', '2', 'd8811f140cf056b52301f21c0787148b17e38c64455d1d80a091f88a206af91e', '2017-06-03 15:20:19', '2017-06-03 16:20:19');
INSERT INTO `sys_token` VALUES ('1106', '2', 'cb017b48a7fcc659914941f5222266787b3e3680f96746849a5c0af45621c561', '2017-06-03 15:44:31', '2017-06-03 16:44:31'), ('1107', '2', 'a1ce8926e06ed3887ec4126fdb18e4956bc3237aab5263c2ab017cea09ca566d', '2017-06-03 16:06:15', '2017-06-03 17:35:15'), ('1108', '2', '468bbf083f6b50dca89db8a4101dcfa888d7913a5c56f58ef24841e7332e3264', '2017-06-03 17:46:24', '2017-06-03 18:46:24'), ('1109', '2', 'f1b3e5e551ccf0c171d66e65031616315d795bb7fbd83c18149d67e529724272', '2017-06-03 17:50:32', '2017-06-03 18:50:32'), ('1110', '2', '6ffe0177271333e92e6dcd75c97de11bbf1c28e5abcb6e24c6615f3123e9d4c3', '2017-06-03 17:50:32', '2017-06-03 18:50:32'), ('1111', '2', '8ed5cac45b70f618f966ccf3fed1ad7e1ebfbdb410b1c7be3d93fc19d66515a9', '2017-06-05 09:05:43', '2017-06-05 10:05:43'), ('1113', '2', '02c53218ff8ab238a9bd16b82a633bb0873a580ba31162d02908b397ae607fed', '2017-06-05 09:40:18', '2017-06-05 10:40:18'), ('1114', '2', '14bacb7b7b45a9fb200b2f9d29ad294f57adc716286685cb8818efa88e715495', '2017-06-05 10:15:54', '2017-06-05 11:15:54'), ('1115', '2', 'fa478a41fba1b4a3af15dfdcaec21aa7a5ef73ddb0f7d7164ae459cd30ba2163', '2017-06-05 10:47:03', '2017-06-05 11:47:03'), ('1116', '2', 'b7879ac441cd77d829b31f2b4f10912e26e70258e72011ddc16af2b84535c601', '2017-06-05 11:06:35', '2017-06-05 12:06:35'), ('1120', '2', '0612bbf999e21f34f42e6b48c88ab60df126806035157dd10a852e27c440f1e2', '2017-06-05 12:19:42', '2017-06-05 13:19:42'), ('1137', '2', 'cbf635cc9308f9e32b693d986fa91e62d85ada4173321d68279fcbcc248469b1', '2017-06-06 09:15:20', '2017-06-06 10:15:20'), ('1138', '2', '7c09ae9806f96c9a502715d2295d0174e1e3d34597b37bb7a6780be7e87ee2cb', '2017-06-06 09:26:15', '2017-06-06 11:23:49'), ('1139', '2', '796006ca99c8c6e9a27d6de02f4772e222732be8b76a6b604d15dc4cc1aad529', '2017-06-06 09:57:37', '2017-06-06 10:57:37'), ('1140', '2', '5a0bb874ecdcdc58d7d9ed8397cf148cf6641535187bfca3edfab09e069a4a52', '2017-06-06 10:42:20', '2017-06-06 11:42:20'), ('1141', '2', 'c1de103b71b2db5cec61835fe03d6c2b3674eabf7c4071e956b7c819227094d2', '2017-06-06 11:05:28', '2017-06-06 12:05:28'), ('1142', '2', '423a2e25cba472898f209780f2e4e6f27cf87b285510551c5f0fd848149dbf05', '2017-06-06 11:06:06', '2017-06-06 13:22:37'), ('1143', '2', '8c0b73beee91b6f4eef5303c586980b98e80ffc1111eaa3546b38a912643da50', '2017-06-06 11:17:22', '2017-06-06 12:17:22'), ('1146', '2', 'c6683ad652316fce5b231c054bb5378bace911b3628ed277c11d7388fa836c40', '2017-06-06 13:34:57', '2017-06-06 17:41:24'), ('1154', '2', 'a2c41fb23d4cb71300dc15f49e23b37ddad233a7e8a75e980bf8bc3a15f1fff2', '2017-06-06 16:25:59', '2017-06-06 17:25:59'), ('1155', '2', '176d0f2d19e593533934d5b67e1f3e7948033f3d2999e0dadf3790aa5842172a', '2017-06-06 17:31:53', '2017-06-06 18:42:22'), ('1158', '2', 'bbd797513ff4ac3310e3767540789bfbce5e3b336a03663ab3e1dfe580e0fd01', '2017-06-06 17:59:33', '2017-06-06 18:59:33'), ('1159', '2', '3df9c63117720be9540a5bb87d6985647d9317c5ccd483eb0fbb43e17e3c732c', '2017-06-06 17:59:36', '2017-06-06 18:59:36'), ('1160', '2', 'd7eb46c7236c078d76625db825517afd5005f62231e22f685e7973b44846871c', '2017-06-06 18:20:05', '2017-06-06 19:28:58'), ('1161', '2', '025fd636c5059ce3c813d3af1f94862137ff32257815ffb30564dad86aef65e8', '2017-06-06 18:36:06', '2017-06-06 19:36:06'), ('1164', '2', 'bfd3e4015ae4e1584da4e7d3b5d56cad8bdde7cbb5f0100906424345581326c7', '2017-06-07 09:30:36', '2017-06-07 10:30:36'), ('1167', '2', 'd415ddf325b358f9cff40ba0b99fc8e82f41d58e15c629218622f3dd2bf0c9fb', '2017-06-07 09:40:41', '2017-06-07 10:40:41'), ('1168', '2', 'a1534ae272834ef009f19ef0f749e45177fbe4bceacf4e3c6738f72f5a1024b5', '2017-06-07 09:40:44', '2017-06-07 10:40:44'), ('1169', '2', 'beab268d70db237e4921b0fe1679cefa7673816ac1b7ca7186150985282ffc3e', '2017-06-07 09:41:06', '2017-06-07 10:41:06'), ('1170', '2', '57d126b98b2d3aa0d8d0a2f3cb4f3aa320ae33405e215cf28bc557da9189cea2', '2017-06-07 09:41:25', '2017-06-07 10:41:25'), ('1171', '2', 'd008e1394c1da2d3d7b755ee454af0403efa4c8604e977b892b15513876e41b1', '2017-06-07 09:43:27', '2017-06-07 10:43:27'), ('1172', '2', 'b7aa0c09741b1d657d794bc4cfc5a51e52f3d500f058369c9862a603a4b1ec24', '2017-06-07 09:43:29', '2017-06-07 10:43:29'), ('1173', '2', '717e5fe5289c6e0162027ef1c13e092290d1ea84518dddffb88dd6fb2865aa89', '2017-06-07 09:43:51', '2017-06-07 10:43:51'), ('1174', '2', 'bbc1b591ed2608ef2c2807b34ec84ea6077c6f702e5fd7ed254b484ec423727a', '2017-06-07 09:56:48', '2017-06-07 10:56:48'), ('1177', '2', '7aa491a8f0bbca759fdeca1a71569af32f522b6a06b6895b274b1cc915f53ba9', '2017-06-07 10:05:03', '2017-06-07 11:05:03'), ('624', '2', '1305a8eea48afd1b49e7165ad47822650503dffacf66ab1885adc3d6f4d94e2c', '2017-04-20 17:56:56', '2017-04-20 18:56:56'), ('625', '2', '1b6457fc72ad813b53779bc570e73ef31a1970fcee4c4169c47babc01423401b', '2017-04-20 17:57:17', '2017-04-20 19:24:56'), ('634', '2', 'ca4b14f9eee012e0ffc991acb59fc5b2711f73a1ba5ed9232768b7b59c5f5890', '2017-04-21 09:46:48', '2017-04-21 10:46:48'), ('635', '2', '1f22e879a5021e6bb47ffe4567ef6760dbe07a2dfab63089fb2080540256d996', '2017-04-21 09:53:48', '2017-04-21 10:53:48'), ('643', '2', 'e913e826a976371ef44ee0598951e10e528adf0e78014be8b90d8f72f90d6026', '2017-04-21 10:46:45', '2017-04-21 11:46:45'), ('665', '2', '11c0a195ec15e434cebe5758a32300545fa8228cd939b4d96348e2d3bc7a92ab', '2017-04-24 16:36:37', '2017-04-24 17:36:37'), ('667', '2', '7fe9cb5c67aa4b78fa7d56dcbe3e347d189d9641f95a1bb4cc22ebe5b64ca328', '2017-04-24 17:44:06', '2017-04-24 18:44:06'), ('668', '2', 'ab0a1f48d8b892ea6ae56ada2d5e98ab75f7f6a2cc71924dba298b65ff003af2', '2017-04-24 17:47:31', '2017-04-24 18:47:31'), ('669', '2', '9c0f1f2a1ac1b0d4a48baf813cab42b16fef0aa6b75286394036ce879df349d6', '2017-04-24 17:49:11', '2017-04-24 18:49:11'), ('670', '2', 'd695cc5d96ab5b6782f4157b4f5acfde9c103561f4d901228905629822213c97', '2017-04-24 17:49:58', '2017-04-24 18:49:58'), ('672', '2', 'bb809aa45adffb2b91a77f9afe7308a234574f3ab56f8cfb96c78101e206ba4c', '2017-04-24 17:50:41', '2017-04-24 18:50:41'), ('675', '2', '6f7926de64b7ddacb08317fa4c90add36a30fba84e1b96a4f3feb5948dde54d2', '2017-04-24 17:56:28', '2017-04-24 18:56:28'), ('678', '221', '5dabe76f527e07f29f8c879abc060de26b0a688fb1132bddb61f57443a8d137d', '2017-04-24 19:29:28', '2017-04-24 20:29:28'), ('679', '221', '100eebfb760cc94212a595704ab9257111407e306ecb4a5948054d23c070318e', '2017-04-24 19:32:20', '2017-04-24 20:32:20'), ('729', '2', '6ce28f79a831244224ccb1099ff0a0cc64d8ef652ae743233a1cf4fbf8e6d8a6', '2017-04-27 17:54:42', '2017-04-27 18:54:42'), ('733', '1', 'dbdef54fa68fdb05a5fee2787602be9cabdd0ab80d15647245c805c3198d13e0', '2017-04-28 12:04:16', '2017-04-28 13:04:16'), ('734', '1', '7d7da5ba6d39af847e956fe5ff0f6d87ff5c98028f623d5641ad7294f2639ea4', '2017-04-28 12:13:00', '2017-04-28 13:13:00'), ('735', '1', 'fb0365f1e96316c982ed7d3eaf4b1f463e122d68e1e95d8433140a6dbd9833e8', '2017-04-28 12:18:13', '2017-04-28 13:18:13'), ('754', '2', 'de7fc1874b7d90223ade96b0794219506b80338ec679240db7a1457d381dcaa5', '2017-05-03 09:27:29', '2017-05-03 10:27:29'), ('755', '2', 'ede669d5758744a8a3263624bae85def1674a7abc2f8c484f531c6f002b461b5', '2017-05-03 09:38:28', '2017-05-03 10:38:28'), ('787', '2', '9ea935eb144d48e164d725974613b228d54f703be979e28e1c43abc006f60540', '2017-05-04 16:58:48', '2017-05-04 17:58:48'), ('801', '2', 'c2f8c3918ef25e44d488d5257b89a3755629b1b2850ab44f32f26694f1e2f128', '2017-05-08 09:27:44', '2017-05-08 10:27:44'), ('810', '2', '5f84d18b3b686694ddb6d3b51c6455549f5e6c261f018dd5db1f0b82defcc7d8', '2017-05-10 17:21:51', '2017-05-10 18:31:21'), ('835', '2', 'dedee0cbd7805b4312b301af5edfedc12225c7251de715359bb94708a5b3599b', '2017-05-11 09:18:36', '2017-05-11 10:30:19'), ('836', '2', 'e566a50e2d857c68c8d2a7726082785f3c67eecdb7cbe936c1bcecd0b2d4eea5', '2017-05-11 09:26:24', '2017-05-11 10:45:04'), ('880', '2', 'f9c834457126a1f370556d5103c11856421b315d03eca982a909271ad5651de3', '2017-05-12 10:53:56', '2017-05-12 11:53:56'), ('882', '2', 'f2c8e8d78ce784e8150d47cf18fb99ae83975fd2783ed4098882ff1f7dcf887c', '2017-05-12 15:01:54', '2017-05-12 16:01:54'), ('883', '2', 'fe6c204693da1839465ae8fa573ab639edf73777ab2bb8c133ffe158b80f1f4c', '2017-05-12 15:04:42', '2017-05-12 17:31:16'), ('886', '2', '1fe82adfcf6c697f180a1c0310818a95df157435ae43d5f1897ebc1df647383f', '2017-05-12 15:59:21', '2017-05-12 16:59:21'), ('902', '2', '410179d6990ad028a651ae199722b7b599679191ae3fb756f8cc9f1fd94c7334', '2017-05-15 09:43:15', '2017-05-15 10:43:15'), ('903', '2', 'e9318a89483d7f906205e737efbe5266710e891bc49970b772374414551f8ff7', '2017-05-15 09:45:42', '2017-05-15 10:47:59'), ('904', '2', 'e2bb29ada4a5a0bca7178aec75d979cb90ba3dd0ca8f4790c307f516394d368a', '2017-05-15 11:41:26', '2017-05-15 12:41:26'), ('907', '2', 'e475c260328563a065f4148561d0daaf97d579e0a10e47816206240f0f1d8e96', '2017-05-15 12:18:56', '2017-05-15 13:18:56'), ('908', '2', '9a633696474af217adaf4c26dee9ba1ed19555a0657d4c9d11cd7f48b200e655', '2017-05-15 12:31:52', '2017-05-15 13:31:52'), ('909', '2', '52befd9216f18a907fb0f0686224a005e3ed9a7343f2218fa86bbd7b690f995f', '2017-05-15 14:02:38', '2017-05-15 15:02:38'), ('910', '2', '9c2d184f18aaf3acced66b2c37e25dcade0f98a38be0288e23ef7d7f971e0e11', '2017-05-15 14:09:24', '2017-05-15 15:09:24'), ('911', '2', '194ef6e7a195af878debba706bbc4f5d0f808f6ed2e4442e5a957d1c065e4e25', '2017-05-15 14:12:14', '2017-05-15 15:12:14'), ('912', '2', '111f1d751976daa1c1cd737fef25b32e00fdc1873f31602ba8df5b2140509eca', '2017-05-15 14:46:34', '2017-05-15 15:46:34'), ('913', '2', 'f5112751dee52e76b25cc80714b9e20d51fcb05864b472d3de72795b55f5e6c0', '2017-05-15 14:57:49', '2017-05-15 15:57:49'), ('972', '2', '061b5d9ca0874b77de60672550ac8a9782e9fc9f131f37694c78ce2b567e806c', '2017-05-22 14:18:34', '2017-05-22 15:18:34'), ('973', '2', 'cba57b1182a19b5e9a10dcefbeee1dc6d46624a1be2e8f14ac48bca2b4af3415', '2017-05-22 14:34:57', '2017-05-22 15:34:57'), ('974', '2', '7cc8218f8ff5192bcfe88bec9c51bd151d66683e6ec20187467db7ce44e983db', '2017-05-22 14:45:52', '2017-05-22 15:45:52'), ('988', '2', 'cd8b482b0423c0d51e198a95b0e51c41169d9dc61f9c6604eafb615c8c31b845', '2017-05-24 17:16:56', '2017-05-24 18:16:56'), ('989', '2', '20e58878fc66686b9446106bdc8fab7596c8885b125b0396a2573ecc0eda84b1', '2017-05-25 14:43:40', '2017-05-25 15:43:40'), ('990', '2', 'ed2794e73437d2d2ecc65895221b2207b70b25b3effd7e88a5a3b50962f05b33', '2017-05-25 15:17:46', '2017-05-25 16:17:46'), ('991', '2', '78a9d833eed63e2387ea4f9be271c4150335771d84d2435a646d0e746f777876', '2017-05-25 15:18:05', '2017-05-25 16:18:05'), ('992', '2', '8db534004326f63befccb495f343d0958ecb405c7603eb22a5e2c119c12dfdaa', '2017-05-25 15:20:55', '2017-05-25 16:20:55'), ('993', '2', 'b3c53f2c266392000bf8a4b894549a5b2c8b0209a09cce32d0028a1c5ac0fd76', '2017-05-25 15:22:24', '2017-05-25 16:22:24'), ('994', '2', '6a7dd6ba433ad3aaa4b0912bb14736f69f2727d150c583307aede4b05b13894e', '2017-05-25 15:24:25', '2017-05-25 17:58:31'), ('995', '2', '9c93b99493376514598a03f01aa157af5bc9b27dae1aba910ff82aac975f787a', '2017-05-25 17:28:39', '2017-05-25 18:28:39'), ('996', '2', 'cbc7533bbd6d79339e40cd73ece87032006d1707d4a8f7807b6e3be75b4e2554', '2017-05-25 17:30:55', '2017-05-25 18:30:55'), ('998', '2', '45dd741f214865b34fa6ed779d88d46c84ce02fe14d94308ea3ed3867df35b46', '2017-05-25 18:06:03', '2017-05-25 19:06:03'), ('999', '2', 'a4d39650257fb08c982c632616b1fad97b6cac2946e0d810a4f2c994f121672d', '2017-05-25 18:06:42', '2017-05-25 19:06:42'), ('1000', '2', '7ef9a0f199d86caf41415a14408d71f676a9d4489ff6400d502b887a4de4c5f3', '2017-05-25 18:09:22', '2017-05-25 19:09:22'), ('1001', '2', 'ca6eebbb8c63256a3ad1fc389b9574d2eaa21d34571392f333c3c9f10db451a1', '2017-05-25 19:10:36', '2017-05-25 20:10:36'), ('1007', '2', '94dbf45454591ce267c74de7beaa48abc71eb13e3e29a9067b48bb903714cd33', '2017-05-26 12:13:36', '2017-05-26 13:13:36'), ('1008', '2', '4c821dbcd8813a308225eaa6e4aec49338afd21c38f61bc8776733b896581bb5', '2017-05-26 14:15:49', '2017-05-26 15:15:49'), ('1009', '2', 'f1a4d9c3fd2c8eeb58b0fb4872891342360d49cee7be37ddb432b5184d895cac', '2017-05-26 14:27:30', '2017-05-26 16:49:38'), ('1010', '1', 'd56933e8bbafc285be0f48ac1a1b81f9e4694c759ed3ffcdf271aed7ecbd3640', '2017-05-26 14:30:07', '2017-05-26 15:30:07'), ('1011', '2', '191727d7b70bda8c6c7910be6d99133c50ad241c1dce0ba9c25440ae9ba182a7', '2017-05-26 14:30:19', '2017-05-26 15:30:19'), ('1012', '2', 'c9df81336a511ec252eedf72645b939bce9e09ce03294840448d49b3d7b28f10', '2017-05-26 14:40:17', '2017-05-26 15:40:17'), ('1013', '2', '6263e055fef5b4b24deebe7a94523dcd428e122679c0db20a51e2ee512e816ef', '2017-05-26 14:43:09', '2017-05-26 15:43:09'), ('1014', '2', 'fa687e654333922bf0c4a684722799d4ed4737a6f7b037cd2d92207bebe0df7a', '2017-05-26 15:01:00', '2017-05-26 18:48:28'), ('1015', '2', 'ac859efa299369bbf627c59b89805f0fb83557a10f3869284b7d0fc08b20567f', '2017-05-26 15:27:35', '2017-05-26 16:27:35'), ('1027', '2', '89ce8ad328d4ff2416cdb462ee9c83fc12ffccaffd36961aad7df7888671b8c2', '2017-05-26 18:31:35', '2017-05-26 19:31:35');
INSERT INTO `sys_token` VALUES ('1030', '2', 'e443cc99bf24245dcb599c25cf5374bea46c93f5bb24e36e4eed0196532874b0', '2017-05-27 09:11:02', '2017-05-27 10:11:02'), ('1033', '2', 'ea56bdd2b3e9c551cea451fbb7da87061264384db854b5f00c213e4c3a6a283b', '2017-05-27 10:20:07', '2017-05-27 13:09:08'), ('1042', '2', 'bda69210d40ef10551adb330340eff7a5341f6b0e831d0817ff72997c39c5f30', '2017-05-27 16:49:45', '2017-05-27 18:42:50'), ('1097', '2', '84b28ea74a74f461dee0452ae10bb6cbd16c896cc27fa4e3bfd00c2d17005296', '2017-06-02 13:53:40', '2017-06-02 14:53:40'), ('1112', '2', '53b20a2f0cb55050f3cb2a738f60b9166eab4e0a3964c63c311b8011e25867e6', '2017-06-05 09:09:05', '2017-06-05 10:09:05'), ('1117', '2', 'f5af95d54baa70f9f34015d5901dbe590bf2908049208853e8d2e17b0520bafc', '2017-06-05 11:09:52', '2017-06-05 12:09:52'), ('1118', '2', '00ad6e29e8466253f6a93d0239f2574c23ff391483569b72718636911b7d7278', '2017-06-05 11:09:52', '2017-06-05 12:09:52'), ('1119', '2', '98ac63efaace2a25a49fc0a51acfb0db555d045c3b95699b2692dbf5605c1856', '2017-06-05 11:25:13', '2017-06-05 12:29:29'), ('1121', '2', 'c2b1c802268f621d6ad558fcf0cc16615e1891818a6e767ebe77268e846e73d8', '2017-06-05 12:17:38', '2017-06-05 13:17:38'), ('1122', '2', '2c7ba637c26c7f43090220c4800455ee6b5d64ca83abe28cd606b503c716a27c', '2017-06-05 12:22:38', '2017-06-05 13:22:38'), ('1123', '2', '87bca3afc942aec8cd02c008114fa48334997dafea1bb23efc8a7b2c4997ad4c', '2017-06-05 13:35:36', '2017-06-05 14:35:36'), ('1124', '2', 'ec187dffb9d2bf96ac7b43bb482c57b12fbf315bc45951cfd36927984a9210fc', '2017-06-05 13:48:28', '2017-06-05 15:05:55'), ('1125', '2', 'ff3df2e3932a46a242b760826f5871b37f38c0f582a57452a21f260fbed75e94', '2017-06-05 13:50:08', '2017-06-05 14:57:12'), ('1281', '2', '9d53805a2548bc6e9b56514fd06b44d38363b7f35ad5fca717481a53676e1f5d', '2017-06-19 09:01:02', '2017-06-19 10:01:02'), ('1282', '2', 'c676e06cb066f11ae3c76637ba439cca0a5a73b7d621acb412281912ecfb2ecf', '2017-06-19 09:06:07', '2017-06-19 10:06:07'), ('1335', '2', '93020a24d4ec10e60a02cb2ab7dce4c4432d0f4cc920fce7d9c542b77f70de42', '2017-06-22 15:55:33', '2017-06-22 16:55:33'), ('1358', '2', 'cd21cdb02b4df09318f1929e2b7392834a02536a2d71ed9e4ffd59eb3c07a324', '2017-06-27 09:56:18', '2017-06-27 10:56:18'), ('1359', '301', '769a48d2a8d03eb9e549b35c1db2d891060f3414f97803632aa55b5a6074557d', '2017-06-27 09:56:38', '2017-06-27 10:56:38'), ('1367', '321', 'd41cfd3877e8e4aafa1bc4deb5d906a73da84fad597e64cbcccab12d907cdc32', '2017-06-27 10:59:45', '2017-06-27 11:59:45'), ('1368', '343', 'c33a9362ee13f12b9c55cf713c80e0f8f819be186cc42d8e36aec3e5bfa2149e', '2017-06-27 11:00:43', '2017-06-27 12:00:43'), ('1370', '2', '6abb021b110e3b054ec00b766e6ea9dcc9e95bf7070424b7f79b0aad840b8fcb', '2017-06-27 11:02:15', '2017-06-27 12:19:37'), ('1277', '2', 'accb7e7e294247c8db9fe608c0e7ce4deab8344e6715ab541836d6768db62b3d', '2017-06-16 17:59:09', '2017-06-16 18:59:09'), ('1278', '2', '072fe94890fd579ded9b4d49c9ce13d5304689f400dce8ff7e215fa9d01be3e7', '2017-06-16 18:09:51', '2017-06-16 19:09:51'), ('1279', '2', 'bad0b4c16db2c4f0e2845047272547da998be6e3d389f74b430ba853651c8d92', '2017-06-16 18:11:22', '2017-06-16 19:11:22'), ('1284', '2', '460ff94e68f9031ebb2439d6fe8b5d90572b24110a2ad556401fb942ee0c80c8', '2017-06-19 09:41:44', '2017-06-19 10:41:44'), ('1288', '2', '56270aea0ef68dd1b5a02ebc46008af64984cd1ea55d0b7c095153626c0ab199', '2017-06-19 13:33:42', '2017-06-19 14:33:42'), ('1313', '2', '437c754d7e3d6318017b2e8d62d1b7d925c03b99a779b155b84adfce35ffde2b', '2017-06-19 16:15:42', '2017-06-19 18:45:22'), ('1314', '2', 'f42ea55336452a37a8e239185cbf593a80cc51c7da6abb82537890405cd5ac70', '2017-06-20 09:23:00', '2017-06-20 10:23:00'), ('1315', '2', '84c0685e6b2fb1c1897c3edc6996d9629af481c475931f49f21da35731b23de1', '2017-06-20 09:24:19', '2017-06-20 10:24:19'), ('1316', '2', 'b26049eabb2267b1c8456069b75d612d33851cb24c5db0e60b7bb7a3a5b03b96', '2017-06-20 09:31:42', '2017-06-20 10:31:42'), ('1319', '2', '4873f3d4b5ac194f231597746111389710177d56186b0fbed59e733fb888555f', '2017-06-20 16:07:40', '2017-06-20 17:07:40'), ('1320', '2', 'e0f2749f9b25cce796ed2867781fcacb35beb091e4740d3e1c07512075632f16', '2017-06-20 16:08:06', '2017-06-20 18:32:38'), ('1321', '2', '470b966f0ded393178cc40be8231ce0dd88b275c2c5041596478472da93786f2', '2017-06-20 17:19:55', '2017-06-20 18:19:55'), ('1326', '2', '0d7d7f15993e4cfac9070d9256110f168788b02b20a077435a0faef4a71ed2e5', '2017-06-21 15:52:10', '2017-06-21 16:52:10'), ('1328', '2', '61f1b931ff8fc5f31ce52fc21c099eabddc2fe507d9275d3bf35d02c1b20f22d', '2017-06-22 09:25:33', '2017-06-22 10:25:33'), ('1331', '2', '46c28b5a932490ffa71411bfd2e52c5c79975e9db1a9d1c582e190df25ff30d2', '2017-06-22 15:24:32', '2017-06-22 16:24:32'), ('1332', '2', 'a4589d35108172584f435bd4ce1d82e8746e4e7008c3583d67fe8d3d56551be0', '2017-06-22 15:25:50', '2017-06-22 16:25:50'), ('1333', '2', 'c8f755957414d41804323a40a44bdb16f19a9b577cfc70c3ea4f9ed663767065', '2017-06-22 15:26:00', '2017-06-22 16:26:00'), ('1334', '2', 'fb3edfbabaf2f63417d3d09d5219e91d3a394c60cc24fd038cf14feba0c94bc3', '2017-06-22 15:26:10', '2017-06-22 16:26:10'), ('1336', '2', '6089d10e36c5b45e1436950f83455092f7f260ef2c8de7cdbc1ab1e14badb49e', '2017-06-23 17:03:37', '2017-06-23 18:03:37'), ('1342', '2', '4ae927b39fa5f253c58ebb7daa9105cb598ffb28ca5ce35a1fddcab607f278b1', '2017-06-26 14:14:49', '2017-06-26 15:14:49'), ('1343', '2', 'c17840b871a39752fd2bc14cb47a8f5a71f6e5ba7d013724ebad103f83c97201', '2017-06-26 14:14:49', '2017-06-26 15:14:49'), ('1344', '2', 'bd370f3fa063e6f126a348f0cb4f4de4a19263dc2c3c6d7b6a67d204c115f0fb', '2017-06-26 15:00:36', '2017-06-26 16:00:36'), ('1345', '2', '027b3144f9086195808598d7a55563554aeb041e68c54b969d25aa75a1aa8f93', '2017-06-26 16:30:56', '2017-06-26 17:30:56'), ('1346', '2', '62d88cca3f854fd96c79fa0ac3f9fd19f779f79d3c93888706166b20d6b95b0e', '2017-06-26 16:30:56', '2017-06-26 17:30:56'), ('1347', '2', 'a0aa4707a155178840a24dd7d487976039558aec0c8e9fe1d104b14fd7fa056d', '2017-06-26 16:30:56', '2017-06-26 17:30:56'), ('1348', '2', '9550173fd8f30c43e166b5d72235334c45e7884dadce3f5aa84346bfb25cadfb', '2017-06-26 16:30:56', '2017-06-26 17:30:56'), ('1349', '2', '97810f4635d4181f803326cc05c6dc879899171486d33948793a34d76a93d647', '2017-06-26 16:31:22', '2017-06-26 18:20:55'), ('1353', '2', '62c473ffd04a2a493050b3606159fd6240078529fcf370b9fd033c4c72ffe64c', '2017-06-26 18:00:45', '2017-06-26 19:00:45'), ('1354', '2', 'daccdda0cf2ad9a60078a1bc5a7da089771b9558096bcc7e74b80c2bc07868cc', '2017-06-27 09:07:54', '2017-06-27 10:07:54'), ('1365', '301', 'ec4a9fabe0754eb21138d26c1b1cc70948263acac36fb27920ad1d3de165646a', '2017-06-27 10:58:50', '2017-06-27 11:58:50'), ('1366', '342', '4b2077ec113c08e5fb77ba50dd260331efa13a1273e1dc136b9fb67b42bb67a9', '2017-06-27 10:59:22', '2017-06-27 11:59:22'), ('1369', '2', '0b694b5bc89a0e5966820e51e499b6f07b39eaf97917f325157ce7b7ddc87357', '2017-06-27 11:01:20', '2017-06-27 12:01:20'), ('1374', '2', '56de4df386244f4f3692d69cb34b916f2fcf6ab45793ec8828b2bb61f0a6fb80', '2017-06-28 14:37:33', '2017-06-28 16:12:31'), ('1276', '2', 'de8545a5c5f51a15aaaa7a3bc41897dd110286dda5e964d8327068590a4d28ce', '2017-06-16 16:53:26', '2017-06-16 17:53:26'), ('1285', '2', '1525565cec94354edde863b9d70f810da636da888ca859b73554fe19499e3aa9', '2017-06-19 11:37:49', '2017-06-19 12:37:49'), ('1286', '2', 'd398fa425c975908bfd017db00e5fb441a09d3d3e16163e09fb7598741de2cac', '2017-06-19 11:39:52', '2017-06-19 12:39:52'), ('1287', '2', '9ee709a7e28904023f0292be9b834d30b34d0c4966a42359f896003dfeb411aa', '2017-06-19 11:40:17', '2017-06-19 12:40:17'), ('1291', '2', 'c6996e70191291a8f7720c838af60710601e9ea0b22275a924578ab6a0a23ea7', '2017-06-19 14:11:20', '2017-06-19 15:11:20'), ('1292', '2', 'df450a756a0432e9fb44d878f71590c8861fe65b3db5b93a39cf9cb2603969f6', '2017-06-19 14:13:46', '2017-06-19 15:13:46'), ('1293', '2', '1c1cca16cb3a8a0827178e3a1612a0718e7b0e7e0aac524ecbfae26dfb0c60b2', '2017-06-19 14:20:04', '2017-06-19 15:20:04'), ('1294', '2', 'f4c00749d9dadf32c94cd49e8814c8bd23e03d83219f02ba3401914760486d99', '2017-06-19 14:31:59', '2017-06-19 15:31:59'), ('1297', '99', '4ac7b307ff76e337e2e94e54c2a1b881100fc6d660401e60f6a60d95452ad775', '2017-06-19 14:43:36', '2017-06-19 15:43:36'), ('1299', '321', '6626e803be8ffe9d46853c41744cb079532accbe8a56379cdee67bbea1093f68', '2017-06-19 14:46:42', '2017-06-19 15:46:42'), ('1302', '2', 'f502454f319e9e9fd1798170aefeb2bd9080c6629fc85a05db81eaa68a523124', '2017-06-19 14:53:37', '2017-06-19 15:53:37'), ('1308', '321', '4c2c4bc64fc7ec5b0a8074aefd942832953af2cb7e918bb728c63c15f8b22ce9', '2017-06-19 15:00:03', '2017-06-19 16:00:03'), ('1309', '2', '5551bf6ccb3ea30449286b07f449d99a7f756a5bfdcc67991732846490ae55a3', '2017-06-19 15:00:08', '2017-06-19 16:00:08'), ('1323', '2', 'adb40ae18ee59b6e36b223a7caba0973dba071fbf54b65c2825749b584f14882', '2017-06-21 11:22:37', '2017-06-21 12:22:37'), ('1324', '2', '1175c7d0572cd29518ea763a32d2623e81c558ad3ea96b8461890a7e3beb7510', '2017-06-21 13:40:33', '2017-06-21 15:24:34'), ('1325', '2', 'ba1320960412694ae2e0e91539a99f41d2c0c4687432583f6bfb57dd66b7c1ae', '2017-06-21 14:47:58', '2017-06-21 16:34:58'), ('1327', '2', '157b1293d3e0beed7e890537aef6c9d03f28994ec6d61d2a19d0486691581011', '2017-06-21 16:50:25', '2017-06-21 18:39:44'), ('1357', '2', 'c933db7d803d1ababe7ef8c2dba4540ca1690db08a56ad2f7cd07cec175baf22', '2017-06-27 09:15:32', '2017-06-27 10:25:24'), ('1289', '2', '4b30f64706c0aba157e3eafd5b321f67466e6c45c7693c0b0b0e37b716ee0f90', '2017-06-19 14:00:12', '2017-06-19 15:00:12'), ('1290', '2', 'ed9cf2aef18247cc0203e7153b761f298b47ec7cff06c5c8a48c760b6a2cdcff', '2017-06-19 14:09:01', '2017-06-19 15:09:01'), ('1295', '99', '1c00388abc882374c9ccc93000358d1e0fc1b93f0af0725e57ab54b63b4bfa35', '2017-06-19 14:36:16', '2017-06-19 15:36:16'), ('1296', '99', 'fea3d6d4998cfb12de5bead74801b0ae47e48b60c3f484586bb835533b63354f', '2017-06-19 14:38:18', '2017-06-19 15:38:18'), ('1298', '99', 'ea5437c18a3cdc3c20a4c46a75e7c248d27d69602d0fc36c422ce62c16ca1737', '2017-06-19 14:44:15', '2017-06-19 15:44:15'), ('1300', '2', '98845c7c59d206b73969d8ee14d1c5c43761e5bb1ff5f29204bbab0386c712b2', '2017-06-19 14:53:29', '2017-06-19 15:53:29'), ('1301', '321', '9dab7ea1c59b162680cf53205798c545765c8a2012e26b52f6c3ac75b2fa77d4', '2017-06-19 14:53:33', '2017-06-19 15:53:33'), ('1303', '322', '6c361cf2c231bc3b2d289a63eae4f63ba64ac529c37c52a5148b8bdc63fe3713', '2017-06-19 14:58:51', '2017-06-19 15:58:51'), ('1304', '321', '15947a06558e83a99eaa99ab187539837fce6358e2a5871a42a65cb72f7eeefe', '2017-06-19 14:58:57', '2017-06-19 15:58:57'), ('1305', '305', 'c08dbd1085749d426367ea4e45c747742c1e8780d223752f168facee7f782cc2', '2017-06-19 14:59:01', '2017-06-19 15:59:01'), ('1306', '321', '80e43e434ff27fea3636ce329d7d94162d27c47b99ae5ddddcf03fceea85464a', '2017-06-19 14:59:47', '2017-06-19 15:59:47'), ('1307', '2', '72792a650f5ad2f020f7647a467fb900f1edf9b3d3b93c42786305c977f47048', '2017-06-19 14:59:52', '2017-06-19 15:59:52'), ('1310', '322', '892d9ecc9a5f4a951f19695deaa15d857460ca6c4ca3f2e6796239ddc57dc5ae', '2017-06-19 15:02:56', '2017-06-19 16:45:39'), ('1311', '2', '56b2798940a9faf8dc7cc22e9f36fc99483fb2ae6b25c20572a1a27e9c621f88', '2017-06-19 16:15:39', '2017-06-19 17:15:39'), ('1312', '2', 'edb8a597cbc40bf36c551d5478d16e28034dd7f90c984999903305fdaf648450', '2017-06-19 16:15:40', '2017-06-19 17:15:40'), ('1322', '2', 'e2b9c22c5ea3651e4059f6561cdf0a313e0c434c038845a2edddba11b95be824', '2017-06-21 09:16:15', '2017-06-21 10:15:55'), ('1352', '2', 'f9f1e9f0c3673e3898777e504448adbba70756179c66a6ebf1ca92f42a318061', '2017-06-26 17:24:50', '2017-06-26 18:24:50'), ('1280', '2', '3495d08595d5bfbd1ef07bb3ee210a3dc45e6b7cb0434569826bca27420f331b', '2017-06-17 15:37:53', '2017-06-17 16:37:53'), ('1283', '2', 'ef70effcad271c3e99c48b058e1a1e629f95b212c0cf7b24b5c3e395e5282e4e', '2017-06-19 09:13:51', '2017-06-19 10:13:51'), ('1317', '2', '4d95d0c5d8fe631eb84f744133b0abab7f2e713fc2ec82adaa58feca8f33b53e', '2017-06-20 09:35:58', '2017-06-20 16:23:51'), ('1318', '2', '4356875d3923994e41f1599501065518bf866fa01708d9acca7184688a3c18a3', '2017-06-20 15:18:24', '2017-06-20 16:30:15'), ('1329', '2', '93fbc62d175ee92e301ddd887d87e452b992300d4bdce5d07a799601c440b82a', '2017-06-22 10:09:37', '2017-06-22 11:09:37'), ('1330', '2', '02192c017fd6ea6647d1913bc205e507995dc1b37b3c7389df281e2b25c9db09', '2017-06-22 10:09:37', '2017-06-22 11:09:37'), ('1341', '2', '689f1b6e414ea52fe9fb4914f3882c1ed3188dc7e38c45144bdc294f62409c86', '2017-06-26 14:09:28', '2017-06-26 15:09:28'), ('1350', '2', 'bc46aea47d029582408ab6a1647d71efa0c483ff109a84c301eb117c865cdb10', '2017-06-26 17:02:02', '2017-06-26 18:02:02'), ('1351', '2', '3fa3fcc63d22bd651fd7c5c2387a0f0260575615644416c0b8d99ef5f8b69132', '2017-06-26 17:19:44', '2017-06-26 18:19:44'), ('1355', '2', '5b6724426e54b4793da6554eec0d45e419a5d7901fe67dbaec4de4d5d4986f95', '2017-06-27 09:09:55', '2017-06-27 10:09:55'), ('1356', '2', '551c2a4aa98c7d6aa2368e5860135e4ab7023e4567fe6f5359d55e13b6572a5c', '2017-06-27 09:09:56', '2017-06-27 10:09:56');
INSERT INTO `sys_token` VALUES ('1360', '2', '48774a8f254c6f0432e720941639270c65f72f613e19808f18fb30512372513c', '2017-06-27 09:56:43', '2017-06-27 10:56:43'), ('1361', '304', '7ec40eeec0268ce20781a60ac7c2c42ef3e14226036ae5545c65d82b4ae831fc', '2017-06-27 09:57:20', '2017-06-27 10:57:20'), ('1362', '304', '3c38ab3faf13d755cb352c5e15349f93c0a82094be22a9829068bbe3fae102a7', '2017-06-27 09:57:35', '2017-06-27 10:57:35'), ('1363', '342', '3047b7fe456042325ac74fcee6c74b1dc18b616a232aeb2a96f976b0b0fdce89', '2017-06-27 09:58:18', '2017-06-27 10:58:18'), ('1364', '2', 'cc1d7ef7d76b0bf63e321bdefb5d2ec4f1ad62ef040ce76d97a45d34e47d323f', '2017-06-27 09:59:09', '2017-06-27 11:28:36'), ('1371', '2', '04a73ac89a58ab38df9fc907a95094e511676c2795939277ecc0df263930087b', '2017-06-27 12:57:40', '2017-06-27 13:57:40'), ('1372', '2', '0c788fca38e6ee4c3a9cb3e5f8597f4e657a3dfb9e910c9354bbcd4e21173ec7', '2017-06-27 12:58:24', '2017-06-27 13:58:24'), ('1373', '2', 'e2bafb5a8cee03a620d7579fadd01d609ad0ef1f02a064ac73370389ce128e77', '2017-06-27 13:45:44', '2017-06-27 14:45:44');
COMMIT;

-- ----------------------------
-- Table structure for SYS_USER
-- ----------------------------
DROP TABLE IF EXISTS `sys_user`;
CREATE TABLE `sys_user` (
`id`  decimal(65,30) NOT NULL ,
`account`  varchar(32) NULL ,
`password`  text NULL ,
`name`  varchar(32) NULL ,
`nickname`  varchar(32) NULL ,
`mobile`  varchar(32) NULL ,
`email`  varchar(32) NULL ,
`status`  decimal(65,30) NULL ,
`create_time`  datetime(7) NULL ,
`expire_time`  datetime(7) NULL ,
`type`  decimal(65,30) NULL ,
`platform`  varchar(32) NULL ,
`photo`  varchar(50) NULL ,
PRIMARY KEY (`id`)
)

;

-- ----------------------------
-- Records of SYS_USER
-- ----------------------------
BEGIN;
INSERT INTO `sys_user` VALUES ('204', 'test2', '8d969eef6ecad3c29a3a629280e686cf0c3f5d5a86aff3ca12020c923adc6c92', '逆臣个', null, '13566352221', null, null, '2017-04-18 11:45:39', '2017-04-18 11:46:03', '3', null, null), ('206', 'test2', '8d969eef6ecad3c29a3a629280e686cf0c3f5d5a86aff3ca12020c923adc6c92', '测试2', null, '13222336656', null, null, '2017-04-18 15:17:57', '2017-04-18 16:03:59', null, null, null), ('207', 'masdasd', '8d969eef6ecad3c29a3a629280e686cf0c3f5d5a86aff3ca12020c923adc6c92', 'asdzd', null, '15068545656', null, null, '2017-04-18 15:23:28', '2017-04-18 15:43:39', '1', null, null), ('221', '123456', '8d969eef6ecad3c29a3a629280e686cf0c3f5d5a86aff3ca12020c923adc6c92', '1234567', null, '18888888888', null, '1', '2017-04-24 19:18:05', '2017-04-18 15:43:39', '1', null, null), ('222', '123456', '8d969eef6ecad3c29a3a629280e686cf0c3f5d5a86aff3ca12020c923adc6c92', '1234568', null, '18888888888', null, null, '2017-04-24 19:29:44', '2017-04-18 15:43:39', '1', null, null), ('223', '123456', '8d969eef6ecad3c29a3a629280e686cf0c3f5d5a86aff3ca12020c923adc6c92', '123456788', null, '18888888888', null, null, '2017-04-24 19:30:13', '2017-04-18 15:43:39', '1', null, null), ('301', '111111', '8d969eef6ecad3c29a3a629280e686cf0c3f5d5a86aff3ca12020c923adc6c92', 'sp', null, '18304070000', null, '1', '2017-06-06 14:44:52', null, '1', '1', null), ('342', '222222', '8d969eef6ecad3c29a3a629280e686cf0c3f5d5a86aff3ca12020c923adc6c92', '222222', null, '13655555555', null, '1', '2017-06-27 09:58:08', null, '1', '1', null), ('307', '12412', '8d969eef6ecad3c29a3a629280e686cf0c3f5d5a86aff3ca12020c923adc6c92', '4124', null, '13777777777', null, null, '2017-06-06 17:04:13', '2017-06-06 17:37:04', '3', null, null), ('1', 'admin', '8c6976e5b5410415bde908bd4dee15dfb167a9c873fc4bb8a81f6f2ab448a918', 'admin', 'admin', '10086', 'admin@sys.com', '1', '2017-03-18 11:19:05', null, '2', null, null), ('205', 'Meteor', '8d969eef6ecad3c29a3a629280e686cf0c3f5d5a86aff3ca12020c923adc6c92', '流星', null, '15068748770', null, null, '2017-04-18 14:33:37', '2017-05-04 09:37:28', '3', null, null), ('282', 'wrt', 'c4fae910d4f34616f60070b844da63cb169af7fbdc266f1a57b8b9b35f713de7', 'wrtang', null, '18650482726', null, null, '2017-05-12 16:04:49', null, '1', null, null), ('283', '但是看风景', 'a665a45920422f9d417e4867efdc4fb8a04a1f3fff1fa07e998e86f7f7a27ae3', '奥斯卡方块', null, '18258420084', null, null, '2017-05-12 17:10:49', '2017-05-12 17:11:41', '1', null, null), ('287', 'zls', 'a665a45920422f9d417e4867efdc4fb8a04a1f3fff1fa07e998e86f7f7a27ae3', 'zleheng', null, '18658584569', null, null, '2017-05-22 09:41:35', null, '1', null, null), ('290', 'sss', '03ac674216f3e15c761ee1a5e255f067953623c8b388b4459e13f978d7c846f4', 'ssdfasd', null, '15812526416', null, null, '2017-05-22 11:11:44', '2017-05-22 11:11:58', '1', null, null), ('291', 'sss', '03ac674216f3e15c761ee1a5e255f067953623c8b388b4459e13f978d7c846f4', 'ssdfasd', null, '15812526416', null, '1', '2017-05-22 11:11:45', null, '1', '1', null), ('292', 'aa', '03ac674216f3e15c761ee1a5e255f067953623c8b388b4459e13f978d7c846f4', 'aaa', null, '15844259673', null, '1', '2017-05-22 11:31:45', null, '11', '2', null), ('293', 'sss', '03ac674216f3e15c761ee1a5e255f067953623c8b388b4459e13f978d7c846f4', 'awawe', null, '15848251654', null, '1', '2017-05-22 11:54:57', null, '1', '1', null), ('294', 'aaa', 'a665a45920422f9d417e4867efdc4fb8a04a1f3fff1fa07e998e86f7f7a27ae3', 'qwer', null, '15812349548', null, null, '2017-05-22 14:06:02', '2017-05-22 14:06:19', '1', null, null), ('295', 'aaa', 'a665a45920422f9d417e4867efdc4fb8a04a1f3fff1fa07e998e86f7f7a27ae3', 'qwer', null, '15824561468', null, null, '2017-05-22 14:22:09', '2017-05-22 14:24:23', '1', null, null), ('296', 'qqq', '03ac674216f3e15c761ee1a5e255f067953623c8b388b4459e13f978d7c846f4', 'qqqqq', null, '18854784568', null, null, '2017-05-22 14:35:33', '2017-05-22 14:36:29', '1', null, null), ('297', 'aa', 'a665a45920422f9d417e4867efdc4fb8a04a1f3fff1fa07e998e86f7f7a27ae3', 'qq', null, '15812451346', null, null, '2017-05-22 14:46:44', '2017-05-22 14:47:04', '1', null, null), ('321', 'sp1', '8d969eef6ecad3c29a3a629280e686cf0c3f5d5a86aff3ca12020c923adc6c92', '普通工作人员test', null, '13555555555', null, '1', '2017-06-19 13:58:15', null, '1', '1', null), ('322', 'sp3', '8d969eef6ecad3c29a3a629280e686cf0c3f5d5a86aff3ca12020c923adc6c92', '技术人员', null, '13666666666', null, '1', '2017-06-19 13:59:32', null, '1', '1', null), ('323', '124124', 'bcb15f821479b4d5772bd0ca866c00ad5f926e3580720659cc80d39c9d09802a', '12412412', null, '13988888888', null, null, '2017-06-19 14:55:11', '2017-06-19 14:55:18', '1', null, null), ('324', '125125', 'bcb15f821479b4d5772bd0ca866c00ad5f926e3580720659cc80d39c9d09802a', '125125', null, '13888888888', null, '1', '2017-06-19 14:58:20', '2017-06-19 14:58:28', '1', null, null), ('326', '14124124', 'bcb15f821479b4d5772bd0ca866c00ad5f926e3580720659cc80d39c9d09802a', '1241241241', null, '13555555555', null, '1', '2017-06-19 17:21:46', '2017-06-19 17:58:13', '1', null, null), ('330', '12512512', 'bcb15f821479b4d5772bd0ca866c00ad5f926e3580720659cc80d39c9d09802a', '5125215', null, '13777777777', null, '1', '2017-06-19 18:06:43', null, '1', '1', null), ('331', '124124', 'bcb15f821479b4d5772bd0ca866c00ad5f926e3580720659cc80d39c9d09802a', '124124124', null, '13988888888', null, '1', '2017-06-19 18:14:08', null, '11', '2', null), ('341', '124124', '8d969eef6ecad3c29a3a629280e686cf0c3f5d5a86aff3ca12020c923adc6c92', '214123', null, '13899999999', null, '1', '2017-06-26 14:10:30', null, '13', '2', null), ('201', 'Meteor', '8d969eef6ecad3c29a3a629280e686cf0c3f5d5a86aff3ca12020c923adc6c92', null, null, '15068748770', null, null, '2017-04-17 16:41:54', '2017-04-18 11:20:54', '3', null, null), ('202', 'czc', '8d969eef6ecad3c29a3a629280e686cf0c3f5d5a86aff3ca12020c923adc6c92', 'Meteor', null, '15068748770', null, null, '2017-04-17 16:59:38', null, '3', null, null), ('284', 'zls', 'b10249b3b99c35a0fca54c73c2194879343ff6ebd35fe937b20f4e528522bb8c', 'zlsmgng', null, '18525143648', null, null, '2017-05-16 15:46:57', '2017-05-16 15:53:57', '1', null, null), ('285', 'zsx', '18138372fad4b94533cd4881f03dc6c69296dd897234e0cee83f727e2e6b1f63', 'zsxie', null, '15823467958', null, null, '2017-05-16 15:54:36', '2017-05-22 09:39:51', '1', null, null), ('203', 'test1', '8d969eef6ecad3c29a3a629280e686cf0c3f5d5a86aff3ca12020c923adc6c92', '测试账号', null, '15036522232', null, null, '2017-04-17 17:01:09', '2017-04-18 11:21:19', '3', null, null), ('241', '123456', '8d969eef6ecad3c29a3a629280e686cf0c3f5d5a86aff3ca12020c923adc6c92', '123123', null, '13413134444', null, null, '2017-05-04 10:26:25', '2017-05-04 10:54:07', '1', null, null), ('261', 'wrtang', '03ac674216f3e15c761ee1a5e255f067953623c8b388b4459e13f978d7c846f4', '仙人', null, '18650482726', null, null, '2017-05-05 09:58:12', '2017-05-12 16:05:26', '1', null, null), ('281', '333333', '8d969eef6ecad3c29a3a629280e686cf0c3f5d5a86aff3ca12020c923adc6c92', '333', null, '13888888888', null, null, '2017-05-12 15:18:12', '2017-05-16 15:42:42', '1', null, null), ('286', 'wrt', 'a665a45920422f9d417e4867efdc4fb8a04a1f3fff1fa07e998e86f7f7a27ae3', 'wrtang', null, '18650482726', null, null, '2017-05-22 09:28:21', null, '1', null, null), ('288', 'js', 'a665a45920422f9d417e4867efdc4fb8a04a1f3fff1fa07e998e86f7f7a27ae3', 'jsheng', null, '15823564516', null, null, '2017-05-22 10:00:32', null, '1', null, null), ('289', 'awe', 'a665a45920422f9d417e4867efdc4fb8a04a1f3fff1fa07e998e86f7f7a27ae3', 'waefa', null, '15834351551', null, null, '2017-05-22 10:19:05', null, '1', null, null), ('298', 'aa', '03ac674216f3e15c761ee1a5e255f067953623c8b388b4459e13f978d7c846f4', 'www', null, '15865464564', null, null, '2017-05-22 14:58:05', '2017-05-22 14:58:35', '1', null, null), ('299', 'asasd', 'a665a45920422f9d417e4867efdc4fb8a04a1f3fff1fa07e998e86f7f7a27ae3', 'qqqqq', null, '15811254895', null, null, '2017-05-22 15:09:41', '2017-05-22 15:10:28', '1', null, null), ('343', 'sp10', '8d969eef6ecad3c29a3a629280e686cf0c3f5d5a86aff3ca12020c923adc6c92', '普通人员', null, '13777777777', null, '1', '2017-06-27 11:00:34', null, '1', '1', null), ('2', '123456', '8d969eef6ecad3c29a3a629280e686cf0c3f5d5a86aff3ca12020c923adc6c92', 'ok111333', '123456', '15811254896', null, '1', '2017-06-02 16:25:28', null, '3', '1', 'image/appProfile/20170605143043_65494_blob.jpg'), ('3', 'artisan', '8d969eef6ecad3c29a3a629280e686cf0c3f5d5a86aff3ca12020c923adc6c92', 'artisan', 'artisan', '10086', 'artisan@sys.com', '1', '2017-03-18 11:19:05', null, '3', '1', null), ('11', 'appadmin', '8c6976e5b5410415bde908bd4dee15dfb167a9c873fc4bb8a81f6f2ab448a918', 'admin', 'admin', '18304078611', 'admin@sys.com', '1', '2017-03-18 11:19:05', null, '1', '1', null), ('12', 'app123456', '8d969eef6ecad3c29a3a629280e686cf0c3f5d5a86aff3ca12020c923adc6c92', '123456', '123456', '13413134444', '123456@sys.com', '1', '2017-03-21 00:00:00', null, '11', '2', null), ('13', 'appartisan', '8d969eef6ecad3c29a3a629280e686cf0c3f5d5a86aff3ca12020c923adc6c92', 'artisan', 'artisan', '10086', 'artisan@sys.com', '1', '2017-03-18 11:19:05', '2017-05-22 09:43:48', '3', '2', null), ('303', '215125', '8d969eef6ecad3c29a3a629280e686cf0c3f5d5a86aff3ca12020c923adc6c92', '1252151', null, '13899999999', null, '1', '2017-06-06 15:03:45', '2017-06-06 15:03:53', '3', '1', null), ('304', 'sp12', '8d969eef6ecad3c29a3a629280e686cf0c3f5d5a86aff3ca12020c923adc6c92', 'sp12', null, '18300000002', null, '1', '2017-06-06 15:04:53', null, '2', '1', null), ('305', 'sp2', '8d969eef6ecad3c29a3a629280e686cf0c3f5d5a86aff3ca12020c923adc6c92', '管理员test', null, '18788888888', null, '1', '2017-06-06 15:08:00', '2017-06-19 14:59:58', '2', '1', null), ('306', 'sp', '8d969eef6ecad3c29a3a629280e686cf0c3f5d5a86aff3ca12020c923adc6c92', 'sp', null, '18399999999', null, '1', '2017-06-06 16:35:43', '2017-06-06 16:35:49', '2', '1', null), ('325', '12412412', '8d969eef6ecad3c29a3a629280e686cf0c3f5d5a86aff3ca12020c923adc6c92', '412412412', null, '13888888888', null, '1', '2017-06-19 15:13:53', '2017-06-19 17:05:13', '1', '1', null), ('327', '12412412412', 'bcb15f821479b4d5772bd0ca866c00ad5f926e3580720659cc80d39c9d09802a', '4124124124', null, '13788888888', null, '1', '2017-06-19 17:33:57', '2017-06-19 17:58:10', '1', null, null), ('328', '135135125125', 'bcb15f821479b4d5772bd0ca866c00ad5f926e3580720659cc80d39c9d09802a', '215521252151', null, '13788888888', null, '1', '2017-06-19 17:50:10', '2017-06-19 17:58:07', '1', null, null), ('329', '124214124', 'bcb15f821479b4d5772bd0ca866c00ad5f926e3580720659cc80d39c9d09802a', '1241241241', null, '13677777777', null, '1', '2017-06-19 17:52:35', '2017-06-19 17:58:05', '11', null, null);
COMMIT;

-- ----------------------------
-- Table structure for SYS_USER_MENU
-- ----------------------------
DROP TABLE IF EXISTS `sys_user_menu`;
CREATE TABLE `sys_user_menu` (
`id`  decimal(65,30) NOT NULL ,
`user_id`  decimal(65,30) NULL ,
`menu_id`  decimal(65,30) NULL ,
`status`  decimal(65,30) NULL ,
PRIMARY KEY (`id`)
)

;

-- ----------------------------
-- Records of SYS_USER_MENU
-- ----------------------------
BEGIN;
INSERT INTO `sys_user_menu` VALUES ('277', '206', '4', '1'), ('246', '204', '2', null), ('247', '204', '4', null), ('248', '204', '5', null), ('249', '204', '6', null), ('250', '204', '7', null), ('251', '204', '9', null), ('252', '204', '10', null), ('253', '204', '11', null), ('254', '204', '12', null), ('255', '204', '13', null), ('256', '204', '15', '1'), ('257', '204', '16', '1'), ('258', '204', '17', '1'), ('259', '204', '18', '1'), ('260', '204', '20', '1'), ('276', '206', '2', '1'), ('278', '206', '5', null), ('279', '206', '6', null), ('280', '206', '7', null), ('281', '206', '9', null), ('282', '206', '10', null), ('283', '206', '11', null), ('284', '206', '12', null), ('285', '206', '13', null), ('286', '206', '15', null), ('287', '206', '16', null), ('288', '206', '17', null), ('289', '206', '18', null), ('290', '206', '20', null), ('291', '207', '2', null), ('292', '207', '4', null), ('293', '207', '5', null), ('294', '207', '6', null), ('295', '207', '7', null), ('296', '207', '9', null), ('297', '207', '10', null), ('298', '207', '11', null), ('299', '207', '12', null), ('300', '207', '13', null), ('301', '207', '15', null), ('302', '207', '16', null), ('303', '207', '17', null), ('304', '207', '18', null), ('305', '207', '20', null), ('321', '221', '2', null), ('322', '221', '4', null), ('323', '221', '5', null), ('324', '221', '6', null), ('325', '221', '7', null), ('326', '221', '9', null), ('327', '221', '10', null), ('328', '221', '11', null), ('329', '221', '12', null), ('330', '221', '13', null), ('331', '221', '15', null), ('332', '221', '16', null), ('333', '221', '17', null), ('334', '221', '18', null), ('335', '221', '20', null), ('336', '222', '2', null), ('337', '222', '4', null), ('338', '222', '5', null), ('339', '222', '6', null), ('340', '222', '7', null), ('341', '222', '9', null), ('342', '222', '10', null), ('343', '222', '11', null), ('344', '222', '12', null), ('345', '222', '13', null), ('346', '222', '15', null), ('347', '222', '16', null), ('348', '222', '17', null), ('349', '222', '18', null), ('350', '222', '20', null), ('351', '223', '2', null), ('352', '223', '4', null), ('353', '223', '5', null), ('354', '223', '6', null), ('355', '223', '7', null), ('356', '223', '9', null), ('357', '223', '10', null), ('358', '223', '11', null), ('359', '223', '12', null), ('360', '223', '13', null), ('361', '223', '15', null), ('362', '223', '16', null), ('363', '223', '17', null), ('364', '223', '18', null), ('365', '223', '20', null), ('721', '301', '2', '1'), ('722', '301', '4', '1'), ('723', '301', '5', '1'), ('724', '301', '6', '1'), ('725', '301', '7', '1'), ('726', '301', '9', '1'), ('727', '301', '10', '1'), ('728', '301', '11', '1'), ('729', '301', '12', '1'), ('730', '301', '13', '1');
INSERT INTO `sys_user_menu` VALUES ('731', '301', '15', '1'), ('732', '301', '16', '1'), ('733', '301', '17', '1'), ('734', '301', '18', '1'), ('735', '301', '20', '1'), ('736', '302', '2', null), ('737', '302', '4', null), ('738', '302', '5', null), ('739', '302', '6', null), ('740', '302', '7', null), ('741', '302', '9', null), ('742', '302', '10', null), ('743', '302', '11', null), ('744', '302', '12', null), ('745', '302', '13', null), ('746', '302', '15', null), ('747', '302', '16', null), ('748', '302', '17', null), ('749', '302', '18', null), ('750', '302', '20', null), ('811', '307', '2', null), ('812', '307', '4', null), ('813', '307', '5', null), ('814', '307', '6', null), ('815', '307', '7', null), ('816', '307', '9', null), ('817', '307', '10', null), ('818', '307', '11', null), ('819', '307', '12', null), ('820', '307', '13', null), ('821', '307', '15', null), ('822', '307', '16', null), ('823', '307', '17', null), ('824', '307', '18', null), ('825', '307', '20', null), ('1036', '342', '2', '1'), ('1037', '342', '4', '1'), ('1038', '342', '5', '1'), ('1039', '342', '6', '1'), ('1040', '342', '7', '1'), ('1041', '342', '9', '1'), ('1042', '342', '10', '1'), ('1043', '342', '11', '1'), ('1044', '342', '12', '1'), ('1045', '342', '13', '1'), ('1046', '342', '15', '1'), ('1047', '342', '16', '1'), ('1048', '342', '17', '1'), ('1049', '342', '18', '1'), ('1050', '342', '20', '1'), ('261', '205', '2', '1'), ('262', '205', '4', '1'), ('263', '205', '5', null), ('264', '205', '6', null), ('265', '205', '7', '1'), ('266', '205', '9', null), ('267', '205', '10', null), ('268', '205', '11', '1'), ('269', '205', '12', null), ('270', '205', '13', null), ('271', '205', '15', null), ('272', '205', '16', '1'), ('273', '205', '17', '1'), ('274', '205', '18', '1'), ('275', '205', '20', null), ('436', '282', '2', '1'), ('437', '282', '4', null), ('438', '282', '5', null), ('439', '282', '6', null), ('440', '282', '7', null), ('441', '282', '9', null), ('442', '282', '10', null), ('443', '282', '11', null), ('444', '282', '12', null), ('445', '282', '13', null), ('446', '282', '15', null), ('447', '282', '16', null), ('448', '282', '17', null), ('449', '282', '18', null), ('450', '282', '20', null), ('451', '283', '2', '1'), ('452', '283', '4', null), ('453', '283', '5', null), ('454', '283', '6', null), ('455', '283', '7', null), ('456', '283', '9', null), ('457', '283', '10', null), ('458', '283', '11', null), ('459', '283', '12', null), ('460', '283', '13', null), ('461', '283', '15', null), ('462', '283', '16', null), ('463', '283', '17', null), ('464', '283', '18', null), ('465', '283', '20', null), ('511', '287', '2', null), ('512', '287', '4', '1'), ('513', '287', '5', null), ('514', '287', '6', null), ('515', '287', '7', null);
INSERT INTO `sys_user_menu` VALUES ('516', '287', '9', null), ('517', '287', '10', null), ('518', '287', '11', null), ('519', '287', '12', null), ('520', '287', '13', null), ('521', '287', '15', null), ('522', '287', '16', null), ('523', '287', '17', null), ('524', '287', '18', null), ('525', '287', '20', null), ('556', '290', '2', null), ('557', '290', '4', null), ('558', '290', '5', null), ('559', '290', '6', null), ('560', '290', '7', null), ('561', '290', '9', null), ('562', '290', '10', '1'), ('563', '290', '11', null), ('564', '290', '12', null), ('565', '290', '13', null), ('566', '290', '15', null), ('567', '290', '16', null), ('568', '290', '17', null), ('569', '290', '18', null), ('570', '290', '20', null), ('571', '291', '2', null), ('572', '291', '4', null), ('573', '291', '5', null), ('574', '291', '6', null), ('575', '291', '7', null), ('576', '291', '9', null), ('577', '291', '10', '1'), ('578', '291', '11', null), ('579', '291', '12', null), ('580', '291', '13', null), ('581', '291', '15', null), ('582', '291', '16', null), ('583', '291', '17', null), ('584', '291', '18', null), ('585', '291', '20', null), ('586', '292', '2', '1'), ('587', '292', '4', null), ('588', '292', '5', null), ('589', '292', '6', null), ('590', '292', '7', null), ('591', '292', '9', null), ('592', '292', '10', null), ('593', '292', '11', null), ('594', '292', '12', null), ('595', '292', '13', null), ('596', '292', '15', null), ('597', '292', '16', null), ('598', '292', '17', null), ('599', '292', '18', null), ('600', '292', '20', null), ('601', '293', '2', '1'), ('602', '293', '4', null), ('603', '293', '5', null), ('604', '293', '6', null), ('605', '293', '7', null), ('606', '293', '9', null), ('607', '293', '10', null), ('608', '293', '11', null), ('609', '293', '12', null), ('610', '293', '13', null), ('611', '293', '15', null), ('612', '293', '16', null), ('613', '293', '17', null), ('614', '293', '18', null), ('615', '293', '20', null), ('616', '294', '2', '1'), ('617', '294', '4', null), ('618', '294', '5', null), ('619', '294', '6', null), ('620', '294', '7', null), ('621', '294', '9', null), ('622', '294', '10', null), ('623', '294', '11', null), ('624', '294', '12', null), ('625', '294', '13', null), ('626', '294', '15', null), ('627', '294', '16', null), ('628', '294', '17', null), ('629', '294', '18', null), ('630', '294', '20', null), ('631', '295', '2', '1'), ('632', '295', '4', null), ('633', '295', '5', null), ('634', '295', '6', null), ('635', '295', '7', null), ('636', '295', '9', null), ('637', '295', '10', null), ('638', '295', '11', null), ('639', '295', '12', null), ('640', '295', '13', null), ('641', '295', '15', null), ('642', '295', '16', null), ('643', '295', '17', null), ('644', '295', '18', null), ('645', '295', '20', null);
INSERT INTO `sys_user_menu` VALUES ('646', '296', '2', '1'), ('647', '296', '4', null), ('648', '296', '5', null), ('649', '296', '6', null), ('650', '296', '7', null), ('651', '296', '9', null), ('652', '296', '10', null), ('653', '296', '11', null), ('654', '296', '12', null), ('655', '296', '13', null), ('656', '296', '15', null), ('657', '296', '16', null), ('658', '296', '17', null), ('659', '296', '18', null), ('660', '296', '20', null), ('661', '297', '2', '1'), ('662', '297', '4', null), ('663', '297', '5', null), ('664', '297', '6', null), ('665', '297', '7', null), ('666', '297', '9', null), ('667', '297', '10', null), ('668', '297', '11', null), ('669', '297', '12', null), ('670', '297', '13', null), ('671', '297', '15', null), ('672', '297', '16', null), ('673', '297', '17', null), ('674', '297', '18', null), ('675', '297', '20', null), ('841', '321', '2', '1'), ('842', '321', '4', '1'), ('843', '321', '5', '1'), ('844', '321', '6', '1'), ('845', '321', '7', '1'), ('846', '321', '9', '1'), ('847', '321', '10', '1'), ('848', '321', '11', '1'), ('849', '321', '12', '1'), ('850', '321', '13', '1'), ('851', '321', '15', '1'), ('852', '321', '16', '1'), ('853', '321', '17', '1'), ('854', '321', '18', '1'), ('855', '321', '20', '1'), ('856', '322', '2', '1'), ('857', '322', '4', '1'), ('858', '322', '5', '1'), ('859', '322', '6', '1'), ('860', '322', '7', '1'), ('861', '322', '9', '1'), ('862', '322', '10', '1'), ('863', '322', '11', '1'), ('864', '322', '12', '1'), ('865', '322', '13', '1'), ('866', '322', '15', '1'), ('867', '322', '16', '1'), ('868', '322', '17', '1'), ('869', '322', '18', '1'), ('870', '322', '20', '1'), ('871', '323', '2', null), ('872', '323', '4', null), ('873', '323', '5', null), ('874', '323', '6', null), ('875', '323', '7', null), ('876', '323', '9', null), ('877', '323', '10', null), ('878', '323', '11', null), ('879', '323', '12', null), ('880', '323', '13', null), ('881', '323', '15', null), ('882', '323', '16', null), ('883', '323', '17', null), ('884', '323', '18', null), ('885', '323', '20', null), ('886', '324', '2', '1'), ('887', '324', '4', '1'), ('888', '324', '5', null), ('889', '324', '6', null), ('890', '324', '7', null), ('891', '324', '9', null), ('892', '324', '10', null), ('893', '324', '11', null), ('894', '324', '12', null), ('895', '324', '13', null), ('896', '324', '15', null), ('897', '324', '16', null), ('898', '324', '17', null), ('899', '324', '18', null), ('900', '324', '20', null), ('916', '326', '2', null), ('917', '326', '4', null), ('918', '326', '5', null), ('919', '326', '6', null), ('920', '326', '7', null), ('921', '326', '9', null), ('922', '326', '10', null), ('923', '326', '11', null), ('924', '326', '12', null), ('925', '326', '13', null);
INSERT INTO `sys_user_menu` VALUES ('926', '326', '15', null), ('927', '326', '16', null), ('928', '326', '17', null), ('929', '326', '18', null), ('930', '326', '20', null), ('976', '330', '2', null), ('977', '330', '4', null), ('978', '330', '5', null), ('979', '330', '6', null), ('980', '330', '7', null), ('981', '330', '9', null), ('982', '330', '10', null), ('983', '330', '11', null), ('984', '330', '12', null), ('985', '330', '13', null), ('986', '330', '15', null), ('987', '330', '16', null), ('988', '330', '17', null), ('989', '330', '18', null), ('990', '330', '20', null), ('991', '331', '2', null), ('992', '331', '4', null), ('993', '331', '5', null), ('994', '331', '6', null), ('995', '331', '7', null), ('996', '331', '9', null), ('997', '331', '10', null), ('998', '331', '11', null), ('999', '331', '12', null), ('1000', '331', '13', null), ('1001', '331', '15', null), ('1002', '331', '16', null), ('1003', '331', '17', null), ('1004', '331', '18', null), ('1005', '331', '20', null), ('1021', '341', '2', null), ('1022', '341', '4', null), ('1023', '341', '5', null), ('1024', '341', '6', null), ('1025', '341', '7', null), ('1026', '341', '9', null), ('1027', '341', '10', null), ('1028', '341', '11', null), ('1029', '341', '12', null), ('1030', '341', '13', null), ('1031', '341', '15', null), ('1032', '341', '16', null), ('1033', '341', '17', null), ('1034', '341', '18', null), ('1035', '341', '20', null), ('227', '202', '16', null), ('221', '201', '2', '1'), ('222', '201', '4', '1'), ('223', '201', '5', '1'), ('224', '201', '6', '1'), ('225', '201', '7', '1'), ('226', '202', '15', null), ('228', '202', '17', null), ('229', '202', '18', '1'), ('230', '202', '20', '1'), ('466', '284', '2', '1'), ('467', '284', '4', null), ('468', '284', '5', null), ('469', '284', '6', null), ('470', '284', '7', null), ('471', '284', '9', null), ('472', '284', '10', null), ('473', '284', '11', null), ('474', '284', '12', null), ('475', '284', '13', null), ('476', '284', '15', null), ('477', '284', '16', null), ('478', '284', '17', null), ('479', '284', '18', null), ('480', '284', '20', null), ('481', '285', '2', null), ('482', '285', '4', '1'), ('483', '285', '5', null), ('484', '285', '6', null), ('485', '285', '7', null), ('486', '285', '9', null), ('487', '285', '10', null), ('488', '285', '11', null), ('489', '285', '12', null), ('490', '285', '13', null), ('491', '285', '15', null), ('492', '285', '16', null), ('493', '285', '17', null), ('494', '285', '18', null), ('495', '285', '20', null), ('1', '2', '1', null), ('2', '2', '2', '1'), ('3', '2', '3', null), ('4', '2', '4', '1'), ('5', '2', '5', '1'), ('6', '2', '6', '1'), ('7', '2', '7', '1'), ('8', '2', '8', null), ('9', '2', '9', '1'), ('10', '2', '10', '1');
INSERT INTO `sys_user_menu` VALUES ('11', '2', '11', '1'), ('12', '2', '12', '1'), ('13', '2', '13', '1'), ('14', '2', '14', null), ('15', '2', '15', '1'), ('16', '2', '16', '1'), ('17', '2', '17', '1'), ('18', '2', '18', '1'), ('19', '2', '19', null), ('20', '2', '20', '1'), ('231', '203', '2', null), ('232', '203', '4', null), ('233', '203', '5', null), ('234', '203', '6', null), ('235', '203', '7', null), ('236', '203', '9', null), ('237', '203', '10', null), ('238', '203', '11', null), ('239', '203', '12', '1'), ('240', '203', '13', '1'), ('241', '203', '15', '1'), ('242', '203', '16', '1'), ('243', '203', '17', null), ('244', '203', '18', null), ('245', '203', '20', null), ('381', '241', '2', null), ('382', '241', '4', null), ('383', '241', '5', null), ('384', '241', '6', null), ('385', '241', '7', null), ('386', '241', '9', null), ('387', '241', '10', null), ('388', '241', '11', null), ('389', '241', '12', null), ('390', '241', '13', null), ('391', '241', '15', null), ('392', '241', '16', null), ('393', '241', '17', null), ('394', '241', '18', null), ('395', '241', '20', null), ('401', '261', '2', null), ('402', '261', '4', null), ('403', '261', '5', null), ('404', '261', '6', null), ('405', '261', '7', null), ('406', '261', '9', null), ('407', '261', '10', null), ('408', '261', '11', null), ('409', '261', '12', null), ('410', '261', '13', null), ('411', '261', '15', null), ('412', '261', '16', null), ('413', '261', '17', null), ('414', '261', '18', null), ('415', '261', '20', null), ('421', '281', '2', '1'), ('422', '281', '4', null), ('423', '281', '5', null), ('424', '281', '6', null), ('425', '281', '7', null), ('426', '281', '9', null), ('427', '281', '10', null), ('428', '281', '11', null), ('429', '281', '12', null), ('430', '281', '13', null), ('431', '281', '15', null), ('432', '281', '16', null), ('433', '281', '17', null), ('434', '281', '18', null), ('435', '281', '20', null), ('496', '286', '2', '1'), ('497', '286', '4', null), ('498', '286', '5', null), ('499', '286', '6', null), ('500', '286', '7', null), ('501', '286', '9', null), ('502', '286', '10', null), ('503', '286', '11', null), ('504', '286', '12', null), ('505', '286', '13', null), ('506', '286', '15', null), ('507', '286', '16', null), ('508', '286', '17', null), ('509', '286', '18', null), ('510', '286', '20', null), ('526', '288', '2', '1'), ('527', '288', '4', null), ('528', '288', '5', null), ('529', '288', '6', null), ('530', '288', '7', null), ('531', '288', '9', null), ('532', '288', '10', null), ('533', '288', '11', null), ('534', '288', '12', null), ('535', '288', '13', null), ('536', '288', '15', null), ('537', '288', '16', null), ('538', '288', '17', null), ('539', '288', '18', null), ('540', '288', '20', null);
INSERT INTO `sys_user_menu` VALUES ('541', '289', '2', null), ('542', '289', '4', '1'), ('543', '289', '5', null), ('544', '289', '6', null), ('545', '289', '7', null), ('546', '289', '9', null), ('547', '289', '10', null), ('548', '289', '11', null), ('549', '289', '12', null), ('550', '289', '13', null), ('551', '289', '15', null), ('552', '289', '16', null), ('553', '289', '17', null), ('554', '289', '18', null), ('555', '289', '20', null), ('676', '298', '2', '1'), ('677', '298', '4', null), ('678', '298', '5', null), ('679', '298', '6', null), ('680', '298', '7', null), ('681', '298', '9', null), ('682', '298', '10', null), ('683', '298', '11', null), ('684', '298', '12', null), ('685', '298', '13', null), ('686', '298', '15', null), ('687', '298', '16', null), ('688', '298', '17', null), ('689', '298', '18', null), ('690', '298', '20', null), ('691', '299', '2', '1'), ('692', '299', '4', null), ('693', '299', '5', null), ('694', '299', '6', null), ('695', '299', '7', null), ('696', '299', '9', null), ('697', '299', '10', null), ('698', '299', '11', null), ('699', '299', '12', null), ('700', '299', '13', null), ('701', '299', '15', null), ('702', '299', '16', null), ('703', '299', '17', null), ('704', '299', '18', null), ('705', '299', '20', null), ('1051', '343', '2', '1'), ('1052', '343', '4', '1'), ('1053', '343', '5', '1'), ('1054', '343', '6', '1'), ('1055', '343', '7', '1'), ('1056', '343', '9', '1'), ('1057', '343', '10', '1'), ('1058', '343', '11', '1'), ('1059', '343', '12', '1'), ('1060', '343', '13', '1'), ('1061', '343', '15', '1'), ('1062', '343', '16', '1'), ('1063', '343', '17', '1'), ('1064', '343', '18', '1'), ('1065', '343', '20', '1'), ('751', '303', '2', null), ('752', '303', '4', null), ('753', '303', '5', null), ('754', '303', '6', null), ('755', '303', '7', null), ('756', '303', '9', null), ('757', '303', '10', null), ('758', '303', '11', null), ('759', '303', '12', null), ('760', '303', '13', null), ('761', '303', '15', null), ('762', '303', '16', null), ('763', '303', '17', null), ('764', '303', '18', null), ('765', '303', '20', null), ('766', '304', '2', null), ('767', '304', '4', '1'), ('768', '304', '5', '1'), ('769', '304', '6', '1'), ('770', '304', '7', '1'), ('771', '304', '9', '1'), ('772', '304', '10', '1'), ('773', '304', '11', '1'), ('774', '304', '12', null), ('775', '304', '13', null), ('776', '304', '15', null), ('777', '304', '16', null), ('778', '304', '17', null), ('779', '304', '18', null), ('780', '304', '20', null), ('781', '305', '2', '1'), ('782', '305', '4', '1'), ('783', '305', '5', '1'), ('784', '305', '6', '1'), ('785', '305', '7', '1'), ('786', '305', '9', '1'), ('787', '305', '10', '1'), ('788', '305', '11', '1'), ('789', '305', '12', '1'), ('790', '305', '13', '1');
INSERT INTO `sys_user_menu` VALUES ('791', '305', '15', '1'), ('792', '305', '16', '1'), ('793', '305', '17', '1'), ('794', '305', '18', '1'), ('795', '305', '20', '1'), ('796', '306', '2', null), ('797', '306', '4', null), ('798', '306', '5', null), ('799', '306', '6', null), ('800', '306', '7', null), ('801', '306', '9', null), ('802', '306', '10', null), ('803', '306', '11', null), ('804', '306', '12', null), ('805', '306', '13', null), ('806', '306', '15', null), ('807', '306', '16', null), ('808', '306', '17', null), ('809', '306', '18', null), ('810', '306', '20', null), ('901', '325', '2', null), ('902', '325', '4', null), ('903', '325', '5', '1'), ('904', '325', '6', '1'), ('905', '325', '7', null), ('906', '325', '9', null), ('907', '325', '10', null), ('908', '325', '11', null), ('909', '325', '12', null), ('910', '325', '13', null), ('911', '325', '15', null), ('912', '325', '16', null), ('913', '325', '17', null), ('914', '325', '18', null), ('915', '325', '20', null), ('931', '327', '2', null), ('932', '327', '4', null), ('933', '327', '5', null), ('934', '327', '6', null), ('935', '327', '7', null), ('936', '327', '9', null), ('937', '327', '10', null), ('938', '327', '11', null), ('939', '327', '12', null), ('940', '327', '13', null), ('941', '327', '15', null), ('942', '327', '16', null), ('943', '327', '17', null), ('944', '327', '18', null), ('945', '327', '20', null), ('946', '328', '2', null), ('947', '328', '4', null), ('948', '328', '5', null), ('949', '328', '6', null), ('950', '328', '7', null), ('951', '328', '9', null), ('952', '328', '10', null), ('953', '328', '11', null), ('954', '328', '12', null), ('955', '328', '13', null), ('956', '328', '15', null), ('957', '328', '16', null), ('958', '328', '17', null), ('959', '328', '18', null), ('960', '328', '20', null), ('961', '329', '2', null), ('962', '329', '4', null), ('963', '329', '5', null), ('964', '329', '6', null), ('965', '329', '7', null), ('966', '329', '9', null), ('967', '329', '10', null), ('968', '329', '11', null), ('969', '329', '12', null), ('970', '329', '13', null), ('971', '329', '15', null), ('972', '329', '16', null), ('973', '329', '17', null), ('974', '329', '18', null), ('975', '329', '20', null);
COMMIT;

-- ----------------------------
-- Indexes structure for table APP_DAILY_INSPECT_FAULT
-- ----------------------------

-- ----------------------------
-- Indexes structure for table APP_REPAIR_WORK_LOG
-- ----------------------------

-- ----------------------------
-- Indexes structure for table APP_TOKEN
-- ----------------------------

-- ----------------------------
-- Indexes structure for table APP_USER
-- ----------------------------

-- ----------------------------
-- Indexes structure for table COUNTRY
-- ----------------------------

-- ----------------------------
-- Indexes structure for table DEVICE
-- ----------------------------

-- ----------------------------
-- Indexes structure for table DEVICE_PROPERTY
-- ----------------------------

-- ----------------------------
-- Indexes structure for table DEVICE_PROPERTY_LOG
-- ----------------------------

-- ----------------------------
-- Indexes structure for table DEVICE_REPAIR
-- ----------------------------

-- ----------------------------
-- Indexes structure for table DEVICE_WARNING
-- ----------------------------

-- ----------------------------
-- Indexes structure for table DEVICE_WARNING_LEVER
-- ----------------------------

-- ----------------------------
-- Indexes structure for table DEVICE_WARNING_RULE
-- ----------------------------

-- ----------------------------
-- Indexes structure for table LAYER
-- ----------------------------

-- ----------------------------
-- Indexes structure for table LAYER_DATA
-- ----------------------------

-- ----------------------------
-- Indexes structure for table LAYER_FUNCTION
-- ----------------------------

-- ----------------------------
-- Indexes structure for table LAYER_ICON
-- ----------------------------

-- ----------------------------
-- Indexes structure for table LAYER_ICON_STATUS
-- ----------------------------

-- ----------------------------
-- Indexes structure for table LAYER_ICONLIB
-- ----------------------------

-- ----------------------------
-- Indexes structure for table LAYER_ICONLIB_CLASS
-- ----------------------------

-- ----------------------------
-- Indexes structure for table LAYER_TEXT
-- ----------------------------

-- ----------------------------
-- Indexes structure for table SYS_CONFIG
-- ----------------------------

-- ----------------------------
-- Indexes structure for table SYS_MENU
-- ----------------------------

-- ----------------------------
-- Indexes structure for table SYS_MENU_DATA
-- ----------------------------

-- ----------------------------
-- Indexes structure for table SYS_OPERATING
-- ----------------------------

-- ----------------------------
-- Indexes structure for table SYS_OPERATING_LOG
-- ----------------------------

-- ----------------------------
-- Indexes structure for table SYS_TOKEN
-- ----------------------------

-- ----------------------------
-- Indexes structure for table SYS_USER
-- ----------------------------

-- ----------------------------
-- Indexes structure for table SYS_USER_MENU
-- ----------------------------
